Name,Name Variant,Associated Enslaver or Property,Date or Range,Location,Source Lead,Record Needed,Verification Status,Source Citation or URL,Source-Only Notes
Tommy Jones,Tommy; automated OCR may read Tony,Unresolved,1866,"Huntsville, Madison County, Alabama","Entry 287, Register of the Sick and Wounded; complaint appears to be intermittent fever.",Adjacent hospital-register pages; Freedmen's Bureau field-office records; 1867 voter registration; 1870 census.,Primary register entry verified; identity and Avalon relationship unverified.,"“Alabama, United States records,” FamilySearch image 94 of 1159, NARA, Image Group Number 007636371. https://www.familysearch.org/ark:/61903/3:1:3QSQ-G9LD-YS3K?view=fullText",Consecutive with four other Jones entries. Consecutive placement does not prove kinship.
Walter Jones,,Unresolved,1866,"Huntsville, Madison County, Alabama","Entry 288, Register of the Sick and Wounded; complaint appears to be intermittent fever.",Adjacent hospital-register pages; Freedmen's Bureau field-office records; 1867 voter registration; 1870 census.,Primary register entry verified; identity and Avalon relationship unverified.,"“Alabama, United States records,” FamilySearch image 94 of 1159, NARA, Image Group Number 007636371. https://www.familysearch.org/ark:/61903/3:1:3QSQ-G9LD-YS3K?view=fullText",Consecutive with four other Jones entries. Consecutive placement does not prove kinship.
John Morgan Jones,John Morgan Jones,Unresolved,1866,"Huntsville, Madison County, Alabama","Entry 289, Register of the Sick and Wounded; complaint appears to be intermittent fever.",Determine whether Morgan is a middle name or compound surname; adjacent hospital-register pages; Freedmen's Bureau records; voter registration; census.,Primary register entry verified; identity and Avalon relationship unverified.,"“Alabama, United States records,” FamilySearch image 94 of 1159, NARA, Image Group Number 007636371. https://www.familysearch.org/ark:/61903/3:1:3QSQ-G9LD-YS3K?view=fullText",Consecutive with four other Jones entries. Consecutive placement does not prove kinship.
Nettie Jones,Nettie Jones; handwriting slightly uncertain,Unresolved,1866,"Huntsville, Madison County, Alabama","Entry 290, Register of the Sick and Wounded; complaint appears to be intermittent fever.",Higher-resolution original or alternate image; adjacent hospital-register pages; Freedmen's Bureau records; census.,Primary register entry verified at probable reading; exact given-name spelling and Avalon relationship unverified.,"“Alabama, United States records,” FamilySearch image 94 of 1159, NARA, Image Group Number 007636371. https://www.familysearch.org/ark:/61903/3:1:3QSQ-G9LD-YS3K?view=fullText",Consecutive with four other Jones entries. Do not normalize the given name until independently confirmed.
John Jones,,Unresolved,1866,"Huntsville, Madison County, Alabama","Entry 291, Register of the Sick and Wounded; complaint recorded as pleurisy.",Adjacent hospital-register pages; Freedmen's Bureau records; 1867 voter registration; 1870 census; distinguish from all other John Jones candidates.,Primary register entry verified; identity and Avalon relationship unverified.,"“Alabama, United States records,” FamilySearch image 94 of 1159, NARA, Image Group Number 007636371. https://www.familysearch.org/ark:/61903/3:1:3QSQ-G9LD-YS3K?view=fullText",Consecutive with four other Jones entries. Shared surname alone is insufficient for any merge.
Tomietta Jones,Tomietta/Jonietta,Spouse of Columbus Jones,married by 2 Oct 1867,"3 mi NW of end of Athens Pike, Madison Co., AL","Named as spouse (""SPOUSE: Tomietta [Jones]"") in Columbus Jones's Freedman's Savings & Trust Co. signature-register account (per Rathbun abstract) entry, acct. #29, 2 Oct 1867.",Marriage record or Freedman's Bank/Bureau record for Columbus & Tomietta Jones; 1870/1880 census household listing.,"Unverified — new lead, not found in live enslaved database or proposed-source-rows CSV as of this review.","Rathbun, Names from Huntsville, Alabama (1986/1988 abstract of NARA M816, Huntsville Freedman's Savings & Trust Co. signature registers), CamScanner 7-17-26 13.27_9.pdf, acct. #29, p. 5","Proposed-source-rows.csv row 132 (Columbus Jones, Freedman's Bank source) already documents the same spouse as ""Tomietta/Jonietta"" — this register entry corroborates but does not add a new source; retained here as a directly-sourced lead from the CamScanner register page itself."
Elizabeth Jones,Elizabeth (child of Columbus),Daughter of Columbus & Tomietta Jones,age 16 as of 2 Oct 1867 (b. ca. 1851),"3 mi NW of end of Athens Pike, Madison Co., AL","Named as child (""CH: Elizabeth, 16"") in Columbus Jones's Freedman's Savings & Trust Co. signature-register account (per Rathbun abstract) entry, acct. #29, 2 Oct 1867.","Freedman's Bank/Bureau record, 1870/1880 census, or marriage record for Elizabeth Jones b. ca. 1851, Madison Co., AL.","Unverified — new lead. NOT the same person as the several other ""Elizabeth Jones"" entries already in the live database (row 140, sister of Columbus, and the 1820 emancipation-act ""Elizabeth"" mother of Shandy Wesley Jones, row 75/78) — different generation, different relationship. Do not merge.","Rathbun, Names from Huntsville, Alabama (1986/1988 abstract of NARA M816, Huntsville Freedman's Savings & Trust Co. signature registers), CamScanner 7-17-26 13.27_9.pdf, acct. #29, p. 5","Name collision caution: at least three distinct ""Elizabeth Jones""/""Elizabeth"" individuals appear across this family's records (Columbus's mother-generation sister ""Elizabeth,"" the 1820-act matriarch ""Elizabeth,"" and this child ""Elizabeth, 16""). Treated as separate per project's no-merge rule."
Nancy Jones,Nancy (child of Columbus),Daughter of Columbus & Tomietta Jones,age 14 as of 2 Oct 1867 (b. ca. 1853),"3 mi NW of end of Athens Pike, Madison Co., AL","Named as child (""CH: ... Nancy, 14"") in Columbus Jones's Freedman's Savings & Trust Co. signature-register account (per Rathbun abstract) entry, acct. #29, 2 Oct 1867.","Freedman's Bank/Bureau record, 1870/1880 census, or marriage record for Nancy Jones b. ca. 1853, Madison Co., AL.","Unverified — new lead. Distinct from ""Nancy Jones"" age 56 in the 1860 Slave Schedule (live database row 154, Limestone Co., G.H. Jones) — different age/generation/location; do not merge.","Rathbun, Names from Huntsville, Alabama (1986/1988 abstract of NARA M816, Huntsville Freedman's Savings & Trust Co. signature registers), CamScanner 7-17-26 13.27_9.pdf, acct. #29, p. 5","Name collision caution: multiple ""Nancy Jones"" individuals exist in the project's live data (age-56 1860 Limestone Co. entry; also a Nancy Jones tied to Marshall/Zachariah Jones SCC claim, rows 170–171). This entry (age 14 in 1867, Madison Co.) is kept separate per no-merge rule."
Paul Jones,Paul,Son of Columbus Jones,age 20 as of 2 Oct 1867 (b. ca. 1847),"3 mi NW of end of Athens Pike, Madison Co., AL","Named as child (""CH: ... Paul, 20"") in Columbus Jones's Freedman's Savings & Trust Co. signature-register account (per Rathbun abstract) entry, acct. #29, 2 Oct 1867.","Confirm against live database row 146 (Paul Jones, 1860 U.S. Federal Census - Slave Schedules) for same-individual match.","Likely duplicate of live database row 146 (""Paul, Jones"", 1860 Slave Schedule) — EXCLUDED from this leads sheet as a probable existing match; not re-added as a new row. Retained here as a source-only note, not a new lead line.","Rathbun, Names from Huntsville, Alabama (1986/1988 abstract of NARA M816, Huntsville Freedman's Savings & Trust Co. signature registers), CamScanner 7-17-26 13.27_9.pdf, acct. #29, p. 5","This row is informational only, documenting the cross-check; see deduplication log. Do not add as a distinct new leads-sheet row given the strong likely overlap with existing row 145."
John Wesley Jones,"John Wesley (child of Columbus, residing OH)",Son of Columbus & Tomietta Jones,age 8 as of 2 Oct 1867 (b. ca. 1859); residing Ohio at time of record,"In Ohio (removed from Madison Co., AL household)","Named as child (""CH: ... John Wesley, 8, In OH"") in Columbus Jones's Freedman's Savings & Trust Co. signature-register account (per Rathbun abstract) entry, acct. #29, 2 Oct 1867.",Ohio state/county vital or census records for a John Wesley Jones b. ca. 1859; possible connection to a relocated branch of the family.,"Unverified — new lead, not found in live enslaved database or proposed-source-rows CSV. NOT the same person as ""Shandy Wesley Jones"" (live database row 78) — different given name (John Wesley vs. Shandy Wesley), different generation (b. ca. 1859 vs. b. 1816), no known relation established. Do not merge on the shared ""Wesley"" middle name alone.","Rathbun, Names from Huntsville, Alabama (1986/1988 abstract of NARA M816, Huntsville Freedman's Savings & Trust Co. signature registers), CamScanner 7-17-26 13.27_9.pdf, acct. #29, p. 5","Flagged explicitly because of the shared ""Wesley"" name element with the well-documented Shandy Wesley Jones; the two are clearly different individuals (61-year age gap) and must not be conflated."
Eveline Jones,Eveline / Evaline,Sister of Columbus Jones; wife of Lee Jones,living as of 2 Oct 1867,"Resides near Columbus, Madison Co., AL","Named as sister (""SIS: Eveline, wf/o Lee Jones"") in Columbus Jones's Freedman's Savings & Trust Co. signature-register account (per Rathbun abstract) entry, acct. #29, 2 Oct 1867.","Marriage record for Eveline & Lee Jones, Madison Co., AL; Freedman's Bank/Bureau record.","Unverified — new lead. NOT confirmed to be the same person as ""Evalina"" (age 40, 1820 emancipation act, live database row 78) or ""Evalina"" (age 3, row 79, i.e. the sister of Shandy Wesley Jones born ca. 1817) — those are a different generation (Shandy Wesley Jones's own generation, b. ca. 1817/1780) versus Columbus's sister here (Columbus b. ca. 1827, so Eveline likely b. 1820s–1830s). Spelling variant ""Eveline"" vs. ""Evelina/Evalina"" also noted. Do not merge absent direct evidence.","Rathbun, Names from Huntsville, Alabama (1986/1988 abstract of NARA M816, Huntsville Freedman's Savings & Trust Co. signature registers), CamScanner 7-17-26 13.27_9.pdf, acct. #29, p. 5","Name-collision caution: ""Evelina/Evalina"" recurs across at least two generations of this family (the 1820 emancipation act's teenage Evelina, and this Columbus-generation Eveline). Kept separate per no-merge rule; possible research question for future connection but not asserted here."
Lee Jones,Lee,Husband of Eveline (Columbus Jones's sister),living as of 2 Oct 1867,"Resides near Columbus, Madison Co., AL","Named as brother-in-law (""wf/o Lee Jones"") in Columbus Jones's Freedman's Savings & Trust Co. signature-register account (per Rathbun abstract) entry, acct. #29, 2 Oct 1867.","Marriage or Freedman's Bank/Bureau record for Lee Jones, Madison Co., AL.","Unverified — new lead. Possibly, but not confirmed, the same ""Lee, Jones"" age 46 farmer in the live database's 1860 Slave Schedule (row 156, Limestone Co., value $300) — different county (Limestone vs. Madison) noted; treat as unresolved, do not merge without further evidence.","Rathbun, Names from Huntsville, Alabama (1986/1988 abstract of NARA M816, Huntsville Freedman's Savings & Trust Co. signature registers), CamScanner 7-17-26 13.27_9.pdf, acct. #29, p. 5",Flagged possible-but-unconfirmed match to live row 156; retained as a distinct new lead pending verification rather than merged.
Queen Ann Jones,"""Queen"" Ann",Sister of Columbus Jones; wife of Wesley Clifton,living as of 2 Oct 1867,"Resides near Columbus, Madison Co., AL","Named as sister (""SIS: ... Queen Ann, wf/o Wesley Clifton"") in Columbus Jones's Freedman's Savings & Trust Co. signature-register account (per Rathbun abstract) entry, acct. #29, 2 Oct 1867.","Marriage record for Queen Ann Jones & Wesley Clifton, Madison Co., AL.","Likely duplicate of live database row 142 (""'Queen' Ann, Jones"") — EXCLUDED from this leads sheet as an existing match; the new detail (husband ""Wesley Clifton"") is noted here as a source-only addendum, not a new leads-sheet row.","Rathbun, Names from Huntsville, Alabama (1986/1988 abstract of NARA M816, Huntsville Freedman's Savings & Trust Co. signature registers), CamScanner 7-17-26 13.27_9.pdf, acct. #29, p. 5","Informational only — the husband's name ""Wesley Clifton"" is new information not present in the live row 141 notes; flagged for potential enrichment of the existing live row rather than creation of a duplicate new row."
Wesley Clifton,Wesley,Husband of Queen Ann Jones (Columbus Jones's sister),living as of 2 Oct 1867,"Resides near Columbus, Madison Co., AL","Named as brother-in-law (""wf/o Wesley Clifton"") in Columbus Jones's Freedman's Savings & Trust Co. signature-register account (per Rathbun abstract) entry, acct. #29, 2 Oct 1867.","Marriage or Freedman's Bank/Bureau record for Wesley Clifton, Madison Co., AL.","Unverified — new lead, not found in live enslaved database or proposed-source-rows CSV.","Rathbun, Names from Huntsville, Alabama (1986/1988 abstract of NARA M816, Huntsville Freedman's Savings & Trust Co. signature registers), CamScanner 7-17-26 13.27_9.pdf, acct. #29, p. 5",
Mary Lee Jones,Mary Lee,Sister of Columbus Jones; wife of John Mitchell,living as of 2 Oct 1867,"Resides near Columbus, Madison Co., AL","Named as sister (""SIS: ... Mary Lee, wf/o John Mitchell"") in Columbus Jones's Freedman's Savings & Trust Co. signature-register account (per Rathbun abstract) entry, acct. #29, 2 Oct 1867.","Marriage record for Mary Lee Jones & John Mitchell, Madison Co., AL.","Likely duplicate of live database row 145 (""Mary Lee, Jones"") — EXCLUDED from this leads sheet as an existing match; the new detail (husband ""John Mitchell"") is noted here as a source-only addendum, not a new leads-sheet row.","Rathbun, Names from Huntsville, Alabama (1986/1988 abstract of NARA M816, Huntsville Freedman's Savings & Trust Co. signature registers), CamScanner 7-17-26 13.27_9.pdf, acct. #29, p. 5","Informational only — husband's name ""John Mitchell"" is new information not present in live row 144's (blank) notes; flagged for potential enrichment of the existing live row."
John Mitchell,John,Husband of Mary Lee Jones (Columbus Jones's sister),living as of 2 Oct 1867,"Resides near Columbus, Madison Co., AL","Named as brother-in-law (""wf/o ... John Mitchell"") in Columbus Jones's Freedman's Savings & Trust Co. signature-register account (per Rathbun abstract) entry, acct. #29, 2 Oct 1867.","Marriage or Freedman's Bank/Bureau record for John Mitchell, Madison Co., AL.","Unverified — new lead, not found in live enslaved database or proposed-source-rows CSV.","Rathbun, Names from Huntsville, Alabama (1986/1988 abstract of NARA M816, Huntsville Freedman's Savings & Trust Co. signature registers), CamScanner 7-17-26 13.27_9.pdf, acct. #29, p. 5",
Isabella Jones,Isabella,Sister of Columbus Jones; wife of Jim Scruggs,living as of 2 Oct 1867,"7 mi from town [Huntsville], Madison Co., AL","Named as sister (""SIS: ... Isabella, wf/o Jim Scruggs, 7 mi from town"") in Columbus Jones's Freedman's Savings & Trust Co. signature-register account (per Rathbun abstract) entry, acct. #29, 2 Oct 1867.","Marriage record for Isabella Jones & Jim Scruggs, Madison Co., AL.","Likely duplicate of live database row 143 (""Isabella, Jones"") and proposed-source-rows.csv row 143 (Isabella Jones, husband's given name illegible/unconfirmed) — EXCLUDED from this leads sheet as an existing match; the register's clearer reading of the husband's given name (""Jim"" Scruggs, vs. proposed row 143's ""illegible"") is noted here as a source-only addendum.","Rathbun, Names from Huntsville, Alabama (1986/1988 abstract of NARA M816, Huntsville Freedman's Savings & Trust Co. signature registers), CamScanner 7-17-26 13.27_9.pdf, acct. #29, p. 5","Informational only — this register page gives a clearer reading (""Jim Scruggs"") than the previously flagged illegible name in proposed row 143; flagged for potential enrichment of the existing live/proposed entries, not a new row. Per the existing proposed-row-143 caution, still do not assume kinship from the Scruggs surname alone beyond this marriage."
Jim Scruggs,Jim,Husband of Isabella Jones (Columbus Jones's sister),living as of 2 Oct 1867,"7 mi from town [Huntsville], Madison Co., AL","Named as brother-in-law (""wf/o Jim Scruggs"") in Columbus Jones's Freedman's Savings & Trust Co. signature-register account (per Rathbun abstract) entry, acct. #29, 2 Oct 1867.","Marriage or Freedman's Bank/Bureau record for Jim Scruggs, Madison Co., AL.","Unverified — new lead, not found in live enslaved database or proposed-source-rows CSV. Note: a separate ""James Scruggs"" appears independently in this same register (acct. #233, p.30, file 13.27_19) as parents Ephram & Sarah Scruggs — not confirmed to be the same individual as this ""Jim Scruggs""; treat as unresolved, do not merge.","Rathbun, Names from Huntsville, Alabama (1986/1988 abstract of NARA M816, Huntsville Freedman's Savings & Trust Co. signature registers), CamScanner 7-17-26 13.27_9.pdf, acct. #29, p. 5","Name-collision caution: ""Jim/James Scruggs"" could refer to more than one person in this register; kept as separate unresolved leads (see also James Scruggs, acct. #233, this sheet)."
Elizabeth Jones (wife of Jerry McCauley),Elizabeth,Sister of Columbus Jones; wife of Jerry McCauley,living as of 2 Oct 1867,"3 mi N [of Huntsville], Madison Co., AL","Named as sister (""SIS: ... Elizabeth, wf/o Jerry McCauley, 3 mi N"") in Columbus Jones's Freedman's Savings & Trust Co. signature-register account (per Rathbun abstract) entry, acct. #29, 2 Oct 1867.","Marriage record for Elizabeth Jones & Jerry McCauley, Madison Co., AL.","Unverified — new lead. NOT the same person as live database row 141 (""Elizabeth, Jones"", no other detail) or row 76 (""Elizabeth"", ""llewellen's Lover"", 1820-act matriarch) — this register explicitly lists TWO different sisters both named Elizabeth (one wf/o Jerry McCauley, one separately noted as deceased), so even within this single entry the name is not unique. Do not merge with any other Elizabeth Jones record without further evidence.","Rathbun, Names from Huntsville, Alabama (1986/1988 abstract of NARA M816, Huntsville Freedman's Savings & Trust Co. signature registers), CamScanner 7-17-26 13.27_9.pdf, acct. #29, p. 5","Name-collision caution: this single register entry itself names two different women called ""Elizabeth [Jones]"" among Columbus's sisters (this one, living, wife of Jerry McCauley; and a second, deceased — see next row). Kept as two separate leads plus distinguished from all other Elizabeth Jones entries elsewhere in the project."
Jerry McCauley,Jerry,Husband of Elizabeth Jones (Columbus Jones's sister),living as of 2 Oct 1867,"3 mi N [of Huntsville], Madison Co., AL","Named as brother-in-law (""wf/o Jerry McCauley"") in Columbus Jones's Freedman's Savings & Trust Co. signature-register account (per Rathbun abstract) entry, acct. #29, 2 Oct 1867.","Marriage or Freedman's Bank/Bureau record for Jerry McCauley, Madison Co., AL.","Unverified — new lead, not found in live enslaved database or proposed-source-rows CSV. Possible family connection to ""Gaylan McCauley"" and son ""Aleck McCauley"" named in a different, unrelated register entry on the same page (file 13.27_9, preceding entry, surname illegible/BRO-SIS list) — not confirmed, flagged only as a research question.","Rathbun, Names from Huntsville, Alabama (1986/1988 abstract of NARA M816, Huntsville Freedman's Savings & Trust Co. signature registers), CamScanner 7-17-26 13.27_9.pdf, acct. #29, p. 5",
Elizabeth Jones (deceased sister of Columbus),Elizabeth (decd.),Sister of Columbus Jones,deceased by 2 Oct 1867,"Madison Co., AL (last known)","Named as sister (""SIS: ... Elizabeth [Jones] (decd)"") in Columbus Jones's Freedman's Savings & Trust Co. signature-register account (per Rathbun abstract) entry, acct. #29, 2 Oct 1867 — listed separately from the living sister Elizabeth, wife of Jerry McCauley.","Death/probate record for an Elizabeth Jones, Madison Co., AL, d. before Oct. 1867.","Unverified — new lead. Explicitly a DIFFERENT, unresolved Elizabeth from (a) the living sister ""Elizabeth, wf/o Jerry McCauley"" named in the same entry, (b) live database row 141 ""Elizabeth, Jones,"" and (c) live database row 76 ""Elizabeth"" (1820 emancipation-act matriarch, mother of Shandy Wesley Jones) — at least four distinct ""Elizabeth Jones""/""Elizabeth"" individuals now documented across this family's records. Do not merge any of these.","Rathbun, Names from Huntsville, Alabama (1986/1988 abstract of NARA M816, Huntsville Freedman's Savings & Trust Co. signature registers), CamScanner 7-17-26 13.27_9.pdf, acct. #29, p. 5",Name-collision caution: the most name-collision-prone individual in this entire family's records. Kept fully separate from all other Elizabeth entries per the project's no-merge rule.
Shandy Jones — identity and death chronology unresolved,"Shandy (Columbus's brother, deceased by 1867)","Brother of Columbus Jones (parents: father Turner Moore, mother Eliza Jones)",Reported deceased by 2 Oct 1867; conflicts with records of a Black Shandy Jones alive in 1867 and legislator Shandy Wesley Jones alive in 1868–1870,"Madison Co., AL (last known, per Columbus Jones's household)","Named as one of three deceased brothers (""BRO: ... Wade, Shandy, David [Jones], all 3 decd"") in Columbus Jones's Freedman's Savings & Trust Co. signature-register account (per Rathbun abstract) entry, acct. #29, 2 Oct 1867.","Original Freedman’s Bank image and punctuation; 1867 voter-registration image; 1868–1870 legislative records; Mobile death register, obituary, cemetery, probate, city directories, spouse and children records; compare identity markers rather than assuming two people",CONFLICTING PRIMARY EVIDENCE — identity and death date reopened; not merged and not declared a different person,"U.S., Freedman’s Bank Records, Huntsville account of Columbus Jones, 2 Oct. 1867, Ancestry record 199984: https://www.ancestry.com/search/collections/8755/records/199984 ; Rathbun abstract, Names from Huntsville, Alabama, acct. 29, p. 5","The account identifies Columbus’s parents as Turner Moore and Eliza Jones and reports brothers Wade, Shandy, and David as dead, but the exact punctuation and scope of the death notation require inspection of the original. The user has specifically questioned the accepted Shandy death date. Do not use 1886 versus 1867 alone to force a two-person conclusion; test voter, legislative, Mobile, family, and death records together."
Linzey Jones,Linzey,"Son of Nathan & Sallie Jones; brother of a ""Columbus [Jones]"" (unresolved, likely different Columbus)",age 13 as of 23 Aug 1869 (b. ca. 1856),"Huntsville, Madison Co., AL (birthplace Georgia)","Register entry (""JONES Linzey ns; 41; 327; 23 Aug 1869; age 13; yellow""), parents father Nathan, mother Sallie Jones, brother Columbus [Jones], sister Louisa Jones.","Freedman's Bank/Bureau or census record for Linzey Jones, Nathan Jones, and Sallie Jones, Madison Co., AL.","Unverified — new lead, not found in live enslaved database or proposed-source-rows CSV.","Rathbun, Names from Huntsville, Alabama (1986/1988 abstract of NARA M816, Huntsville Freedman's Savings & Trust Co. signature registers), CamScanner 7-17-26 13.27_14.pdf, acct. #327, p. 41","Names a brother ""Columbus [Jones]"" — explicitly flagged as an UNRESOLVED, likely DIFFERENT Columbus from acct. #29's Columbus Jones (whose parents are Turner Moore & Eliza Jones, not Nathan & Sallie). Do not merge these two Columbus Joneses."
Louisa Jones,Louisa,Sister of Linzey Jones; daughter of Nathan & Sallie Jones,living as of 23 Aug 1869,"Huntsville, Madison Co., AL","Named as sister (""SIS, 1: Louisa Jones"") in Linzey Jones's Freedman's Savings & Trust Co. signature-register account (per Rathbun abstract) entry, acct. #327, 23 Aug 1869.","Freedman's Bank/Bureau or census record for Louisa Jones, Madison Co., AL.","Unverified — new lead, not found in live enslaved database or proposed-source-rows CSV.","Rathbun, Names from Huntsville, Alabama (1986/1988 abstract of NARA M816, Huntsville Freedman's Savings & Trust Co. signature registers), CamScanner 7-17-26 13.27_14.pdf, acct. #327, p. 41",
Nathan Jones,Nathan,"Father of Linzey, Columbus (unresolved), and Louisa Jones","living or deceased status not stated, as of 23 Aug 1869","Madison Co., AL (household of record)","Named as father (""PAR: fa Nathan"") in Linzey Jones's Freedman's Savings & Trust Co. signature-register account (per Rathbun abstract) entry, acct. #327, 23 Aug 1869.","Freedman's Bank/Bureau or census record for Nathan Jones, Madison Co., AL.","Unverified — new lead, not found in live enslaved database or proposed-source-rows CSV.","Rathbun, Names from Huntsville, Alabama (1986/1988 abstract of NARA M816, Huntsville Freedman's Savings & Trust Co. signature registers), CamScanner 7-17-26 13.27_14.pdf, acct. #327, p. 41",
Sallie Jones,Salle/Sallie,"Mother of Linzey, Columbus (unresolved), and Louisa Jones","living or deceased status not stated, as of 23 Aug 1869","Madison Co., AL (household of record)","Named as mother (""mo Salle (Jones)"") in Linzey Jones's Freedman's Savings & Trust Co. signature-register account (per Rathbun abstract) entry, acct. #327, 23 Aug 1869.","Freedman's Bank/Bureau or census record for Sallie Jones, Madison Co., AL.","Unverified — new lead, not found in live enslaved database or proposed-source-rows CSV.","Rathbun, Names from Huntsville, Alabama (1986/1988 abstract of NARA M816, Huntsville Freedman's Savings & Trust Co. signature registers), CamScanner 7-17-26 13.27_14.pdf, acct. #327, p. 41",
Lucion Jones,Lucion,Son of Rolley Jones & Gilley Jones,acct. dated 12 Jun 1868,"Brickle (residence), Madison Co., AL","Register entry (""JONES Lucion sg; 15; 112; 12 Jun 1868; black""), parents father Rolley Jones (living), mother Gilley Jones; occupation porter; brothers William, John Henry, Daniel B, Washington Jones (all res. Madison Co.); sister Lucy Jones (res. Madison Co.).","Freedman's Bank/Bureau or census record for Lucion Jones and siblings, Madison Co., AL.","Unverified — new lead, not found in live enslaved database or proposed-source-rows CSV.","Rathbun, Names from Huntsville, Alabama (1986/1988 abstract of NARA M816, Huntsville Freedman's Savings & Trust Co. signature registers), CamScanner 7-17-26 13.27_6.pdf / _16.pdf (duplicate scan), acct. #112, p. 15",Entry appears identically on two duplicate-scanned pages (files 13.27_6.pdf and 13.27_16.pdf) of the same underlying register page; counted once.
Rolley Jones,Rolley,Father of Lucion Jones,living as of 12 Jun 1868,"Madison Co., AL","Named as father (""fa Rolley Jones, living"") in Lucion Jones's Freedman's Savings & Trust Co. signature-register account (per Rathbun abstract) entry, acct. #112, 12 Jun 1868.","Freedman's Bank/Bureau or census record for Rolley Jones, Madison Co., AL.","Unverified — new lead, not found in live enslaved database or proposed-source-rows CSV.","Rathbun, Names from Huntsville, Alabama (1986/1988 abstract of NARA M816, Huntsville Freedman's Savings & Trust Co. signature registers), CamScanner 7-17-26 13.27_6.pdf / _16.pdf (duplicate scan), acct. #112, p. 15",
Gilley Jones,Gilley,Mother of Lucion Jones,"status not stated, as of 12 Jun 1868","Madison Co., AL","Named as mother (""mo Gilley Jones"") in Lucion Jones's Freedman's Savings & Trust Co. signature-register account (per Rathbun abstract) entry, acct. #112, 12 Jun 1868.","Freedman's Bank/Bureau or census record for Gilley Jones, Madison Co., AL.","Unverified — new lead, not found in live enslaved database or proposed-source-rows CSV.","Rathbun, Names from Huntsville, Alabama (1986/1988 abstract of NARA M816, Huntsville Freedman's Savings & Trust Co. signature registers), CamScanner 7-17-26 13.27_6.pdf / _16.pdf (duplicate scan), acct. #112, p. 15",
William Jones,William (brother of Lucion),Brother of Lucion Jones,"resides Madison Co., AL, as of 12 Jun 1868","Madison Co., AL","Named as brother (""BRO: William, John Henry, Daniel B, Washington [Jones]"") in Lucion Jones's Freedman's Savings & Trust Co. signature-register account (per Rathbun abstract) entry, acct. #112, 12 Jun 1868.","Freedman's Bank/Bureau or census record for William Jones, Madison Co., AL.","Unverified — new lead. Common given name; NOT confirmed to be the same as any other ""William Jones"" elsewhere in the project's records. Do not merge.","Rathbun, Names from Huntsville, Alabama (1986/1988 abstract of NARA M816, Huntsville Freedman's Savings & Trust Co. signature registers), CamScanner 7-17-26 13.27_6.pdf / _16.pdf (duplicate scan), acct. #112, p. 15","Name-collision caution: ""William Jones"" is a common name; kept unresolved/separate from any other William Jones entries."
John Henry Jones,John Henry,Brother of Lucion Jones,"resides Madison Co., AL, as of 12 Jun 1868","Madison Co., AL","Named as brother in Lucion Jones's Freedman's Savings & Trust Co. signature-register account (per Rathbun abstract) entry, acct. #112, 12 Jun 1868.","Freedman's Bank/Bureau or census record for John Henry Jones, Madison Co., AL.","Unverified — new lead, not found in live enslaved database or proposed-source-rows CSV.","Rathbun, Names from Huntsville, Alabama (1986/1988 abstract of NARA M816, Huntsville Freedman's Savings & Trust Co. signature registers), CamScanner 7-17-26 13.27_6.pdf / _16.pdf (duplicate scan), acct. #112, p. 15",
Daniel B Jones,Daniel B,Brother of Lucion Jones,"resides Madison Co., AL, as of 12 Jun 1868","Madison Co., AL","Named as brother in Lucion Jones's Freedman's Savings & Trust Co. signature-register account (per Rathbun abstract) entry, acct. #112, 12 Jun 1868.","Freedman's Bank/Bureau or census record for Daniel B Jones, Madison Co., AL.","Unverified — new lead, not found in live enslaved database or proposed-source-rows CSV.","Rathbun, Names from Huntsville, Alabama (1986/1988 abstract of NARA M816, Huntsville Freedman's Savings & Trust Co. signature registers), CamScanner 7-17-26 13.27_6.pdf / _16.pdf (duplicate scan), acct. #112, p. 15",
Washington Jones,Washington,Brother of Lucion Jones,"resides Madison Co., AL, as of 12 Jun 1868","Madison Co., AL","Named as brother in Lucion Jones's Freedman's Savings & Trust Co. signature-register account (per Rathbun abstract) entry, acct. #112, 12 Jun 1868.","Freedman's Bank/Bureau or census record for Washington Jones, Madison Co., AL.","Unverified — new lead, not found in live enslaved database or proposed-source-rows CSV.","Rathbun, Names from Huntsville, Alabama (1986/1988 abstract of NARA M816, Huntsville Freedman's Savings & Trust Co. signature registers), CamScanner 7-17-26 13.27_6.pdf / _16.pdf (duplicate scan), acct. #112, p. 15",
Lucy Jones,Lucy (sister of Lucion),Sister of Lucion Jones,"resides Madison Co., AL, as of 12 Jun 1868","Madison Co., AL","Named as sister (""SIS: Lucy [Jones], res Madison Co AL"") in Lucion Jones's Freedman's Savings & Trust Co. signature-register account (per Rathbun abstract) entry, acct. #112, 12 Jun 1868.","Freedman's Bank/Bureau or census record for Lucy Jones, Madison Co., AL.","Unverified — new lead. Common given name; NOT confirmed to be the same as ""Lucy"" (live database row 100, 1841 Deed of Gift) or ""Lucy Strong"" (live database row 77, Shandy Wesley Jones's wife) or ""Lucy Ann Jones"" (row 147). Do not merge.","Rathbun, Names from Huntsville, Alabama (1986/1988 abstract of NARA M816, Huntsville Freedman's Savings & Trust Co. signature registers), CamScanner 7-17-26 13.27_6.pdf / _16.pdf (duplicate scan), acct. #112, p. 15","Name-collision caution: at least three other ""Lucy""-named individuals already exist in the project's live/proposed data; this one kept fully separate."
Rev. Hampton Jones,Hampton,Preacher; husband of Maria Louisa Jones,acct. dated 16 Apr 1868,"3 mi from Huntsville, Madison Co., AL (McDanel plantation)","Register entry (""JONES Rev Hampton gs; 13; 99; 16 Apr 1868; yellow""), father deceased, mother living (unnamed), spouse Maria Louisa Jones, children Jery, Cemey, Siler, Jim, Mary Jones and stepson Jim Hunley (Maria's son); occupation farmer and preacher, McDanel plantation; birthplace North Carolina.","Freedman's Bank/Bureau or church record for Rev. Hampton Jones, Madison Co., AL.","Unverified — new lead, not found in live enslaved database or proposed-source-rows CSV.","Rathbun, Names from Huntsville, Alabama (1986/1988 abstract of NARA M816, Huntsville Freedman's Savings & Trust Co. signature registers), CamScanner 7-17-26 13.27_7.pdf, acct. #99, p. 13",
Maria Louisa Jones,Maria Louisa,Wife of Rev. Hampton Jones,living as of 16 Apr 1868,"3 mi from Huntsville, Madison Co., AL","Named as spouse (""SPOUSE: Marla Loulsia Jones"" [OCR garble for Maria Louisa]) in Rev. Hampton Jones's Freedman's Savings & Trust Co. signature-register account (per Rathbun abstract) entry, acct. #99, 16 Apr 1868.","Freedman's Bank/Bureau or church record for Maria Louisa Jones, Madison Co., AL.","Unverified — new lead, not found in live enslaved database or proposed-source-rows CSV.","Rathbun, Names from Huntsville, Alabama (1986/1988 abstract of NARA M816, Huntsville Freedman's Savings & Trust Co. signature registers), CamScanner 7-17-26 13.27_7.pdf, acct. #99, p. 13",
Woodson Jones,Woodson,Son of David Jones (deceased) & Mahala Jones,age 22 as of 24 Dec 1867 (b. ca. 1845),"Trianna, AL (birthplace); Huntsville, AL / transferred from Memphis, TN (residence)","Register entry (""JONES Woodson sx; 11; 78; 24 Dec 1867; age 22; brown""), father David Jones (deceased, Trianna), mother Mahala Jones (res. Huntsville), occupation cook at Washington House, Memphis; sisters Ellon, Emily Mae, Adeline Jones (all res. Huntsville).","Freedman's Bank/Bureau or census record for Woodson Jones, David Jones, and Mahala Jones, Madison Co., AL / Trianna, AL.","Unverified — new lead, not found in live enslaved database or proposed-source-rows CSV.","Rathbun, Names from Huntsville, Alabama (1986/1988 abstract of NARA M816, Huntsville Freedman's Savings & Trust Co. signature registers), CamScanner 7-17-26 13.27_11.pdf / _15.pdf (duplicate scan), acct. #78, p. 11",Entry appears identically on two duplicate-scanned pages (files 13.27_11.pdf and 13.27_15.pdf) of the same underlying register page; counted once.
David Jones (father of Woodson),David,"Father of Woodson, Ellon, Emily Mae, and Adeline Jones",deceased by 24 Dec 1867,"Trianna, AL","Named as father (""fa David [Jones], d Trianna"") in Woodson Jones's Freedman's Savings & Trust Co. signature-register account (per Rathbun abstract) entry, acct. #78, 24 Dec 1867.","Death record for David Jones, Trianna, AL.","Unverified — new lead. NOT confirmed to be the same ""David Jones"" as live database row 139 (David Jones, deceased brother of Columbus Jones, per acct. #29) — different parents/family context; treat as unresolved, do not merge.","Rathbun, Names from Huntsville, Alabama (1986/1988 abstract of NARA M816, Huntsville Freedman's Savings & Trust Co. signature registers), CamScanner 7-17-26 13.27_11.pdf / _15.pdf (duplicate scan), acct. #78, p. 11","Name-collision caution: a second, distinct ""David Jones"" already exists in the live database (row 138, Columbus Jones's deceased brother) — this Trianna-based David Jones (Woodson's father) is kept separate per no-merge rule."
Mahala Jones,Mahala,"Mother of Woodson, Ellon, Emily Mae, and Adeline Jones","resides Huntsville, AL, as of 24 Dec 1867","Huntsville, AL","Named as mother (""mo Mahala (Jones], res Huntsville"") in Woodson Jones's Freedman's Savings & Trust Co. signature-register account (per Rathbun abstract) entry, acct. #78, 24 Dec 1867.","Freedman's Bank/Bureau or census record for Mahala Jones, Huntsville, AL.","Unverified — new lead, not found in live enslaved database or proposed-source-rows CSV.","Rathbun, Names from Huntsville, Alabama (1986/1988 abstract of NARA M816, Huntsville Freedman's Savings & Trust Co. signature registers), CamScanner 7-17-26 13.27_11.pdf / _15.pdf (duplicate scan), acct. #78, p. 11",
Ellon Jones,Ellon,Sister of Woodson Jones,"resides Huntsville, AL, as of 24 Dec 1867","Huntsville, AL","Named as sister in Woodson Jones's Freedman's Savings & Trust Co. signature-register account (per Rathbun abstract) entry, acct. #78, 24 Dec 1867.","Freedman's Bank/Bureau or census record for Ellon Jones, Huntsville, AL.","Unverified — new lead, not found in live enslaved database or proposed-source-rows CSV.","Rathbun, Names from Huntsville, Alabama (1986/1988 abstract of NARA M816, Huntsville Freedman's Savings & Trust Co. signature registers), CamScanner 7-17-26 13.27_11.pdf / _15.pdf (duplicate scan), acct. #78, p. 11",
Emily Mae Jones,Emily Mae,Sister of Woodson Jones,"resides Huntsville, AL, as of 24 Dec 1867","Huntsville, AL","Named as sister in Woodson Jones's Freedman's Savings & Trust Co. signature-register account (per Rathbun abstract) entry, acct. #78, 24 Dec 1867.","Freedman's Bank/Bureau or census record for Emily Mae Jones, Huntsville, AL.","Unverified — new lead. NOT confirmed to be the same as ""Emily"" (live database row 125, 1856 Talbot Co., GA sheriff's sale, age 12 in 1856) — different context/date; do not merge.","Rathbun, Names from Huntsville, Alabama (1986/1988 abstract of NARA M816, Huntsville Freedman's Savings & Trust Co. signature registers), CamScanner 7-17-26 13.27_11.pdf / _15.pdf (duplicate scan), acct. #78, p. 11","Name-collision caution kept separate from live row 124's ""Emily."""
Adeline Jones,Adeline,Sister of Woodson Jones,"resides Huntsville, AL, as of 24 Dec 1867","Huntsville, AL","Named as sister in Woodson Jones's Freedman's Savings & Trust Co. signature-register account (per Rathbun abstract) entry, acct. #78, 24 Dec 1867.","Freedman's Bank/Bureau or census record for Adeline Jones, Huntsville, AL.","Unverified — new lead. NOT confirmed to be the same as ""Adaline"" (live database row 127, 1856 Talbot Co., GA sheriff's sale) or the ""Adeline Jones"" co-residing with Columbus Jones in the 1860 Tuscaloosa census (per proposed-source-rows.csv row 132) — different contexts; treat as unresolved, do not merge.","Rathbun, Names from Huntsville, Alabama (1986/1988 abstract of NARA M816, Huntsville Freedman's Savings & Trust Co. signature registers), CamScanner 7-17-26 13.27_11.pdf / _15.pdf (duplicate scan), acct. #78, p. 11","Name-collision caution: at least two other ""Adeline/Adaline"" individuals already exist in the project's live/proposed data; kept separate."
Levent Jones,Levent,Son of Gordon & Malinda Jones,age 27 as of 12 Nov 1868 (b. ca. 1841),"3½ mi from Huntsville, AL (Alick Jones plantation)","Register entry (""JONES Levent ns; 23; 179; 12 Nov 1868; age 27; black""), father Gordon, mother Malinda Jones, spouse Sarah Jones, two deceased children Alexander & William Gordon Jones, occupation farmer at Alick Jones's plantation; brother William Jones; USCT service, 12th Regt, Co D.","Freedman's Bank/Bureau, census, or USCT service record for Levent Jones, Madison Co., AL.","Unverified — new lead, not found in live enslaved database or proposed-source-rows CSV. Notably enslaved on ""Alick Jones"" plantation — possibly Alexander Pinckney Jones (""APJ""), the Avalon-adjacent enslaver family central to this research; flagged as a high-priority research connection, not yet confirmed.","Rathbun, Names from Huntsville, Alabama (1986/1988 abstract of NARA M816, Huntsville Freedman's Savings & Trust Co. signature registers), CamScanner 7-17-26 13.27_10.pdf / _18.pdf (duplicate scan), acct. #179, p. 23","Entry appears identically on two duplicate-scanned pages (files 13.27_10.pdf and 13.27_18.pdf); counted once. ""Alick Jones plant"" here may refer to Alexander Pinckney (APJ) Jones's plantation — a potentially significant direct link to the Avalon/APJ Jones research subject; recommend priority follow-up."
Gordon Jones,Gordon,Father of Levent Jones,"status not stated, as of 12 Nov 1868","Madison Co., AL","Named as father (""fa Gordon"") in Levent Jones's Freedman's Savings & Trust Co. signature-register account (per Rathbun abstract) entry, acct. #179, 12 Nov 1868.","Freedman's Bank/Bureau or census record for Gordon Jones, Madison Co., AL.","Unverified — new lead, not found in live enslaved database or proposed-source-rows CSV.","Rathbun, Names from Huntsville, Alabama (1986/1988 abstract of NARA M816, Huntsville Freedman's Savings & Trust Co. signature registers), CamScanner 7-17-26 13.27_10.pdf / _18.pdf (duplicate scan), acct. #179, p. 23",
Malinda Jones,Malinda,Mother of Levent Jones,"status not stated, as of 12 Nov 1868","Madison Co., AL","Named as mother (""mo Malinda [Jones]"") in Levent Jones's Freedman's Savings & Trust Co. signature-register account (per Rathbun abstract) entry, acct. #179, 12 Nov 1868.","Freedman's Bank/Bureau or census record for Malinda Jones, Madison Co., AL.","Unverified — new lead, not found in live enslaved database or proposed-source-rows CSV.","Rathbun, Names from Huntsville, Alabama (1986/1988 abstract of NARA M816, Huntsville Freedman's Savings & Trust Co. signature registers), CamScanner 7-17-26 13.27_10.pdf / _18.pdf (duplicate scan), acct. #179, p. 23",
Sarah Jones (wife of Levent),Sarah,Wife of Levent Jones,married by 12 Nov 1868,"3½ mi from Huntsville, AL","Named as spouse (""SPOUSE: Sarah Jones"") in Levent Jones's Freedman's Savings & Trust Co. signature-register account (per Rathbun abstract) entry, acct. #179, 12 Nov 1868.","Marriage or Freedman's Bank/Bureau record for Sarah Jones, Madison Co., AL.","Unverified — new lead. Common given name; NOT confirmed to be the same as any other ""Sarah Jones"" in the project's records (e.g., wife of Micle Turner, a different family, same register file 13.27_10). Do not merge.","Rathbun, Names from Huntsville, Alabama (1986/1988 abstract of NARA M816, Huntsville Freedman's Savings & Trust Co. signature registers), CamScanner 7-17-26 13.27_10.pdf / _18.pdf (duplicate scan), acct. #179, p. 23",Name-collision caution: kept separate from any other same-named Sarah Jones entries.
"Alexander Jones (child of Levent, deceased)",Alexander,Deceased son of Levent Jones,deceased by 12 Nov 1868,"3½ mi from Huntsville, AL","Named as deceased child (""CHIL: (2, decd) Alexander, William Gordon [Jones]"") in Levent Jones's Freedman's Savings & Trust Co. signature-register account (per Rathbun abstract) entry, acct. #179, 12 Nov 1868.","Death record for Alexander Jones, Madison Co., AL.","Unverified — new lead, not found in live enslaved database or proposed-source-rows CSV.","Rathbun, Names from Huntsville, Alabama (1986/1988 abstract of NARA M816, Huntsville Freedman's Savings & Trust Co. signature registers), CamScanner 7-17-26 13.27_10.pdf / _18.pdf (duplicate scan), acct. #179, p. 23",
"William Gordon Jones (child of Levent, deceased)",William Gordon,Deceased son of Levent Jones,deceased by 12 Nov 1868,"3½ mi from Huntsville, AL","Named as deceased child (""CHIL: (2, decd) Alexander, William Gordon [Jones]"") in Levent Jones's Freedman's Savings & Trust Co. signature-register account (per Rathbun abstract) entry, acct. #179, 12 Nov 1868.","Death record for William Gordon Jones, Madison Co., AL.","Unverified — new lead, not found in live enslaved database or proposed-source-rows CSV.","Rathbun, Names from Huntsville, Alabama (1986/1988 abstract of NARA M816, Huntsville Freedman's Savings & Trust Co. signature registers), CamScanner 7-17-26 13.27_10.pdf / _18.pdf (duplicate scan), acct. #179, p. 23",
William Jones (brother of Levent),William,Brother of Levent Jones,"status not stated, as of 12 Nov 1868","Madison Co., AL","Named as brother (""BRO: (1) William Jones"") in Levent Jones's Freedman's Savings & Trust Co. signature-register account (per Rathbun abstract) entry, acct. #179, 12 Nov 1868.","Freedman's Bank/Bureau or census record for William Jones, Madison Co., AL.","Unverified — new lead. Common given name; NOT confirmed to be the same as the ""William Jones"" named as Lucion Jones's brother (acct. #112) or any other William Jones in the project. Do not merge.","Rathbun, Names from Huntsville, Alabama (1986/1988 abstract of NARA M816, Huntsville Freedman's Savings & Trust Co. signature registers), CamScanner 7-17-26 13.27_10.pdf / _18.pdf (duplicate scan), acct. #179, p. 23","Name-collision caution: at least one other ""William Jones"" (Lucion's brother, acct. #112) appears in this same register; kept separate absent evidence of identity."
John W Jones,John W,Son of Abner & Kitty Jones; widower of Sophronia Jones,age ca. 47 as of 15 Mar 1869,"Greenbottom Inn, Madison Co., AL (birthplace); near Huntsville (residence)","Register entry (""JONES John W ns; 30; 234; 15 Mar 1869; age 47?; yellow""), father Abner, mother Kitty Jones, wife Sophronia Jones (deceased), children Joe & Jessee Jones, occupation carpenter; brother Jim Jones; sister Mary Jones (resides with him).","Freedman's Bank/Bureau or census record for John W Jones, Madison Co., AL.","Unverified — new lead, not found in live enslaved database or proposed-source-rows CSV. Possible connection to ""Kity/Kitty Jones"" (acct. #339, this same register, this sheet) as same mother — not confirmed, flagged as a research question given the shared name and Huntsville-area location.","Rathbun, Names from Huntsville, Alabama (1986/1988 abstract of NARA M816, Huntsville Freedman's Savings & Trust Co. signature registers), CamScanner 7-17-26 13.27_19.pdf, acct. #234, p. 30","Possible mother-match to ""Kity Jones"" acct. #339 (this sheet) flagged as an open research question, not asserted as fact."
Abner Jones,Abner,Father of John W Jones,"status not stated, as of 15 Mar 1869","Greenbottom Inn, Madison Co., AL","Named as father (""fa Abner"") in John W Jones's Freedman's Savings & Trust Co. signature-register account (per Rathbun abstract) entry, acct. #234, 15 Mar 1869.","Freedman's Bank/Bureau or census record for Abner Jones, Madison Co., AL.","Unverified — new lead, not found in live enslaved database or proposed-source-rows CSV.","Rathbun, Names from Huntsville, Alabama (1986/1988 abstract of NARA M816, Huntsville Freedman's Savings & Trust Co. signature registers), CamScanner 7-17-26 13.27_19.pdf, acct. #234, p. 30",
Kitty Jones (mother of John W),Kitty,Mother of John W Jones,"status not stated, as of 15 Mar 1869","Greenbottom Inn, Madison Co., AL","Named as mother (""mo Kitty (Jones)"") in John W Jones's Freedman's Savings & Trust Co. signature-register account (per Rathbun abstract) entry, acct. #234, 15 Mar 1869.","Freedman's Bank/Bureau or census record for Kitty Jones, Madison Co., AL.","Unverified — new lead. Possibly, but not confirmed, the same person as ""Kity Jones"" (acct. #339, age 75 in 1869, this sheet) — shared name and era make this plausible but unproven; do not merge without further evidence.","Rathbun, Names from Huntsville, Alabama (1986/1988 abstract of NARA M816, Huntsville Freedman's Savings & Trust Co. signature registers), CamScanner 7-17-26 13.27_19.pdf, acct. #234, p. 30","Name-collision caution: flagged as a possible-but-unconfirmed match to the separate ""Kity Jones"" register entry (acct. #339); kept as two separate leads."
Sophronia Jones,Sophronia,Deceased wife of John W Jones,deceased by 15 Mar 1869,"near Huntsville, Madison Co., AL","Named as spouse, deceased (""WIFE: Sophronia [Jones], decd"") in John W Jones's Freedman's Savings & Trust Co. signature-register account (per Rathbun abstract) entry, acct. #234, 15 Mar 1869.","Death record for Sophronia Jones, Madison Co., AL.","Unverified — new lead, not found in live enslaved database or proposed-source-rows CSV.","Rathbun, Names from Huntsville, Alabama (1986/1988 abstract of NARA M816, Huntsville Freedman's Savings & Trust Co. signature registers), CamScanner 7-17-26 13.27_19.pdf, acct. #234, p. 30",
Joe Jones,Joe,Son of John W Jones,"status not stated, as of 15 Mar 1869","near Huntsville, Madison Co., AL","Named as child (""CHIL: (2) Joe, Jessee [Jones]"") in John W Jones's Freedman's Savings & Trust Co. signature-register account (per Rathbun abstract) entry, acct. #234, 15 Mar 1869.","Freedman's Bank/Bureau or census record for Joe Jones, Madison Co., AL.","Unverified — new lead, not found in live enslaved database or proposed-source-rows CSV.","Rathbun, Names from Huntsville, Alabama (1986/1988 abstract of NARA M816, Huntsville Freedman's Savings & Trust Co. signature registers), CamScanner 7-17-26 13.27_19.pdf, acct. #234, p. 30",
Jessee Jones,Jessee,Son of John W Jones,"status not stated, as of 15 Mar 1869","near Huntsville, Madison Co., AL","Named as child (""CHIL: (2) Joe, Jessee [Jones]"") in John W Jones's Freedman's Savings & Trust Co. signature-register account (per Rathbun abstract) entry, acct. #234, 15 Mar 1869.","Freedman's Bank/Bureau or census record for Jessee Jones, Madison Co., AL.","Unverified — new lead, not found in live enslaved database or proposed-source-rows CSV.","Rathbun, Names from Huntsville, Alabama (1986/1988 abstract of NARA M816, Huntsville Freedman's Savings & Trust Co. signature registers), CamScanner 7-17-26 13.27_19.pdf, acct. #234, p. 30",
Jim Jones (brother of John W),Jim,Brother of John W Jones,"status not stated, as of 15 Mar 1869","Madison Co., AL","Named as brother (""BRO: (1) Jim (Jones)"") in John W Jones's Freedman's Savings & Trust Co. signature-register account (per Rathbun abstract) entry, acct. #234, 15 Mar 1869.","Freedman's Bank/Bureau or census record for Jim Jones, Madison Co., AL.","Unverified — new lead. Common given name; possibly, but not confirmed, related to ""Jim Scruggs"" (husband of Isabella Jones, this sheet) only by proximity of record — not asserted, do not merge.","Rathbun, Names from Huntsville, Alabama (1986/1988 abstract of NARA M816, Huntsville Freedman's Savings & Trust Co. signature registers), CamScanner 7-17-26 13.27_19.pdf, acct. #234, p. 30","Name-collision caution: common given name ""Jim""; kept separate from other Jim-named individuals in this register absent direct evidence."
Mary Jones (sister of John W),Mary,Sister of John W Jones,"resides with John W Jones, as of 15 Mar 1869","near Huntsville, Madison Co., AL","Named as sister (""SIS: (1) Mary [Jones], res w me"") in John W Jones's Freedman's Savings & Trust Co. signature-register account (per Rathbun abstract) entry, acct. #234, 15 Mar 1869.","Freedman's Bank/Bureau or census record for Mary Jones, Madison Co., AL.","Unverified — new lead. Common given name; NOT confirmed to be the same as ""Mary, Jones"" (live database row 107, 1812–1865, cemetery survey) or ""Mary Gibson"" (row 100) or any other Mary Jones in the project. Do not merge.","Rathbun, Names from Huntsville, Alabama (1986/1988 abstract of NARA M816, Huntsville Freedman's Savings & Trust Co. signature registers), CamScanner 7-17-26 13.27_19.pdf, acct. #234, p. 30","Name-collision caution: at least two other ""Mary Jones"" entries exist in the project's live data; kept separate."
Kity Jones,Kity/Kitty,Midwife; mother unnamed given name Teaner,age 75 as of 16 Sep 1869 (b. ca. 1794),"Huntsville, Madison Co., AL","Register entry (""JONES Kity ns; 42; 339; 16 Sep 1869; age 75; yellow""), mother Teaner, husband deceased, three living children Wesley, James, Mary Jones, birthplace Virginia, occupation midwife.","Freedman's Bank/Bureau or census record for Kity Jones, Huntsville, AL.","Unverified — new lead. Possibly, but not confirmed, the same person as ""Kitty Jones"" named as John W Jones's mother (acct. #234, this sheet) — flagged as an open research question, not merged.","Rathbun, Names from Huntsville, Alabama (1986/1988 abstract of NARA M816, Huntsville Freedman's Savings & Trust Co. signature registers), CamScanner 7-17-26 13.27_21.pdf, acct. #339, p. 42","Name-collision caution: see cross-reference note on ""Kitty Jones (mother of John W)"" row, this sheet; kept as two separate leads pending further evidence."
Wesley Jones (son of Kity),Wesley,Son of Kity Jones,living as of 16 Sep 1869,"Huntsville, Madison Co., AL","Named as child (""CH, 3 living: Wesley, James, Mary [Jones]"") in Kity Jones's Freedman's Savings & Trust Co. signature-register account (per Rathbun abstract) entry, acct. #339, 16 Sep 1869.","Freedman's Bank/Bureau or census record for Wesley Jones, Huntsville, AL.","Unverified — new lead. NOT confirmed to be, and given the age/generation gap almost certainly NOT, the same person as ""Shandy Wesley Jones"" (live database row 78) — different given name structure and no stated connection to mother Elizabeth/1820 emancipation act. Do not merge on the shared ""Wesley"" name element alone.","Rathbun, Names from Huntsville, Alabama (1986/1988 abstract of NARA M816, Huntsville Freedman's Savings & Trust Co. signature registers), CamScanner 7-17-26 13.27_21.pdf, acct. #339, p. 42","Flagged due to shared ""Wesley"" name element with Shandy Wesley Jones; treated as unrelated absent direct evidence."
James Jones (son of Kity),James,Son of Kity Jones,living as of 16 Sep 1869,"Huntsville, Madison Co., AL","Named as child in Kity Jones's Freedman's Savings & Trust Co. signature-register account (per Rathbun abstract) entry, acct. #339, 16 Sep 1869.","Freedman's Bank/Bureau or census record for James Jones, Huntsville, AL.","Unverified — new lead. Common given name; NOT confirmed to be the same as ""James Jones"" age 24 (live database row 155, 1860 Slave Schedule, Limestone Co.) — different county/context. Do not merge.","Rathbun, Names from Huntsville, Alabama (1986/1988 abstract of NARA M816, Huntsville Freedman's Savings & Trust Co. signature registers), CamScanner 7-17-26 13.27_21.pdf, acct. #339, p. 42",Name-collision caution: kept separate from live row 154's James Jones.
Mary Jones (daughter of Kity),Mary (daughter of Kity),Daughter of Kity Jones,living as of 16 Sep 1869,"Huntsville, Madison Co., AL","Named as child in Kity Jones's Freedman's Savings & Trust Co. signature-register account (per Rathbun abstract) entry, acct. #339, 16 Sep 1869.","Freedman's Bank/Bureau or census record for Mary Jones, Huntsville, AL.","Unverified — new lead. Common given name; NOT confirmed to be the same as any other Mary Jones already documented (see ""Mary Jones (sister of John W)"" row, this sheet, and live database row 107). Do not merge.","Rathbun, Names from Huntsville, Alabama (1986/1988 abstract of NARA M816, Huntsville Freedman's Savings & Trust Co. signature registers), CamScanner 7-17-26 13.27_21.pdf, acct. #339, p. 42",Name-collision caution: at least two other Mary Jones entries appear elsewhere in this same register/sheet; kept separate.
[Unidentified registrant] — son/daughter of Alice Jones,Unnamed (head of record not captured in OCR),Child of Alice Jones,"acct. dated on preceding, uncaptured page (context: ca. Jun 1868, adjacent to acct. #112)","near spring, Huntsville, Madison Co., AL","Truncated register entry (top of file 13.27_6.pdf/_16.pdf cuts off the registrant's own name/number); visible text: ""PAR: fa unk; mo Alice [Jones] CH: (6) Olivar, res Cincinnati; William 'Bill,' res Nashville; Charles and Burrell, res unk; Permelia, res Huntsville; baby [Jones]""; birthplace Virginia; occupation washing & ironing near a spring in Huntsville.",The preceding register page (not present in this file set) to identify the registrant's own name and register number; Freedman's Bank/Bureau or census record for Alice Jones and children.,Unverified — new lead; registrant's own identity NOT legible in the available scan. Recorded here as a family-relations lead (mother Alice Jones and named children) per the task's instruction to capture family relations even where the primary entrant's name is not legible.,"Rathbun, Names from Huntsville, Alabama (1986/1988 abstract of NARA M816, Huntsville Freedman's Savings & Trust Co. signature registers), CamScanner 7-17-26 13.27_6.pdf / _16.pdf (duplicate scan), page area preceding acct. #112, p. 15","Entry appears identically on two duplicate-scanned pages (files 13.27_6.pdf and 13.27_16.pdf); counted once. The registrant is presumably one of the six named children (Olivar, William ""Bill,"" Charles, Burrell, Permelia, or the unnamed baby) or, alternatively, is a still-uncaptured earlier line naming Alice Jones herself as registrant — not resolved from available pages."
Alice Jones,Alice,"Mother of Olivar, William ""Bill,"" Charles, Burrell, Permelia, and an unnamed baby Jones",status not stated,"Huntsville, Madison Co., AL / birthplace Virginia","Named as mother (""mo Alice [Jones]"") in the truncated register entry, files 13.27_6.pdf/_16.pdf.","Freedman's Bank/Bureau or census record for Alice Jones, Huntsville, AL.","Unverified — new lead, not found in live enslaved database or proposed-source-rows CSV.","Rathbun, Names from Huntsville, Alabama (1986/1988 abstract of NARA M816, Huntsville Freedman's Savings & Trust Co. signature registers), CamScanner 7-17-26 13.27_6.pdf / _16.pdf (duplicate scan)",
Olivar Jones,Olivar,Child of Alice Jones,"resides Cincinnati, as of record",Cincinnati (residence),"Named as child (""CH: (6) Olivar, res Cincinnati"") in the truncated register entry, files 13.27_6.pdf/_16.pdf.",Ohio (Cincinnati) records for Olivar Jones.,"Unverified — new lead, not found in live enslaved database or proposed-source-rows CSV.","Rathbun, Names from Huntsville, Alabama (1986/1988 abstract of NARA M816, Huntsville Freedman's Savings & Trust Co. signature registers), CamScanner 7-17-26 13.27_6.pdf / _16.pdf (duplicate scan)",
"William ""Bill"" Jones","William ""Bill""",Child of Alice Jones,"resides Nashville, as of record","Nashville, TN (residence)","Named as child (""William 'Bill,' res Nashville"") in the truncated register entry, files 13.27_6.pdf/_16.pdf.","Tennessee (Nashville) records for William ""Bill"" Jones.",Unverified — new lead. Common given name; NOT confirmed to be the same as any other William Jones in this register or the project. Do not merge.,"Rathbun, Names from Huntsville, Alabama (1986/1988 abstract of NARA M816, Huntsville Freedman's Savings & Trust Co. signature registers), CamScanner 7-17-26 13.27_6.pdf / _16.pdf (duplicate scan)","Name-collision caution: kept separate from other William Jones entries (Lucion's brother, acct. #112; Levent's brother, acct. #179)."
Charles Jones (child of Alice),Charles,Child of Alice Jones,"residence unknown, as of record",Unknown,"Named as child (""Charles and Burrell, res unk"") in the truncated register entry, files 13.27_6.pdf/_16.pdf.",Further record to locate Charles Jones's residence.,"Unverified — new lead, not found in live enslaved database or proposed-source-rows CSV.","Rathbun, Names from Huntsville, Alabama (1986/1988 abstract of NARA M816, Huntsville Freedman's Savings & Trust Co. signature registers), CamScanner 7-17-26 13.27_6.pdf / _16.pdf (duplicate scan)",
Burrell Jones,Burrell,Child of Alice Jones,"residence unknown, as of record",Unknown,"Named as child (""Charles and Burrell, res unk"") in the truncated register entry, files 13.27_6.pdf/_16.pdf.",Further record to locate Burrell Jones's residence.,"Unverified — new lead, not found in live enslaved database or proposed-source-rows CSV.","Rathbun, Names from Huntsville, Alabama (1986/1988 abstract of NARA M816, Huntsville Freedman's Savings & Trust Co. signature registers), CamScanner 7-17-26 13.27_6.pdf / _16.pdf (duplicate scan)",
Permelia Jones,Permelia,Child of Alice Jones,"resides Huntsville, as of record","Huntsville, Madison Co., AL","Named as child (""Permelia, res Huntsville"") in the truncated register entry, files 13.27_6.pdf/_16.pdf.","Freedman's Bank/Bureau or census record for Permelia Jones, Huntsville, AL.","Unverified — new lead, not found in live enslaved database or proposed-source-rows CSV.","Rathbun, Names from Huntsville, Alabama (1986/1988 abstract of NARA M816, Huntsville Freedman's Savings & Trust Co. signature registers), CamScanner 7-17-26 13.27_6.pdf / _16.pdf (duplicate scan)",
[Unidentified registrant] — son/daughter of Tempy Jones,Unnamed (head of record not captured in OCR),Child of Thomas Sprogen (deceased) & Tempy Jones,"acct. dated on preceding, uncaptured page (context: adjacent to acct. #78, Dec 1867)","Huntsville, Madison Co., AL","Truncated register entry (top of file 13.27_11.pdf/_15.pdf cuts off the registrant's own name/number); visible text: ""PAR: fa Thomas Sprogen, d Limestone Co 1862; mo Tempy (Jones) res w me; WIFE: Nellie Jones; CH: Jerry, King, Mary (Jones); PB: Huntsville; BRO: Anthony (Jones), last known res MS.""",The preceding register page (not present in this file set) to identify the registrant's own name and register number; Freedman's Bank/Bureau or census record for Tempy Jones and family.,Unverified — new lead; registrant's own identity NOT legible in the available scan. Recorded here per the task's instruction to capture family relations even where the primary entrant's name is not legible.,"Rathbun, Names from Huntsville, Alabama (1986/1988 abstract of NARA M816, Huntsville Freedman's Savings & Trust Co. signature registers), CamScanner 7-17-26 13.27_11.pdf / _15.pdf (duplicate scan), page area preceding acct. #78, p. 11",Entry appears identically on two duplicate-scanned pages (files 13.27_11.pdf and 13.27_15.pdf); counted once.
Tempy Jones,Tempy,Mother of the unidentified registrant; resides with him/her,"resides with registrant, as of record","Huntsville, Madison Co., AL","Named as mother (""mo Tempy (Jones) res w me"") in the truncated register entry, files 13.27_11.pdf/_15.pdf.","Freedman's Bank/Bureau or census record for Tempy Jones, Huntsville, AL.","Unverified — new lead, not found in live enslaved database or proposed-source-rows CSV.","Rathbun, Names from Huntsville, Alabama (1986/1988 abstract of NARA M816, Huntsville Freedman's Savings & Trust Co. signature registers), CamScanner 7-17-26 13.27_11.pdf / _15.pdf (duplicate scan)",
Nellie Jones,Nellie,Wife of the unidentified registrant,married by record date,"Huntsville, Madison Co., AL","Named as wife (""WIFE: Nellie Jones"") in the truncated register entry, files 13.27_11.pdf/_15.pdf.","Marriage or Freedman's Bank/Bureau record for Nellie Jones, Huntsville, AL.","Unverified — new lead, not found in live enslaved database or proposed-source-rows CSV.","Rathbun, Names from Huntsville, Alabama (1986/1988 abstract of NARA M816, Huntsville Freedman's Savings & Trust Co. signature registers), CamScanner 7-17-26 13.27_11.pdf / _15.pdf (duplicate scan)",
"Jerry Jones (child, Tempy's grandchild line)",Jerry,Child of the unidentified registrant & Nellie Jones,"status not stated, as of record","Huntsville, Madison Co., AL","Named as child (""CH: Jerry, King, Mary (Jones)"") in the truncated register entry, files 13.27_11.pdf/_15.pdf.","Freedman's Bank/Bureau or census record for Jerry Jones, Huntsville, AL.","Unverified — new lead. Common given name; NOT confirmed to be the same as ""Jerry McCauley"" (this sheet, unrelated surname) or any other Jerry in the project. Do not merge.","Rathbun, Names from Huntsville, Alabama (1986/1988 abstract of NARA M816, Huntsville Freedman's Savings & Trust Co. signature registers), CamScanner 7-17-26 13.27_11.pdf / _15.pdf (duplicate scan)","Name-collision caution: distinct from ""Jerry McCauley"" (husband of Elizabeth Jones, Columbus's sister) elsewhere on this sheet — different surname/family line."
King Jones,King,Child of the unidentified registrant & Nellie Jones,"status not stated, as of record","Huntsville, Madison Co., AL","Named as child in the truncated register entry, files 13.27_11.pdf/_15.pdf.","Freedman's Bank/Bureau or census record for King Jones, Huntsville, AL.","Unverified — new lead, not found in live enslaved database or proposed-source-rows CSV.","Rathbun, Names from Huntsville, Alabama (1986/1988 abstract of NARA M816, Huntsville Freedman's Savings & Trust Co. signature registers), CamScanner 7-17-26 13.27_11.pdf / _15.pdf (duplicate scan)",
"Mary Jones (child, Tempy's grandchild line)",Mary (child of unidentified registrant),Child of the unidentified registrant & Nellie Jones,"status not stated, as of record","Huntsville, Madison Co., AL","Named as child in the truncated register entry, files 13.27_11.pdf/_15.pdf.","Freedman's Bank/Bureau or census record for Mary Jones, Huntsville, AL.",Unverified — new lead. Common given name; NOT confirmed to be the same as any other Mary Jones on this sheet or in the live database. Do not merge.,"Rathbun, Names from Huntsville, Alabama (1986/1988 abstract of NARA M816, Huntsville Freedman's Savings & Trust Co. signature registers), CamScanner 7-17-26 13.27_11.pdf / _15.pdf (duplicate scan)",Name-collision caution: at least three other Mary Jones entries appear across this sheet; kept fully separate.
"Anthony Jones (brother, Tempy's line)",Anthony,Brother of the unidentified registrant,"last known residence Mississippi, as of record",Mississippi (last known),"Named as brother (""BRO: Anthony (Jones), last known res MS"") in the truncated register entry, files 13.27_11.pdf/_15.pdf.",Mississippi records for Anthony Jones.,"Unverified — new lead. NOT confirmed to be the same as ""Anthony, Jones"" (live database row 108, cemetery surveys) or ""Anthony"" (row 83, 1805 Deed of Gift) — different contexts/eras; do not merge.","Rathbun, Names from Huntsville, Alabama (1986/1988 abstract of NARA M816, Huntsville Freedman's Savings & Trust Co. signature registers), CamScanner 7-17-26 13.27_11.pdf / _15.pdf (duplicate scan)","Name-collision caution: kept separate from live rows 82 and 107's ""Anthony"" entries."
Cato Jones,Cator Jones in three register entries; Caton and Calor in automated OCR,Unresolved,"Application reportedly forwarded May 14, 1870; correspondence November 14, 1870, March 31, 1871, and April 10, 1871","Huntsville, Madison County, Alabama","Three Freedmen’s Bureau agent entries concerning a discharge, signed vouchers, payment checks, and a military claim; April entry identifies Company H, 111th U.S.C.I.","Original discharge; May 14, 1870 application; voucher and claim packet; Company H, 111th U.S.C.I. compiled military service record; pension index and file; 1870 census; Freedmen’s Bank and voter-registration records","Three primary register entries verified and almost certainly concern the same claimant; normalized name Cato is probable, repeated archival form Cator; family and Avalon relationship unresolved","FamilySearch image 218, https://www.familysearch.org/ark:/61903/3:1:3QS7-89LD-YTV?view=fullText; image 275, https://www.familysearch.org/ark:/61903/3:1:3QS7-89LD-Y7Y?view=fullText; image 279, https://www.familysearch.org/ark:/61903/3:1:3QS7-89LD-Y7X?view=fullText; NARA Image Group Number 007636377",Strong Black Jones veteran lead. Use Cato as the research name and preserve Cator as the repeated archival spelling. Do not attach him to Avalon or the Ancestry tree without kinship evidence.
John Lewis Jones,,Unresolved,"July 1, 1871","Huntsville, Madison County, Alabama",Freedmen’s Bureau application list for commutation of rations; surrounding entries concern U.S. Colored Infantry veterans,Original commutation-of-rations application; payment report; compiled military service record; pension file; 1870 and 1880 censuses; voter registration; Freedmen’s Bank; marriage and death records,"Primary register entry verified; exact unit, identity, family, and Avalon relationship unresolved","FamilySearch image 323 of 1107, NARA Image Group Number 007636377. https://www.familysearch.org/ark:/61903/3:1:3QS7-89LD-YQN?view=fullText",Keep separate from other John Jones identities. The ditto marks beside his name require consultation of the original application or adjacent register context before assigning a unit.
Monroe Threatt,Munroe Threatt in automated transcription,Jones Cross Roads geographic association; ownership unknown,"Claim filed in 1867; April 2–28, 1870 inquiry","Jones Cross Roads, Limestone County, Alabama; claim handled through Courtland and Huntsville","Freedmen’s Bureau inquiry and supporting letter concerning a missing bounty-claim certificate; Threatt said Mr. Baker retained his discharge without a receipt; late Company C, 16th U.S.C.T.","Bounty claim and certificate; compiled military service record; 1870 census near Jones Cross Roads; identity and records of Mr. Baker; Limestone deeds, tax maps, voter registration, churches, cemeteries, and road records",Paired primary claim documents verified; location and missing-discharge account verified; relationship to any Jones family or plantation unresolved,"FamilySearch image 429, https://www.familysearch.org/ark:/61903/3:1:3QS7-89LD-Y3X?view=fullText; image 430, https://www.familysearch.org/ark:/61903/3:1:3QS7-89LD-Y2W?view=fullText; NARA Image Group Number 007636377","Use as a geographic-network and archival-loss lead. Jones Cross Roads may reflect a landowner, local family, or road name; it does not itself prove that Threatt was enslaved by or related to a Jones family."
Leroy Jones,,Unresolved,"April 25, 1868 claim-receipt card",Federal claim receipt; residence not stated,"Freedmen’s Bureau acknowledgment of claim papers; the original image supports Company F, 44th U.S.C.T. (correcting an earlier Company I reading)","Underlying claim packet; compiled military service record for Leroy Jones, Company F, 44th U.S.C.T.; pension index; 1870 and 1880 censuses; voter registration; Freedmen’s Bank; marriage and death records","Primary receipt card verified; Company F reading supported by direct reinspection; residence, family, and Avalon relationship unresolved","FamilySearch image 73 of 1153, NARA Image Group Number 007636378. https://www.familysearch.org/ark:/61903/3:1:3QS7-L9LD-YQXF?view=fullText",Keep separate from all other Leroy or Jones identities until the service and claim files confirm the unit and residence.
Fayette Jones,,Unresolved,"May 14, 1868 claim-receipt card",Federal claim receipt; residence not stated,"Freedmen’s Bureau acknowledgment of papers in his case; Company G, 17th U.S.C.T. appears on the card",Underlying claim packet; compiled military service record; pension index; 1870 and 1880 censuses; voter registration; Freedmen’s Bank; marriage and death records,"Primary receipt card verified; unit appears legible; residence, family, and Avalon relationship unresolved","FamilySearch image 105 of 1153, NARA Image Group Number 007636378. https://www.familysearch.org/ark:/61903/3:1:3QS7-L9LD-YQX9?view=fullText","The same card also names Presley Huston, apparently of the same unit. Shared card placement or unit does not prove kinship."
Eliza Floyd,,Formerly enslaved by Dr. Floyd; possible extended connection through Alexander S. Perkins’s Floyd in-laws,"post-emancipation Freedmen’s Bureau list, ca. 1865–1878; age about 30","Lynchburg district, Virginia",Freedmen’s Bureau list of destitute freedpeople,"Full Bureau register page, 1870 census, marriage/death records, and Floyd estate records",Name and former enslaver supported by source; connection to Avalon/Alabama remains provisional,"U.S., Freedmen’s Bureau Records, 1865–1878, image 007677174_00520. <https://www.ancestry.com/imageviewer/collections/62309/images/007677174_00520>",Do not infer that Eliza migrated to Alabama or was enslaved by Alexander S. Perkins without additional evidence.
Martha Floyd,,Formerly enslaved by Dr. Floyd; possible extended connection through Alexander S. Perkins’s Floyd in-laws,"post-emancipation Freedmen’s Bureau list, ca. 1865–1878; age about 34","Lynchburg district, Virginia",Freedmen’s Bureau list of destitute freedpeople,"Full Bureau register page, 1870 census, marriage/death records, and Floyd estate records",Name and former enslaver supported by source; connection to Avalon/Alabama remains provisional,"U.S., Freedmen’s Bureau Records, 1865–1878, image 007677174_00520. <https://www.ancestry.com/imageviewer/collections/62309/images/007677174_00520>",Do not infer that Martha migrated to Alabama or was enslaved by Alexander S. Perkins without additional evidence.
Letty Jones,,Formerly enslaved by William Jones; possible extended Virginia Jones-network lead,"post-emancipation Freedmen’s Bureau list, ca. 1865–1878; age about 38","Lynchburg district, Virginia",Freedmen’s Bureau list of destitute freedpeople,"Full Bureau register page, 1870 census, marriage/death records, and identification of William Jones",Name and former enslaver supported by source; no proven Avalon connection,"U.S., Freedmen’s Bureau Records, 1865–1878, image 007677174_00520. <https://www.ancestry.com/imageviewer/collections/62309/images/007677174_00520>",Preserve as a separate Virginia lead; do not merge with Alabama Jones families on surname alone.
Samuel Perkins,,Black Perkins household near the postwar Alexander S. Perkins estate network; relationship unproven,1870; age about 35,"Limestone County, Alabama",1870 United States Federal Census,"1860 slave schedule, Freedmen’s Bureau labor contracts, marriage records, probate vouchers, and neighboring land records",Verified census household; former enslaver or kinship connection unverified,"1870 U.S. Federal Census, Limestone County, Alabama, image 4257601_00049. <https://www.ancestry.com/imageviewer/collections/7163/images/4257601_00049>","Household includes Harriet and children. Shared surname and county are research leads, not proof of enslavement by the Perkins family."
Reuben Jones (younger depositor),Reuben Jones Jr. (provisional),Son of Reuben and Eliza Jones; husband of Mollie; possible member of the documented Madison County Black Jones network,December 1872; about age 18,"Huntsville, Madison County, Alabama","Freedman’s Savings and Trust Company signature register, image ALM816_1-0186","Full register transcription, marriage record with Mollie Richardson, 1870/1880 census, and father Reuben’s probate/property records",Family relationships supported by the bank entry; Jr./Sr. labels and connection to the Avalon enslaved community remain provisional,"Freedman’s Savings and Trust Company, Huntsville branch, NARA M816, image ALM816_1-0186. <https://www.ancestry.com/imageviewer/collections/8755/images/ALM816_1-0186>","Entry also appears to name mother Eliza and siblings Edistina, Samuel, Elizabeth, Mary, and Sonnia; verify spellings before creating separate person rows."
Mollie Jones,Mollie Richardson,"Wife of Reuben Jones, younger depositor",named December 1872,"Huntsville, Madison County, Alabama",Freedman’s Savings and Trust Company signature register and Madison County marriage record,"Marriage license, 1870/1880 census, death record, and descendants",Supported as Reuben’s wife; surname Richardson supported by the separate 1872 marriage record,"Freedman’s Savings and Trust Company, Huntsville branch, NARA M816, image ALM816_1-0186. <https://www.ancestry.com/imageviewer/collections/8755/images/ALM816_1-0186>",Keep distinct from other Mollie/Mary Jones entries.
Albert Jones,,“Alex. Jones” (former enslaver field in the 1865 register; identity not yet proven),1865; age 50,"East Side Church area, Huntsville, Madison County, Alabama",1865 Huntsville Colored Census / Freedmen’s Bureau field-office register transcription,"Original NARA M1900 roll 19 image; 1867 voter registration; 1870 census; Freedmen’s Bureau labor, marriage, and complaint records; probate and tax records for candidate Alex Joneses",Primary-source transcription verified; Avalon/Alexander P. Jones identification provisional,"Records of Field Offices for the State of Alabama, Bureau of Refugees, Freedmen, and Abandoned Lands, 1865–1872, NARA M1900, roll 19; Free_Blacks-Appendix_II.pdf",Source records former occupation “farming” and present occupation “blacksmith.” Preserve the abbreviation “Alex. Jones” until the individual is identified.
Penny,Penny Enslaved,Alexander P. Jones (asserted only in an Ancestry user tree),Before/around 1830,Alabama (asserted),Ancestry user-created family tree profile for Polly Jones,"Alexander P. Jones probate and estate files; 1830–1860 slave schedules; deeds of gift or sale; plantation account books; church records; Polly’s marriage, death, census, and descendant records",Unverified genealogy lead,"Ancestry, “Polly Jones,” user tree profile, https://www.ancestry.com/family-tree/person/tree/210795668/person/302764462421/story",The tree labels Polly’s mother “Penny Enslaved” but supplies no primary citation in the captured profile. Do not treat the claimed relationship as proven.
Polly Jones,,Alexander P. Jones and Penny (asserted only in an Ancestry user tree),"Born February 1830; claimed death September 20, 1893","Alabama; later Powhatan County, Virginia (asserted)",Ancestry user-created family tree profile,"Primary birth/parentage evidence; 1850 and 1860 slave schedules linked through enslaver records; post-emancipation census, marriage, death, probate, and church records; records for spouses John Jones and Arthur Lowery; descendant DNA documentary correlation",Possible enslaved-person lead; unverified,"Ancestry, “Polly Jones,” user tree profile, https://www.ancestry.com/family-tree/person/tree/210795668/person/302764462421/story",The profile calls Polly a daughter of “Penny Enslaved” and Alexander P. Jones but does not cite a primary record in the captured pages. Her enslaved status and Avalon connection require proof.
Anthony,,Lewellen Jones and daughter Frances Ann Maria Jones (later Perkins); Jones–Perkins plantation network,1805,Virginia; later connection to the Alabama Jones–Perkins network,Researcher notes in 3.docx list this person in a purported 1805 deed of gift from Lewellen Jones to Frances Ann Maria Jones.,"Original Virginia deed of gift; county deed book and page; migration, probate, and Alabama estate records.",Unverified source lead; name and spelling require comparison with the original deed.,"Avalon folder 6:6:26, 3.docx, synthesized named-person table for the 1805 deed.","Do not merge with same-name people absent age, kinship, or record continuity."
Ben,,Lewellen Jones and daughter Frances Ann Maria Jones (later Perkins); Jones–Perkins plantation network,1805,Virginia; later connection to the Alabama Jones–Perkins network,Researcher notes in 3.docx list this person in a purported 1805 deed of gift from Lewellen Jones to Frances Ann Maria Jones.,"Original Virginia deed of gift; county deed book and page; migration, probate, and Alabama estate records.",Unverified source lead; name and spelling require comparison with the original deed.,"Avalon folder 6:6:26, 3.docx, synthesized named-person table for the 1805 deed.","Do not merge with same-name people absent age, kinship, or record continuity."
Big Will,Will,Lewellen Jones and daughter Frances Ann Maria Jones (later Perkins); Jones–Perkins plantation network,1805,Virginia; later connection to the Alabama Jones–Perkins network,Researcher notes in 3.docx list this person in a purported 1805 deed of gift from Lewellen Jones to Frances Ann Maria Jones.,"Original Virginia deed of gift; county deed book and page; migration, probate, and Alabama estate records.",Unverified source lead; name and spelling require comparison with the original deed.,"Avalon folder 6:6:26, 3.docx, synthesized named-person table for the 1805 deed.","Do not merge with same-name people absent age, kinship, or record continuity."
Sarah,identified in notes as Big Will’s wife,Lewellen Jones and daughter Frances Ann Maria Jones (later Perkins); Jones–Perkins plantation network,1805,Virginia; later connection to the Alabama Jones–Perkins network,Researcher notes in 3.docx list this person in a purported 1805 deed of gift from Lewellen Jones to Frances Ann Maria Jones.,"Original Virginia deed of gift; county deed book and page; migration, probate, and Alabama estate records.",Unverified source lead; name and spelling require comparison with the original deed.,"Avalon folder 6:6:26, 3.docx, synthesized named-person table for the 1805 deed.","Do not merge with same-name people absent age, kinship, or record continuity."
Delphia,,Lewellen Jones and daughter Frances Ann Maria Jones (later Perkins); Jones–Perkins plantation network,1805,Virginia; later connection to the Alabama Jones–Perkins network,Researcher notes in 3.docx list this person in a purported 1805 deed of gift from Lewellen Jones to Frances Ann Maria Jones.,"Original Virginia deed of gift; county deed book and page; migration, probate, and Alabama estate records.",Unverified source lead; name and spelling require comparison with the original deed.,"Avalon folder 6:6:26, 3.docx, synthesized named-person table for the 1805 deed.","Do not merge with same-name people absent age, kinship, or record continuity."
Edeline,,Lewellen Jones and daughter Frances Ann Maria Jones (later Perkins); Jones–Perkins plantation network,1805,Virginia; later connection to the Alabama Jones–Perkins network,Researcher notes in 3.docx list this person in a purported 1805 deed of gift from Lewellen Jones to Frances Ann Maria Jones.,"Original Virginia deed of gift; county deed book and page; migration, probate, and Alabama estate records.",Unverified source lead; name and spelling require comparison with the original deed.,"Avalon folder 6:6:26, 3.docx, synthesized named-person table for the 1805 deed.","Do not merge with same-name people absent age, kinship, or record continuity."
Judith,,Lewellen Jones and daughter Frances Ann Maria Jones (later Perkins); Jones–Perkins plantation network,1805,Virginia; later connection to the Alabama Jones–Perkins network,Researcher notes in 3.docx list this person in a purported 1805 deed of gift from Lewellen Jones to Frances Ann Maria Jones.,"Original Virginia deed of gift; county deed book and page; migration, probate, and Alabama estate records.",Unverified source lead; name and spelling require comparison with the original deed.,"Avalon folder 6:6:26, 3.docx, synthesized named-person table for the 1805 deed.","Do not merge with same-name people absent age, kinship, or record continuity."
Macon,,Lewellen Jones and daughter Frances Ann Maria Jones (later Perkins); Jones–Perkins plantation network,1805,Virginia; later connection to the Alabama Jones–Perkins network,Researcher notes in 3.docx list this person in a purported 1805 deed of gift from Lewellen Jones to Frances Ann Maria Jones.,"Original Virginia deed of gift; county deed book and page; migration, probate, and Alabama estate records.",Unverified source lead; name and spelling require comparison with the original deed.,"Avalon folder 6:6:26, 3.docx, synthesized named-person table for the 1805 deed.","Do not merge with same-name people absent age, kinship, or record continuity."
Mary Ann,,Lewellen Jones and daughter Frances Ann Maria Jones (later Perkins); Jones–Perkins plantation network,1805,Virginia; later connection to the Alabama Jones–Perkins network,Researcher notes in 3.docx list this person in a purported 1805 deed of gift from Lewellen Jones to Frances Ann Maria Jones.,"Original Virginia deed of gift; county deed book and page; migration, probate, and Alabama estate records.",Unverified source lead; name and spelling require comparison with the original deed.,"Avalon folder 6:6:26, 3.docx, synthesized named-person table for the 1805 deed.","Do not merge with same-name people absent age, kinship, or record continuity."
Meriah,possibly Mariah; verify original spelling,Lewellen Jones and daughter Frances Ann Maria Jones (later Perkins); Jones–Perkins plantation network,1805,Virginia; later connection to the Alabama Jones–Perkins network,Researcher notes in 3.docx list this person in a purported 1805 deed of gift from Lewellen Jones to Frances Ann Maria Jones.,"Original Virginia deed of gift; county deed book and page; migration, probate, and Alabama estate records.",Unverified source lead; name and spelling require comparison with the original deed.,"Avalon folder 6:6:26, 3.docx, synthesized named-person table for the 1805 deed.","Do not merge with same-name people absent age, kinship, or record continuity."
Phileday,spelling uncertain until original deed is checked,Lewellen Jones and daughter Frances Ann Maria Jones (later Perkins); Jones–Perkins plantation network,1805,Virginia; later connection to the Alabama Jones–Perkins network,Researcher notes in 3.docx list this person in a purported 1805 deed of gift from Lewellen Jones to Frances Ann Maria Jones.,"Original Virginia deed of gift; county deed book and page; migration, probate, and Alabama estate records.",Unverified source lead; name and spelling require comparison with the original deed.,"Avalon folder 6:6:26, 3.docx, synthesized named-person table for the 1805 deed.","Do not merge with same-name people absent age, kinship, or record continuity."
Polly,,Lewellen Jones and daughter Frances Ann Maria Jones (later Perkins); Jones–Perkins plantation network,1805,Virginia; later connection to the Alabama Jones–Perkins network,Researcher notes in 3.docx list this person in a purported 1805 deed of gift from Lewellen Jones to Frances Ann Maria Jones.,"Original Virginia deed of gift; county deed book and page; migration, probate, and Alabama estate records.",Unverified source lead; name and spelling require comparison with the original deed.,"Avalon folder 6:6:26, 3.docx, synthesized named-person table for the 1805 deed.","Do not merge with same-name people absent age, kinship, or record continuity."
Davy,,John N. S. Jones; transferred to Maria Louisa Jones Donnell,"January 14, 1841","Limestone County, Alabama; Jones–Donnell plantation network",Researcher transcription identifies this person in a deed of gift transferring nine enslaved people “with all their increase.”,Original deed of gift; deed-book citation; Donnell probate/inventory; 1850 and 1860 slave schedules; 1866 contracts; 1870 census.,Named as enslaved in researcher transcription; original deed image not yet verified.,"Donnell–Jones family manuscripts, Ancestry family-tree media, https://www.ancestry.com/family-tree/person/tree/210795668/person/302764465206/hints; transcription in 3.docx.",Search name variants and family groups; common given names must not be merged without corroboration.
John,,John N. S. Jones; transferred to Maria Louisa Jones Donnell,"January 14, 1841","Limestone County, Alabama; Jones–Donnell plantation network",Researcher transcription identifies this person in a deed of gift transferring nine enslaved people “with all their increase.”,Original deed of gift; deed-book citation; Donnell probate/inventory; 1850 and 1860 slave schedules; 1866 contracts; 1870 census.,Named as enslaved in researcher transcription; original deed image not yet verified.,"Donnell–Jones family manuscripts, Ancestry family-tree media, https://www.ancestry.com/family-tree/person/tree/210795668/person/302764465206/hints; transcription in 3.docx.",Search name variants and family groups; common given names must not be merged without corroboration.
Tom,Tom Cacks,John N. S. Jones; transferred to Maria Louisa Jones Donnell,"January 14, 1841","Limestone County, Alabama; Jones–Donnell plantation network",Researcher transcription identifies this person in a deed of gift transferring nine enslaved people “with all their increase.”,Original deed of gift; deed-book citation; Donnell probate/inventory; 1850 and 1860 slave schedules; 1866 contracts; 1870 census.,Named as enslaved in researcher transcription; original deed image not yet verified.,"Donnell–Jones family manuscripts, Ancestry family-tree media, https://www.ancestry.com/family-tree/person/tree/210795668/person/302764465206/hints; transcription in 3.docx.",Search name variants and family groups; common given names must not be merged without corroboration.
Hannah,,John N. S. Jones; transferred to Maria Louisa Jones Donnell,"January 14, 1841","Limestone County, Alabama; Jones–Donnell plantation network",Researcher transcription identifies this person in a deed of gift transferring nine enslaved people “with all their increase.”,Original deed of gift; deed-book citation; Donnell probate/inventory; 1850 and 1860 slave schedules; 1866 contracts; 1870 census.,Named as enslaved in researcher transcription; original deed image not yet verified.,"Donnell–Jones family manuscripts, Ancestry family-tree media, https://www.ancestry.com/family-tree/person/tree/210795668/person/302764465206/hints; transcription in 3.docx.",Search name variants and family groups; common given names must not be merged without corroboration.
Rachel,,John N. S. Jones; transferred to Maria Louisa Jones Donnell,"January 14, 1841","Limestone County, Alabama; Jones–Donnell plantation network",Researcher transcription identifies this person in a deed of gift transferring nine enslaved people “with all their increase.”,Original deed of gift; deed-book citation; Donnell probate/inventory; 1850 and 1860 slave schedules; 1866 contracts; 1870 census.,Named as enslaved in researcher transcription; original deed image not yet verified.,"Donnell–Jones family manuscripts, Ancestry family-tree media, https://www.ancestry.com/family-tree/person/tree/210795668/person/302764465206/hints; transcription in 3.docx.",Search name variants and family groups; common given names must not be merged without corroboration.
Lucy,,John N. S. Jones; transferred to Maria Louisa Jones Donnell,"January 14, 1841","Limestone County, Alabama; Jones–Donnell plantation network",Researcher transcription identifies this person in a deed of gift transferring nine enslaved people “with all their increase.”,Original deed of gift; deed-book citation; Donnell probate/inventory; 1850 and 1860 slave schedules; 1866 contracts; 1870 census.,Named as enslaved in researcher transcription; original deed image not yet verified.,"Donnell–Jones family manuscripts, Ancestry family-tree media, https://www.ancestry.com/family-tree/person/tree/210795668/person/302764465206/hints; transcription in 3.docx.",Search name variants and family groups; common given names must not be merged without corroboration.
Mary,Mary Gibson,John N. S. Jones; transferred to Maria Louisa Jones Donnell,"January 14, 1841","Limestone County, Alabama; Jones–Donnell plantation network",Researcher transcription identifies this person in a deed of gift transferring nine enslaved people “with all their increase.”,Original deed of gift; deed-book citation; Donnell probate/inventory; 1850 and 1860 slave schedules; 1866 contracts; 1870 census.,Named as enslaved in researcher transcription; original deed image not yet verified.,"Donnell–Jones family manuscripts, Ancestry family-tree media, https://www.ancestry.com/family-tree/person/tree/210795668/person/302764465206/hints; transcription in 3.docx.",Search name variants and family groups; common given names must not be merged without corroboration.
Frances,,John N. S. Jones; transferred to Maria Louisa Jones Donnell,"January 14, 1841","Limestone County, Alabama; Jones–Donnell plantation network",Researcher transcription identifies this person in a deed of gift transferring nine enslaved people “with all their increase.”,Original deed of gift; deed-book citation; Donnell probate/inventory; 1850 and 1860 slave schedules; 1866 contracts; 1870 census.,Named as enslaved in researcher transcription; original deed image not yet verified.,"Donnell–Jones family manuscripts, Ancestry family-tree media, https://www.ancestry.com/family-tree/person/tree/210795668/person/302764465206/hints; transcription in 3.docx.",Search name variants and family groups; common given names must not be merged without corroboration.
Ellen,,John N. S. Jones; transferred to Maria Louisa Jones Donnell,"January 14, 1841","Limestone County, Alabama; Jones–Donnell plantation network",Researcher transcription identifies this person in a deed of gift transferring nine enslaved people “with all their increase.”,Original deed of gift; deed-book citation; Donnell probate/inventory; 1850 and 1860 slave schedules; 1866 contracts; 1870 census.,Named as enslaved in researcher transcription; original deed image not yet verified.,"Donnell–Jones family manuscripts, Ancestry family-tree media, https://www.ancestry.com/family-tree/person/tree/210795668/person/302764465206/hints; transcription in 3.docx.",Search name variants and family groups; common given names must not be merged without corroboration.
Cato,,James Webb Smith Donnell and Maria Louisa Jones Donnell household/plantation,"October 22, 1857","Limestone County, Alabama; Jones–Donnell plantation network",Researcher transcription of a Donnell letter: “tell Cato to dig the sweet potatoes”; the same letter directs that cloth be used “to make the negro jackets.”,"Original October 22, 1857 letter; slave schedules; Donnell estate records; Freedmen’s Bureau labor contracts; 1870 census.",Probable enslaved plantation worker based on letter context; verify original manuscript.,"Donnell–Jones family manuscripts, Ancestry family-tree media, https://www.ancestry.com/family-tree/person/tree/210795668/person/302764465206/hints; transcription in 3.docx.",Do not assume surname. Agricultural assignment is explicit in the transcription.
Cesar,Cesor,James Webb Smith Donnell and Maria Louisa Jones Donnell household/plantation,1857–1862,"Limestone County, Alabama; Jones–Donnell plantation network","Researcher transcriptions name Cesar/Cesor in plantation errands and a December 14, 1862 instruction to wash and work on a carriage with soap and hot water.","Original 1857 and December 14, 1862 letters; slave schedules; Donnell estate; Freedmen’s Bureau labor records; 1870 census.",Probable enslaved skilled worker based on wartime letter context; original manuscripts not yet verified.,"Donnell–Jones family manuscripts, Ancestry family-tree media, https://www.ancestry.com/family-tree/person/tree/210795668/person/302764465206/hints; transcription in 3.docx.",Retain both spellings. Do not merge with unrelated Caesar/Cesar entries.
Marshall Jones,,Alexander P. Jones estate / former plantation places,1866–1867,"Madison County, Alabama",Alexander P. Jones probate-file transcription: rented the East Place for $170 in the January 1866 account. The account also states that the Freedmen’s Bureau transferred livestock to “one of the negroes upon the place.”,Original estate sale and rental accounts; 1867 voter registration; Freedmen’s Bureau records; 1870 census; tax and land records; Southern Claims Commission files.,Verified as a named estate purchaser or renter; Black/freedperson identity is probable from context but prior enslavement by Jones is not proved by this excerpt alone.,"Jacquelyn Proctor Reeves, “Lewellen Jones Estate,” Valley Leaves 44, no. 3 (March 2010), pp. 94–97, transcribing the Alexander P. Jones probate file.","Treat as a network lead, not proof of former ownership. Lucy Jones also appears in the account but was skipped here because a live Lucy Jones row already exists."
Dredd Jones,,Alexander P. Jones estate / former plantation places,1866–1867,"Madison County, Alabama",Alexander P. Jones probate-file transcription: rented the Bradford place for $5 in the January 1866 account. The account also states that the Freedmen’s Bureau transferred livestock to “one of the negroes upon the place.”,Original estate sale and rental accounts; 1867 voter registration; Freedmen’s Bureau records; 1870 census; tax and land records; Southern Claims Commission files.,Verified as a named estate purchaser or renter; Black/freedperson identity is probable from context but prior enslavement by Jones is not proved by this excerpt alone.,"Jacquelyn Proctor Reeves, “Lewellen Jones Estate,” Valley Leaves 44, no. 3 (March 2010), pp. 94–97, transcribing the Alexander P. Jones probate file.","Treat as a network lead, not proof of former ownership. Lucy Jones also appears in the account but was skipped here because a live Lucy Jones row already exists."
Peterson Jones,,Alexander P. Jones estate / former plantation places,1866–1867,"Madison County, Alabama",Alexander P. Jones probate-file transcription: rented the King place for $63 in the January 1866 account. The account also states that the Freedmen’s Bureau transferred livestock to “one of the negroes upon the place.”,Original estate sale and rental accounts; 1867 voter registration; Freedmen’s Bureau records; 1870 census; tax and land records; Southern Claims Commission files.,Verified as a named estate purchaser or renter; Black/freedperson identity is probable from context but prior enslavement by Jones is not proved by this excerpt alone.,"Jacquelyn Proctor Reeves, “Lewellen Jones Estate,” Valley Leaves 44, no. 3 (March 2010), pp. 94–97, transcribing the Alexander P. Jones probate file.","Treat as a network lead, not proof of former ownership. Lucy Jones also appears in the account but was skipped here because a live Lucy Jones row already exists."
George Jones,,Alexander P. Jones estate / former plantation places,1866–1867,"Madison County, Alabama","Alexander P. Jones probate-file transcription: purchased estate items, including a Jersey milk cow for $17.50. The account also states that the Freedmen’s Bureau transferred livestock to “one of the negroes upon the place.”",Original estate sale and rental accounts; 1867 voter registration; Freedmen’s Bureau records; 1870 census; tax and land records; Southern Claims Commission files.,Verified as a named estate purchaser or renter; Black/freedperson identity is probable from context but prior enslavement by Jones is not proved by this excerpt alone.,"Jacquelyn Proctor Reeves, “Lewellen Jones Estate,” Valley Leaves 44, no. 3 (March 2010), pp. 94–97, transcribing the Alexander P. Jones probate file.","Treat as a network lead, not proof of former ownership. Lucy Jones also appears in the account but was skipped here because a live Lucy Jones row already exists."
Big George Jones,,Alexander P. Jones estate / former plantation places,1866–1867,"Madison County, Alabama",Alexander P. Jones probate-file transcription: purchased one-fourth interest in horses for $25. The account also states that the Freedmen’s Bureau transferred livestock to “one of the negroes upon the place.”,Original estate sale and rental accounts; 1867 voter registration; Freedmen’s Bureau records; 1870 census; tax and land records; Southern Claims Commission files.,Verified as a named estate purchaser or renter; Black/freedperson identity is probable from context but prior enslavement by Jones is not proved by this excerpt alone.,"Jacquelyn Proctor Reeves, “Lewellen Jones Estate,” Valley Leaves 44, no. 3 (March 2010), pp. 94–97, transcribing the Alexander P. Jones probate file.","Treat as a network lead, not proof of former ownership. Lucy Jones also appears in the account but was skipped here because a live Lucy Jones row already exists."
Anthony Jones,,Alexander P. Jones estate / former plantation places,1866–1867,"Madison County, Alabama",Alexander P. Jones probate-file transcription: purchased estate items in 1866 and rented the Bradford place for $102 in January 1867. The account also states that the Freedmen’s Bureau transferred livestock to “one of the negroes upon the place.”,Original estate sale and rental accounts; 1867 voter registration; Freedmen’s Bureau records; 1870 census; tax and land records; Southern Claims Commission files.,Verified as a named estate purchaser or renter; Black/freedperson identity is probable from context but prior enslavement by Jones is not proved by this excerpt alone.,"Jacquelyn Proctor Reeves, “Lewellen Jones Estate,” Valley Leaves 44, no. 3 (March 2010), pp. 94–97, transcribing the Alexander P. Jones probate file.","Treat as a network lead, not proof of former ownership. Lucy Jones also appears in the account but was skipped here because a live Lucy Jones row already exists."
Caledonia Jones,,Alexander P. Jones estate / former plantation places,1866–1867,"Madison County, Alabama",Alexander P. Jones probate-file transcription: purchased a buggy body for $2.50. The account also states that the Freedmen’s Bureau transferred livestock to “one of the negroes upon the place.”,Original estate sale and rental accounts; 1867 voter registration; Freedmen’s Bureau records; 1870 census; tax and land records; Southern Claims Commission files.,Verified as a named estate purchaser or renter; Black/freedperson identity is probable from context but prior enslavement by Jones is not proved by this excerpt alone.,"Jacquelyn Proctor Reeves, “Lewellen Jones Estate,” Valley Leaves 44, no. 3 (March 2010), pp. 94–97, transcribing the Alexander P. Jones probate file.","Treat as a network lead, not proof of former ownership. Lucy Jones also appears in the account but was skipped here because a live Lucy Jones row already exists."
Aron Jones,,Alexander P. Jones estate / former plantation places,1866–1867,"Madison County, Alabama",Alexander P. Jones probate-file transcription: rented the Rudy place for $405 in January 1867. The account also states that the Freedmen’s Bureau transferred livestock to “one of the negroes upon the place.”,Original estate sale and rental accounts; 1867 voter registration; Freedmen’s Bureau records; 1870 census; tax and land records; Southern Claims Commission files.,Verified as a named estate purchaser or renter; Black/freedperson identity is probable from context but prior enslavement by Jones is not proved by this excerpt alone.,"Jacquelyn Proctor Reeves, “Lewellen Jones Estate,” Valley Leaves 44, no. 3 (March 2010), pp. 94–97, transcribing the Alexander P. Jones probate file.","Treat as a network lead, not proof of former ownership. Lucy Jones also appears in the account but was skipped here because a live Lucy Jones row already exists."
John Nelson Spotswood Jones / Alexander Pinkney Jones,John N. S. Jones; J.N.S. Jones; Alexander P. Jones; Alex. P. Jones,"Avalon Plantation, Madison County, Alabama",Disputed death dates: 1854 (J.N.S.) / c.1867 (A.P.) per Anderson 1938 & UAH vs. 1863 (J.N.S.) / 1865 (A.P.) per an unnamed private online tree,"Huntsville/Madison County, Alabama","Ancestry.com genealogist contact 'LucyAnderson' stated in a messaging thread that her private tree gives John Nelson Spotswood Jones as 1793-1863 and Alexander Pinkney Jones as 1795-1865, and that she maintains 21 Llewellyn-named individuals in her tree back to birth year 980.",Follow-up message to LucyAnderson requesting her tree's underlying sources/citations for these dates and for any Llewellyn Jones parentage or origin data; GEDCOM export if she is willing to share.,Unverified — private online tree; not yet corroborated by any primary or institutional source in this project,"Ancestry.com messaging thread, https://www.ancestry.com/messaging (contact: 'LucyAnderson')",This is the direct source of the 1793-1863/1795-1865 date variant already flagged as an unresolved conflict in the project dossier (§10); do not adopt these dates without independent confirmation.
Seaborn Jones,,Avalon / Jones-Perkins (unconfirmed),19 Jun 1880,"Madison, Alabama",Southern Claims Commission file (Fold3),Verify identity and determine whether this claimant is the Seaborn Jones tied to Avalon/Jones-Perkins; check SCC claim packet and associated Madison County records.,cautious lead,"https://www.fold3.com/file/763055/seaborn-jones-page-1-us-southern-claims-barred-and-disallowed-1871
SCC files / UAH Seaborn genealogy
https://www.fold3.com/file/273535645/jones-seaborn-page-1-us-southern-claims-approved-alabama-1871-1880",Claim Number 19875; page 1; not enough in this record alone to establish Avalon connection.
William Jones,,Avalon / Jones plantation,Unverified,"Madison County, Alabama",SCC metadata reference,Claim number and Madison County verification,cautious lead,"SCC files metadata
https://www.fold3.com/file/4214940/william-jones-page-1-us-southern-claims-barred-and-disallowed-1871",Identity requires follow-up; do not treat as confirmed Avalon individual without claim-number verification.
Rachael Jones,Rachel Jones,Avalon / Jones plantation,Unverified,"Madison County, Alabama",SCC metadata reference,Claim number and Madison County verification,cautious lead,"SCC files metadata
https://www.fold3.com/file/683508/rachael-jones-page-1-us-southern-claims-barred-and-disallowed-1871",Use only as an identity lead; do not equate with the 1836 bill of sale Rachel unless confirmed.
Cyrus Jones,,Avalon / Jones plantation,Unverified,"Madison County, Alabama",SCC metadata reference,Claim number and Madison County verification,cautious lead,"SCC files metadata
https://www.fold3.com/file/4214886/cyrus-jones-page-1-us-southern-claims-barred-and-disallowed-1871",Potential identity/family follow-up only; verification required before use in Avalon-related rows.
Nancy Jones,"Jones, Nancy",Unresolved,13 Dec 1877,"Madison, Alabama",Southern Claims Commission settled case file (approved claim),Verify whether this Nancy Jones is connected to the Avalon Plantation / Jones-Perkins line; confirm identity using Claim Number 51261 and Madison County records.,unverified,"https://www.fold3.com/file/273535331/jones-nancy-page-1-us-southern-claims-approved-alabama-1871-1880
https://www.fold3.com/file/762867/nancy-jones-page-1-us-southern-claims-barred-and-disallowed-1871",NARA Record Group 217; Publication Number M2062; Claim Number 51261; no direct Avalon link stated in source.
Seaborn Jones Jr.,Seaborn Jones,Avalon Plantation / Jones-Perkins (unconfirmed),28 Jun 1878,"Madison, Alabama",Southern Claims Commission claim file / barred and disallowed page 1,Verify whether this claimant is the same Seaborn Jones connected to Avalon/Jones-Perkins holdings; check claim file and related Madison County records.,Unverified,https://www.fold3.com/file/763186/seaborn-jones-jr-page-1-us-southern-claims-barred-and-disallowed-1871,Claim Number 19876; no direct Avalon connection stated in the text.
"Jones, Seaborn M.","Seaborn M. Jones; Claimant Jones, Seaborn M.",Avalon Plantation / Jones-Perkins family link not established in record,5 Dec 1877,"Madison, Alabama",Southern Claims Commission approved case file,Verify whether this Seaborn M. Jones is connected to Avalon or the Jones/Perkins families tied to Avalon.,Cautious lead; no direct Avalon link established,https://www.fold3.com/file/273535932/jones-seaborn-m-page-1-us-southern-claims-approved-alabama-1871-1880,"Claim Number 48063; NARA record group 217; Madison, Alabama; Southern Claims Commission approved case file."
Bettie F. Perkins,Bettie F Perkins,Avalon / Perkins (identity to be confirmed),1871-04-20,"Madison, Alabama",Southern Claims Commission barred and disallowed file,Full SCC claim file and any corroborating Avalon/A.S. Perkins estate linkage,Cautious lead; identity and Avalon connection unconfirmed,https://www.fold3.com/file/4239716/bettie-f-perkins-page-1-us-southern-claims-barred-and-disallowed-1871,Claim Number 21755; Page 1; Roll 033; Publication M1407. Metadata only; do not treat as established Avalon connection without corroborating evidence.
Lewellyn Jones / Perkins / Avalon correspondence,Lewellen Jones; Llewellyn Jones,Avalon Plantation,20 Oct 1978; indexed reference also lists 1892,"Huntsville, Alabama; San Marcos, Texas","UAH Frances Cabaniss Roberts Collection, Series 4, Subseries A, Box 4, Folder 21, Image 12 (r04a04-21-000-0070) indexes correspondence under Lewellyn Jones, Perkins, and Avalon plantation.","Obtain and transcribe the full Image 12 correspondence and identify the unnamed Perkins person, the 1892 reference, provenance of the Avalon information, and any cited earlier records.",Unverified archival lead; only index metadata reviewed,"Frances Cabaniss Roberts Collection, Series 4, Subseries A, Box 4, Folder 21, Image 12, UAH Archives and Special Collections.","This is a precise direct-Avalon discovery lead, not proof of any claim until the underlying correspondence is reviewed."
Shandy Wesley Jones,Shandy Jones; Shandy W. Jones,Possible son of Llewellyn Jones and Elizabeth (Eliza) Jones Moore; possible Avalon/Jones family connection,born ca. 1816; hint reviewed 31 Jul 2026,"Huntsville/Madison County and Tuscaloosa County, Alabama; later Mobile","Ancestry.com related Lee Family Tree identifies Llewellyn Jones as father and Elizabeth ""Eliza"" Jones Moore as mother.",Direct primary evidence: 1820 emancipation/manumission act; Madison and Tuscaloosa probate and chancery files; deeds and land records; marriage record; wills or estate distributions naming Shandy; Freedmen’s Bank/Bureau records.,UNVERIFIED private-tree hint. Do not add Llewellyn as Shandy’s father or merge family lines without direct primary evidence.,"Ancestry.com related-tree hint, Lee Family Tree, reviewed 2026-07-31; https://www.ancestry.com/family-tree/","Potentially important Avalon kinship lead, but the private-tree assertion conflicts with or may oversimplify existing evidence identifying Shandy’s mother as Elizabeth in the 1820 emancipation record. Preserve as a research lead only."
Avalon plantation naming chronology,Alick Jones Plant.; Jonesboro; Avalon,Alexander P. Jones property / later Avalon tract,"Antebellum era through 1866 and later. Earliest dated usage located so far: a 2005 Huntsville-Madison County Public Library chronology places a February 17, 1866 fire at houses on Russell Hill Pike “known as Avalon.”","Recurring project records use Alick Jones Plant. and Jonesboro. The 1866 fire entry may preserve a contemporary name, but the underlying newspaper or manuscript notice has not yet been retrieved.","Locate the original February 1866 fire notice; search Alexander P. Jones correspondence, estate papers, deeds, tax records, maps, advertisements, account books, Jones-Perkins papers, UAH acquisition files, and historical-marker research for earlier dated uses. Determine whether Jonesboro was a settlement/postal designation and Alick Jones Plantation an operational label.","UNRESOLVED naming/provenance lead. Current evidence supports a terminus by 1866 only through a later compilation. Do not yet claim that Lewellen named the property, that 1866 was the naming year, or that the Welsh/Arthurian association explains the choice.","Pruitt, R. G. (Ed.). (2005). Eden of the South: A Chronology of Huntsville, Alabama, 1805–2005. 1866 entry for February 17. https://huntsvillehistorycollection.org/hhc/docs/pdf/book2/Eden_of_the_South.pdf","Cross-reference main research database rows for From a Kingdom in Wales, the Jones-Donnell finding aid, and the new 1866 Avalon fire entry.","New July 31, 2026 lead: exact chronology wording says houses on the plantation on Russel Hill Pike were “known as Avalon” and had been owned by the late Alexander Jones. This is stronger and earlier than the current public-history pages, but it remains one step removed from the original 1866 source."
Huntsville-Athens annotated land map,c. 1909 or later map; date not verified,Jones-family land and later parcel ownership research,c. 1909 or later,"Huntsville-Madison-Limestone corridor, Alabama","Ancestry family-tree media attached to J. Haywood Jones; map contains bold parcel numbers 2, 12, and 13 and annotations apparently including Henry Peebles, about 840 acres, and Ben Dickerson","Locate original map title, date, repository, legend or parcel key; identify annotated owners; compare parcels with Jones, Donnell, Drake, Garth, UAH, and Black landownership deeds and tax maps",UNVERIFIED CARTOGRAPHIC LEAD,Ancestry tree media; no stable original-source citation captured,"Do not treat handwritten labels or date as established facts. Use as a route into deed chains, tax maps, right-of-way records, condemnation records, and cemetery or grave-displacement evidence. Saved as Court-Deeds-and-Land_Huntsville-Athens-Land-Parcel-Map-Jones-Research_c1909_[c1909-Huntsville-Athens-Land-Parcel-Map-Jones-Research].jpg."
Willie Fay Jones,Willie Jones,Athens Pike landholder and claimant; relationship to other Jones claimants and Columbus Jones requires proof Lineage to Columbus and Reuben Jones now documented 2026-09-28 (see Source-Only Notes).,1954–1962,"North margin of Athens Pike, Huntsville, Alabama",Probate Causes 12257 and 14431; Circuit Cause 6147; 1955 affidavit; 1958 deed,"Birth, marriage, census, probate, death, deeds, title abstract, compensation checks, attorney file, and descendants","Documented land claimant and appellant; not identified here as formerly enslaved RESOLVED 2026-09-28: Willie Fay Jones (well litigant) is Willie Faye Jones (Deed Book 265, p. 314 grantor) — same man; see Source-Only Notes.","University of Alabama in Huntsville, Athens Pike documents, https://www.uah.edu/newsroom/athens-pike/documents","Add as a Black Jones lineage and land-dispossession lead. The records name Willie Fay Jones and Willie Jones; verify whether these are the same person and preserve both forms. RESOLVED 2026-09-28 — same person, proven. The Nov 18, 1963 bill in Equity Cause No. 18604 names the 1954–55 well-case litigant Willie Fay Jones as the Oct 15, 1958 grantor to W. L. Sanderson Realty; Hoksbergen & DeNeefe identify that deed as Madison County Deed Book 265, p. 314 (Alabama Review 79(3) (July 2026): 224–226, fns 116–118) and give the grantor as Willie Faye Jones: father Thomas Lee Jones (grandson of Columbus and Tomietta Jones), mother Ruby Odell McCalley Jones (granddaughter of Reuben and Jane Jones) — great-grandson of both Columbus and Reuben Jones. Former uncertainty retained for provenance; deed-authenticity dispute remains unresolved."
Lola Mae Jones,Lola Jones,Wife or co-grantor with Willie Jones in the 1958 deed; exact marital and inheritance relationship to be verified,"October 15, 1958","Athens Pike, Huntsville, Alabama",Warranty deed from Willie and Lola Mae Jones to W. L. Sanderson Realty,"Marriage, census, probate, death, deed acknowledgment, handwriting comparison, and heirs",Documented co-grantor; not identified here as formerly enslaved,"University of Alabama in Huntsville, Athens Pike documents, https://www.uah.edu/newsroom/athens-pike/documents",Preserve as a lineage and deed-authenticity lead. Verify the original signature or mark and acknowledgment rather than relying only on the index.
Lloyd Jones,,Jones-family claimant; final decree assigned a 1/8 interest,1955–1964,"Athens Pike, Huntsville, Alabama",Appeal in Probate Cause 12257; Equity Cause 18604 final decree,"Birth, marriage, census, probate, deeds, compensation receipt, and relationship to Willie Jones",Documented claimant; exact kinship unresolved,"University of Alabama in Huntsville, Athens Pike documents, https://www.uah.edu/newsroom/athens-pike/documents",Received or was allocated $646.03 for a 1/8 interest according to the final decree. Verify payment and relationship.
Reva Jones Boyd,Reba Jones Boyd,Jones-family claimant; final decree assigned a 1/8 interest,1955–1964,"Athens Pike, Huntsville, Alabama",Appeal in Probate Cause 12257; Equity Cause 18604 final decree,"Birth, marriage, census, probate, deeds, compensation receipt, and Boyd marriage records",Documented claimant; spelling and exact kinship unresolved,"University of Alabama in Huntsville, Athens Pike documents, https://www.uah.edu/newsroom/athens-pike/documents",The index uses both Reva and Reba. Preserve both until the original records settle the spelling. Allocated $646.03 for a 1/8 interest.
Lillie Mae Crawford,,Jones-network claimant; final decree assigned a 1/8 interest,1956–1964,"Athens Pike, Huntsville, Alabama",Probate compensation order and Equity Cause 18604 final decree,"Birth, marriage, census, probate, deeds, compensation receipt, Crawford marriage records, and relationship to Jones heirs",Documented claimant; exact kinship unresolved,"University of Alabama in Huntsville, Athens Pike documents, https://www.uah.edu/newsroom/athens-pike/documents",Allocated $646.02 for a 1/8 interest. Do not assume relationship from the interest alone; trace the succession stated in Willie Jones’s 1955 affidavit.
Charlie Eldridge,,Claimant in the Athens Pike land succession; final decree assigned a 1/4 interest,1955–1964,"Athens Pike, Huntsville, Alabama",Appeal in Probate Cause 12257; Equity Cause 18604 final decree,"Birth, marriage, census, probate, deeds, compensation receipt, and relationship to Jones heirs",Documented claimant; exact kinship unresolved,"University of Alabama in Huntsville, Athens Pike documents, https://www.uah.edu/newsroom/athens-pike/documents","Allocated $1,292.05 for a 1/4 interest. Include as a plantation-community and inheritance-network lead even though surname is not Jones."
Neal Collier,Neal Collier or unknown heirs,Claimant or succession interest associated with Athens Pike land; final decree assigned a 1/4 interest,1963–1964,"Athens Pike, Huntsville, Alabama",Equity Cause 18604 final decree,"Birth, marriage, census, probate, deeds, publication notice, heirs, and relationship to Jones claimants",Documented interest; identity and heirs unresolved,"University of Alabama in Huntsville, Athens Pike documents, https://www.uah.edu/newsroom/athens-pike/documents","Allocated $1,292.04 for a 1/4 interest to Neal Collier or unknown heirs. High-priority collateral-kinship lead because the court itself left heirs unresolved."
Rachelle Stewart,,Witness to Willie Fay Jones’s mark on the 1955 succession affidavit,"December 21, 1955","Madison County, Alabama",Affidavit of Willie Fay Jones in Probate Cause 12257,"Original affidavit, witness address, census, city directory, kinship and neighborhood records",Documented witness; kinship or community role unresolved,"University of Alabama in Huntsville, Athens Pike documents, https://www.uah.edu/newsroom/athens-pike/documents","Include as a neighborhood, kinship, and document-authentication lead. Her role as witness may help test the mark, execution context, and local network."
Columbus Jones,Columbus Jones,"Elizabeth's household / Jones plantation, Madison Co. AL","c.1820s (era of Elizabeth's manumission); active by Reconstruction (elected to Alabama House, 1868 per prior research)","Madison County, Alabama","Referred to as a documented ""Jones-family figure"" in secondary literature and on the researcher's own poster/lineage chart, alongside Elizabeth's children Evalina, Ann and Shandy.","The 1820 Alabama manumission act names only Elizabeth, Evalina, Ann, and Shandy -- Columbus Jones's relationship to Elizabeth (son? unrelated Jones-plantation figure?) is NOT established in the act itself and needs a primary-source test.",Unverified / Hypothesis under investigation,Poster reviewer flagged this exact issue: draw as a separate box connected by a dashed line labeled 'relationship under investigation' rather than as a confirmed child of Elizabeth.,"Corrections/notes on Research-Leads_Avalon-Poster-Annotated-Review_undated_[Avalon-Poster-Annotated-Review].pdf and Research-Leads_Avalon-Poster-Improvement-Guide_undated_[Avalon-Poster-Improvement-Guide].pdf, reviewed 2026-08-17. UPDATE 2026-09-12: Ancestry.com family tree (unsourced lead) lists Columbus Jones as a son of ""Elizabeth (Enslaved)"" via unions with Llewellen Jones and Turner Moore; a Freedman's Bank Huntsville branch record for Columbus Jones (Oct 2 1867, application #29) independently names brothers Reuben and Turner who died at the same place as their unnamed mother (d. fall of [18]61). This PARTIALLY corroborates, but does not prove, the tree's claimed maternal link. See DB2 row 147 (Elizabeth Enslaved) for detail."
Reuben Jones,Reuben Jones,"Elizabeth's household / Jones plantation, Madison Co. AL",c.1820s (era of Elizabeth's manumission),"Madison County, Alabama",Same as Columbus Jones above -- referred to as a documented Jones-family figure but not named in the 1820 manumission act.,"Same test needed as Columbus Jones: locate a primary source (birth, census, church, or estate record) that either confirms or rules out Reuben Jones as a son of Elizabeth.",Unverified / Hypothesis under investigation,Same poster-review flag as Columbus Jones.,"Same test needed as Columbus Jones: locate a primary source (birth, census, church, or estate record) that either confirms or rules out Reuben Jones as a son of Elizabeth. Same poster-review flag as Columbus Jones. UPDATE 2026-09-12: a Freedman's Bank record for Columbus Jones (Oct 2 1867) names a brother ""Reuben"" who died at the same place as their unnamed mother (d. fall of [18]61) -- consistent with, not proof of, the tree's claim that Reuben and Columbus share the same mother, ""Elizabeth (Enslaved)."" See DB2 row 147."
Patsey,,"Nancy's household / Sanford Berry-Elizabeth Berry-Samuel G. Berry-Elizabeth Jones chain, Franklin Co. TN -> Madison/Jackson Co. AL",b. c.1805 (a child in 1824); fate after 1824 untraced,"Franklin County, Tennessee (origin); later Madison/Jackson Co., Alabama (family relocated)","1824 Sanford Berry deed of gift to daughter Elizabeth Berry: ""a Negro Woman named Nancy aged about nineteen years, and a Negro Child of said Negro woman named Patsey"" -- found within Elizabeth Jones v. Samuel G. Berry case file, FamilySearch IGN 005178550, image 100 of 1234, https://www.familysearch.org/ark:/61903/3:1:33S7-9BQW-7BT?view=fullText (recorded/registered Franklin Co. TN, image 101, https://www.familysearch.org/ark:/61903/3:1:33S7-8BQW-QBB?view=fullText)","Original 1824 TN deed image (already digitized/transcribed here); Franklin Co. TN deed book records; 1843 Madison Co. AL indenture/injunction bond (IGN 005178550, image 137) for cross-check against later family group","Documented (primary source, machine transcription) -- name and relationship to Nancy stated directly in the deed text; needs original-image confirmation given poor OCR quality elsewhere in this file set","FamilySearch, ""Madison, Alabama, United States records,"" Alabama Circuit Court (Madison County), Image Group Number 005178550, images 100-101 of 1234, https://www.familysearch.org/ark:/61903/3:1:33S7-9BQW-7BT?view=fullText","This 1824 TN deed of gift is the ORIGIN document for the Nancy family group later documented in the 1853 Elizabeth Jones v. Samuel G. Berry Madison Co. AL case (DB1 row 480; DB2 rows 402-414). Patsey, as Nancy's child in 1824, would be roughly 34-38 years old by 1843 -- notably older than any child in the 1843 family list (eldest listed there, Mary Ann, is 15). Patsey is NOT among the 1843-era family group (Mary Ann, Jim/Sim, John, Jesse, Sam, William, Cesar, Henderson, Little Nancy, Eliza) already logged in DB2. This suggests Patsey may have been sold, died, or separated from Nancy between 1824 and 1843 -- her fate is an open question, not yet traced in any later record."
Sallie,,"Elizabeth Jones household, Madison/Jackson Co. AL -- hired to/through Samuel G. Berry and John Berry","Referenced in dated notes 1840, 1843, 1845, 1847 (fate/age/full identity not stated)","Madison/Jackson County, Alabama","Four separate promissory notes within the Elizabeth Jones v. Samuel G. Berry case file, each recording payment ""for Sallie"": (1) Elizabeth Jones to John Berry, $146.62, note dated involving 24 July 1840, IGN 005178550 image 209, https://www.familysearch.org/ark:/61903/3:1:33S7-9BQW-7YS?view=fullText; (2) note recid. 18 [Jan] 1843, image 204, https://www.familysearch.org/ark:/61903/3:1:33S7-LBQW-WBB?view=fullText; (3) Elizabeth Jones to Samuel G. Beary, $100, Jan. 1845, image 159, https://www.familysearch.org/ark:/61903/3:1:33S7-8BQW-QRC?view=fullText; (4) Elizabeth Jones to Samuel G. Berry, $354.40, 3 June 1847, image 214, https://www.familysearch.org/ark:/61903/3:1:33S7-8BQW-QK3?view=fullText",Full case-image review to confirm Sallie's status (enslaved hire payments are the most likely reading given the case's subject matter and the recurring annual pattern) and to search for a fuller physical/age description; 1850/1860 Madison Co. AL slave schedules,"Reasonable inference (not yet confirmed as enslaved-hire payments in the text itself, though strongly indicated by context, amount pattern, and case subject matter) -- distinct from the two other DB2 entries named Sally/Sallie (row 266, Freedmen's Bank Huntsville, master Edward Spottswood; row 1036, Thomas Jones household, 1828 freedom action) which are unrelated households","FamilySearch, ""Madison, Alabama, United States records,"" Alabama Circuit Court (Madison County), Image Group Number 005178550, images 159, 204, 209, 214 of 1234","Recurring multi-year payment notes ""for Sallie"" between the same two men (Samuel G./John Berry) and Elizabeth Jones parallel the documented pattern of enslaved-labor hire common in this period and household; if confirmed, this would identify a previously unlogged enslaved woman in the same household as the Nancy family group (DB2 rows 402-414), though not explicitly named among them."
Elizabeth (Enslaved),,"Llewellen Jones, then Turner Moore; Madison Co. AL",b. c.1781 Talladega Co. AL (per tree); d. fall of [18]61 per Freedman's Bank remarks (unnamed mother),"Talladega Co. AL (birth, per tree); Madison Co. AL (death)","Ancestry.com ""Jones Family (Avalon Plantation)"" tree (ID 210795668), explicitly tagged ""Enslaved""; two unions (Llewellen Jones, then Turner Moore) produced Jones-surnamed children incl. Columbus Jones (DB2 row 143) and Reuben Jones (DB2 row 144), both already flagged by the poster reviewer as ""relationship under investigation""",Original vital/estate/probate record naming Elizabeth directly -- tree is an unsourced index only,"Unverified / tree hint only, PARTIALLY corroborated by a primary source: Freedman's Bank Huntsville branch, application #29 (Columbus Jones, Oct 2 1867) records an unnamed mother who ""died in fall of [18]61, same place,"" with brothers Reuben and Turner also dying ""same place""","Ancestry.com Family Tree, ""Jones Family (Avalon Plantation),"" tree 210795668 (lead only); corroborating primary source: Freedman's Bank Register of Signatures, Huntsville AL branch, Roll 01, image ALM816_1-0015, application #29, Columbus Jones, 2 Oct 1867 -- downloaded to Avalon iCloud folder (Ancestry Downloads/Freedmens-Bureau_Freedmans-Bank-Columbus-Jones-Huntsville-ALM816-1-0015_undated_[Freedmans_Bank_Columbus_Jones_Huntsville_ALM816_1-0015].jpg)","FIRST lead naming a mother for Columbus Jones (row 143) and Reuben Jones (row 144). The Freedman's Bank record independently confirms Columbus had brothers named Reuben and Turner who died at the same place as their mother -- consistent with, not proof of, the tree's claim. Recommend cross-referencing 1861 Madison Co. AL probate/death records for an enslaved woman named Elizabeth in the Jones/Moore household."
Penny (Enslaved),,Alexander P./Perkins Jones household (per tree),Unverified,"Madison Co. AL (per tree, inferred)","Ancestry.com tree -- appears as a spouse in the ""Alexander Perkins/Pickney/Pinkney Jones"" (1795-1865) profile, tagged similarly to Elizabeth (Enslaved)",Original record naming Penny -- tree entry is unsourced,Unverified / tree hint only,"Ancestry.com Family Tree, ""Jones Family (Avalon Plantation),"" tree 210795668","Surfaced alongside an unresolved profile-merge conflict: two tree entries likely represent one man (""Alexander P. Jones"" with father Turner Moore vs. ""Alexander Perkins/Pickney/Pinkney Jones"" with father Llewellen Jones). Flag for manual reconciliation before treating Penny as a distinct household from Elizabeth (Enslaved)."
Turner Jones Jr.,,Llewellen Jones/Turner Moore & Elizabeth (Enslaved); Madison Co. AL,d. c. fall of 1861 per Freedman's Bank remarks (same place as mother),Madison Co. AL,"Ancestry tree (listed as a son of Elizabeth Enslaved); Freedman's Bank Columbus Jones record (see row 147) names a brother ""Turner"" who died at the same place as their mother",Death/probate record naming Turner Jones Jr.,"Unverified / tree hint, partially corroborated by the Freedman's Bank sibling reference in row 147","Same Freedman's Bank citation as row 147 (Columbus Jones application, Oct 2 1867)","Sibling of Columbus (row 143) and Reuben (row 144) Jones. Distinguish carefully from ""Turner Moore,"" the enslaver himself, in all future notes."
Wade Jones,,"Elizabeth (Enslaved)/Turner Moore household, Madison Co. AL",Unverified,Madison Co. AL,"Ancestry.com tree only, listed as a son of Elizabeth (Enslaved)",Original record naming Wade Jones; 1850/1860/1870 census,Unverified / tree hint only,"Ancestry.com Family Tree, ""Jones Family (Avalon Plantation),"" tree 210795668",Not yet cross-checked against the Freedman's Bank remarks column (partly illegible past the Reuben/Turner mention) or census records.
Isabella Jones Scruggs,,"Elizabeth (Enslaved)/Turner Moore household, Madison Co. AL; married name Scruggs",Unverified,Madison Co. AL,"Ancestry.com tree only, listed as a daughter of Elizabeth (Enslaved)",Marriage record (Scruggs); census,Unverified / tree hint only,"Ancestry.com Family Tree, ""Jones Family (Avalon Plantation),"" tree 210795668","Possible overlap with the ""Scruggs"" surname already in DB3 (Henry C. Jones v. Clark/Scruggs, Batch 2, Madison Co. AL chancery) -- worth checking for a family connection."
Queen Ann Jones,,"Elizabeth (Enslaved)/Turner Moore household, Madison Co. AL",Unverified,Madison Co. AL,"Ancestry.com tree only, listed as a daughter of Elizabeth (Enslaved)",Original record naming Queen Ann Jones,Unverified / tree hint only,"Ancestry.com Family Tree, ""Jones Family (Avalon Plantation),"" tree 210795668",Distinctive first name may aid a targeted census or vital-record search.
Elizabeth Jones (daughter),,"Elizabeth (Enslaved)/Turner Moore household, Madison Co. AL",Unverified,Madison Co. AL,"Ancestry.com tree only, listed as a daughter of Elizabeth (Enslaved), sharing her mother's first name",Original record naming this Elizabeth Jones,Unverified / tree hint only,"Ancestry.com Family Tree, ""Jones Family (Avalon Plantation),"" tree 210795668",Shares a first name with her mother (row 147) -- take care not to conflate the two Elizabeths in future notes or DB entries.
Shandy Jones,Shandy Wesley Jones,"Madison County, AL; SCC claim No. 18,680 ($263, barred)",Claim barred; petition date TBD (3-page file),"Madison County, AL","Fold3 file/2224440; Geographical List of Claims, NARA M87, reel 13, image 16, NAID 641678723; barred files are RG 233, NARA M1407","Retrieve the 3-page petition via Huntsville-Madison County Public Library Fold3 access; transcribe age, residence, and occupation; compare against the Jan 1, 1873 Calvin/Willis Jones affidavit",Lead — in progress,https://www.fold3.com/file/2224440,"Do not conflate with Rachael Jones No. 18,679 ($207) or Shandy Jones No. 9,105 (Limestone County)."
William Jones,"John Jones (whipped the same night, Feb 1870)","Madison County, AL (freedmen — inferred from Freedmen’s Bureau context)",February 1870,"Madison County, AL","KKK hearings, vol. 9 — John H. Wager (Freedmen’s Bureau agent, Huntsville) testimony, Huntsville, Oct 14, 1871","Freedmen’s Bureau RG 105 Madison County complaints, Feb–Mar 1870; 1870 census Black Jones households in Madison County",Lead,"U.S. Congress Joint Select Committee, Testimony Taken … (1872), vol. 9","Race inferred Black from the Bureau context, not stated. Kinship to my Huntsville Jones family UNVERIFIED. This is the Klan-victim lead in the federal record closest to my family."
Howell Jones,,"Jackson County, AL",April 1871 (whipping of Wm. Harper),"Jackson County, AL","KKK hearings, vol. 8 — Rev. A. S. Lakin testimony, June 13, 1871, quoting the Huntsville Advocate, May 27, 1871; Gov. Robert B. Lindsay $200 reward proclamation","1870 Jackson County census (age, race, household); Lindsay’s 1871 reward proclamations and any arrest records; Jackson County circuit court minutes, 1871",Lead,"U.S. Congress Joint Select Committee, Testimony Taken … (1872), vol. 8","Alleged Klansman — charged as a disguised night rider. Whether he connects to my family is unknown. Do NOT conflate with Calvin Jones or Charles P. Jones of the Pulaski, Tennessee Klan den (white Tennesseans, a different family entirely)."
Columbus Jones,,"Madison County, AL; Alabama House 1868 (died Jan 1869)","April 27, 1868 (letter)","Huntsville, AL","ADAH Alabama Voices, ADAHvoices23053; Hoksbergen & DeNeefe (2026)",Get the full transcription of the letter and quote it directly; resolve his claimed 3-year Union Army service — no matching USCT service record found yet,Lead,alabamamosaic.org — ADAHvoices23053,"The letter documents Klan terror generally (freedmen ‘taken from their beds at night and carried to the woods and beaten almost to death by Rebels disguised’) as a witness’s report, not Columbus’s own victimization. The Alabama Review article prints the full transcription (pp. 228–229)."
Shandy Jones,Shandy Wesley Jones,None — free man; SCC claimant,"January 1, 1873 (Ancestry claimant-record date; claim number unverified)","Huntsville, Madison County, AL","SCC claim 18,680 case file located on Fold3 (file/2224440, 3-page multi-image file, images paywalled — retrieval in progress separately); Ancestry free Master Index shows a Huntsville claimant record dated January 1, 1873 with witnesses Calvin Jones and Willis Jones","Retrieve and transcribe the 3 Fold3 pages; confirm the claimant is Shandy Wesley Jones and distinguish from the Limestone County Shandy (claim 9,105)",Case file located; Ancestry record-to-claim association unconfirmed,"Fold3 file/2224440; NARA M87 reel 13, image 16; 1892 Consolidated Index of Claims (HathiTrust, scan 136); GenealogyTrails Madison County SCC list; Ancestry dbid 1216 (free account)",Fold3 file/2224422 (5 pages) is a different Shandy Jones claim — do not conflate. The Calvin Jones / Willis Jones witnesses appear only in Ancestry metadata; their relationship to Shandy is unverified.
Columbus Jones,—,Unresolved,1864–1868 (service per his letter; unit TBD),"Madison County, Alabama (Huntsville)","Pension pull — his letter states ‘I was in the Union Army three years’ (ADAH Voices item 23053); died in office, so a widow’s or minor’s dependent filing is the likeliest target","Unit via ADAH Civil War Service Database (free), then T288 pension card for Columbus or widow/minor (NARA RG 15)",Unverified — unit unknown; no pension card yet located,https://alabamamosaic.org/vufind/Record/ADAHvoices23053/Description,Death-year conflict unresolved: ADAH Dec 1868 vs Wikipedia/Foner 1869.
Harriet King (widow of George King),—,Unresolved,"Filed September 20, 1911","Madison County, Alabama","Cluster-research pull — widow’s file for George King, Co. I, 44th USCT, holds 25–40 Madison County witness testimonies; target-surname kin may appear as affiants","Application/certificate numbers, then full file (Fold3 ‘Civil War Widows’ Pensions’ or FamilySearch T288)",Unverified — file not yet pulled,https://reclaimingkin.com/strategy-pension-records/,Claim itself is a King’s; value is in the affiant network.
Dandridge Jones,—,Unresolved,"Civil War era; SCC claim No. 9,104","Limestone County, Alabama",Pension pull — T288 once unit known; re-check the 1883 approved-pensioner roll for Limestone County in the original volume (transcription page did not render),"Unit via service workstream, then T288 card (NARA RG 15)",Unverified — no service record or pension card yet located,Survey 2026-09-20 (kinship-next-paths report),"SCC 9,104 case file not yet obtained; allowed-vs-barred status unknown."
Reuben Jones,—,Unresolved,Civil War era,"Tuscaloosa County / Madison County, Alabama",Pension pull — T288 once unit known; Tuscaloosa/Madison filings; T289 USCT rolls 570–579 if USCT,"Unit via service workstream, then T288 card (NARA RG 15)",Unverified — no service record or pension card yet located,Survey 2026-09-20 (kinship-next-paths report),"Not the ‘Reuben Jones of Tuscaloosa’ in the rejected Revolutionary War pension list — different man, different century."
Calvin Jones,—,Unresolved,"1873 (witness on Shandy Jones’s SCC claim, Madison County)","Madison County, Alabama","Pension pull — batch T288 by surname + county once service workstream supplies units; appeared with Willis Jones as witness Jan 1, 1873","Unit via service workstream, then T288 card (NARA RG 15)",Unverified,Survey 2026-09-20 (kinship-next-paths report),Witness role only so far — kinship to Shandy unproven.
Willis Jones,—,Unresolved,"1873 (witness on Shandy Jones’s SCC claim, Madison County)","Madison County, Alabama","Pension pull — batch T288 by surname + county once service workstream supplies units; appeared with Calvin Jones as witness Jan 1, 1873","Unit via service workstream, then T288 card (NARA RG 15)",Unverified,Survey 2026-09-20 (kinship-next-paths report),"Not the Confederate ‘Willis Jones’ pension entries for Madison County, Tennessee — wrong county, wrong side."
Anthony Jones,—,Unresolved,"Civil War era; SCC claim No. 3,137",Alabama (county TBD),Pension pull — batch T288 by surname + county once service workstream supplies units,"Unit via service workstream, then T288 card (NARA RG 15)",Unverified — no service record or pension card yet located,Survey 2026-09-20 (kinship-next-paths report),Context only.
Cyrus Jones,—,Unresolved,"Civil War era; SCC claim No. 10,247",Alabama (county TBD),Pension pull — batch T288 by surname + county once service workstream supplies units,"Unit via service workstream, then T288 card (NARA RG 15)",Unverified — no service record or pension card yet located,Survey 2026-09-20 (kinship-next-paths report),Not ‘Cyrus Sears’ (49th USCT) — different man.
William Jones,—,Unresolved,"Civil War era; SCC claim No. 18,997",Alabama (county TBD),Pension pull — batch T288 by surname + county once service workstream supplies units,"Unit via service workstream, then T288 card (NARA RG 15)",Unverified — no service record or pension card yet located,Survey 2026-09-20 (kinship-next-paths report),"Not ‘William Jones, Pvt., 5th US Heavy Artillery’ (Vicksburg enlistment, Mississippi birth) — unverifiable lead only, no Alabama linkage. Not ‘William Riley Jones’ (41st Alabama Infantry, CSA, killed Chickamauga 1863)."
Bettie F. Perkins,—,Unresolved,"Civil War era; SCC claim No. 21,755",Alabama (county TBD),Pension pull — husband unidentified; no filing targetable until he is (census/other workstreams),"Husband’s identity first, then his service record, then T288",Unverified — husband unknown,Survey 2026-09-20 (kinship-next-paths report),Sits below the Jones men in the pull queue for this reason.
William R. Jones / Abraham Perkins (Bedford chancery 1858-012),—,Unresolved,"1858 (Bedford County, Virginia)","Bedford County, Virginia",Page-level read priority — only title-level Jones–Perkins case in the 35-case Bedford set: Exrs of William R. Jones vs Admr of Abraham Perkins (extra surname Terry); beyondavalon.app links it to 1855-031 (‘Owens/Perkins v. Jones’) with roles reversed,Full cause read (images held in Avalon Drive); LVA online index Description field for enslaved persons named,Unverified — party identity vs Madison County network unproven; same-name ≠ same person,"LVA Chancery Records Index, Bedford County, case 1858-012; held in Avalon Drive (019_1858_012_*.pdf)",William R. Jones also defendant in 1816-022 — 42 years apart; father/son or same man unproven.
Owens/Perkins v. Jones (Bedford chancery 1855-031),—,Unresolved,"1855 (Bedford County, Virginia)","Bedford County, Virginia",Acquisition gap — cited by beyondavalon.app as companion to 1858-012 (roles reversed) but NOT in the Drive set; download from LVA Chancery Records Index,"Case file from LVA CRI (lva.virginia.gov/chancery/, Bedford, 1855-031)",Unverified — not yet held or read,https://www.virginiamemory.com/collections/chancery/,Highest-priority Bedford acquisition.
Gilbert Jones,,"Alex. Jones (former owner, per register)",1865-1872,"Madison County, Alabama","Freedmen's Bureau 'Colored Census' 1865-72, pp. 12-13: 'Gilbert Jones | 50 M | Former Owner: Alex. Jones | Occupation: Farming | County Madison | State Al. | Present Employ: Blacksmith.' Ancestry image 57.",Trace in 1870 Madison County census; check against the 14 men on Alexander P. Jones's 1860 slave schedule,Lead — name and former owner verified from register image,"Freedmen's Bureau, 'Colored Census' 1865-1872, pp. 12-13, Madison County, AL. Ancestry image 57 (staging/ancestry-records/). Read 2026-10-02.",'Alex. Jones' consistent with but not proven to be Alexander Pinckney Jones.
Mary Terrell,,"A Jones (former owner, per register)",1865,"Madison County, Alabama","FB 'Colored Census for the Year 1865,' Madison Co.: 'Mary do' (= Mary Terrell, previous row Richmond Terrell) — Former Owner 'A Jones' — Seamstress — Madison, Ala. Ancestry image 71.",Trace in 1870 Madison County census,Lead — name verified; 'A Jones' link unproven,"Freedmen's Bureau, 'Colored Census for the Year 1865,' Madison County, AL. Ancestry image 71. Read 2026-10-02.",
Martha Jones,,"A Jones (former owner, per register)",1865,"Madison County, Alabama","FB 'Colored Census for the Year 1865,' Madison Co.: 'Martha Jones' — Former Owner (ditto) 'A Jones' — Farming. Ancestry image 71.",Trace in 1870 Madison County census,Lead — name verified; 'A Jones' link unproven,"Freedmen's Bureau, 'Colored Census for the Year 1865,' Madison County, AL. Ancestry image 71. Read 2026-10-02.",
Tom Terrell,,"A Jones (former owner, per register)",1865,"Madison County, Alabama","FB 'Colored Census for the Year 1865,' Madison Co.: 'Tom do' (Terrell) — Former Owner (ditto) 'A Jones.' Ancestry image 71.",Trace in 1870 Madison County census,Lead — name verified; 'A Jones' link unproven,"Freedmen's Bureau, 'Colored Census for the Year 1865,' Madison County, AL. Ancestry image 71. Read 2026-10-02.",
Diana Terrell,,"A Jones (former owner, per register)",1865,"Madison County, Alabama","FB 'Colored Census for the Year 1865,' Madison Co.: 'Diana do' (Terrell) — Former Owner (ditto) 'A Jones.' Ancestry image 71.",Trace in 1870 Madison County census,Lead — name verified; 'A Jones' link unproven,"Freedmen's Bureau, 'Colored Census for the Year 1865,' Madison County, AL. Ancestry image 71. Read 2026-10-02.",
John Terrell,,"A Jones (former owner, per register)",1865,"Madison County, Alabama","FB 'Colored Census for the Year 1865,' Madison Co.: 'John do' (Terrell) — Former Owner (ditto) 'A Jones.' Ancestry image 71.",Trace in 1870 Madison County census. Do NOT merge with other John Joneses without evidence.,Lead — name verified; 'A Jones' link unproven,"Freedmen's Bureau, 'Colored Census for the Year 1865,' Madison County, AL. Ancestry image 71. Read 2026-10-02.",
Lucinda Jones,,"I Jones (or J Jones) (former owner, per register)",1865,"Madison County, Alabama","FB 'Colored Census for the Year 1865,' Madison Co.: 'Lucinda Jones' — Former Owner 'I Jones' (or 'J Jones') — Cook — employed Washing. Ancestry image 71.",Trace in 1870 Madison County census,Lead — name verified; former-owner initial ambiguous (I/J),"Freedmen's Bureau, 'Colored Census for the Year 1865,' Madison County, AL. Ancestry image 71. Read 2026-10-02.",
Holiday Jones,,"I Jones (or J Jones) (former owner, per register)",1865,"Madison County, Alabama","FB 'Colored Census for the Year 1865,' Madison Co.: 'Holiday do' (Jones) — Former Owner (ditto). Ancestry image 71.",Trace in 1870 Madison County census,Lead — name verified; former-owner initial ambiguous (I/J),"Freedmen's Bureau, 'Colored Census for the Year 1865,' Madison County, AL. Ancestry image 71. Read 2026-10-02.",
Willie Jones,,"I Jones (or J Jones) (former owner, per register)",1865,"Madison County, Alabama","FB 'Colored Census for the Year 1865,' Madison Co.: 'Willie do' (Jones) — Former Owner (ditto). Ancestry image 71.",Trace in 1870 Madison County census,Lead — name verified; former-owner initial ambiguous (I/J),"Freedmen's Bureau, 'Colored Census for the Year 1865,' Madison County, AL. Ancestry image 71. Read 2026-10-02.",
Mary Terrill,Mary Terrell (1865 Colored Census spelling),,1870,"Huntsville Ward 1, Madison County, Alabama","1870 U.S. Census, Madison Co. AL, M593, Huntsville Ward 1, Dwelling 15, Family 21, p. 3 (written), enumerated June 1, 1870. Household, transcribed verbatim: William Terrill, 50, M, Mulatto, Barber, b. Tennessee (~1820); Lelia Terrill, 42, F, Mulatto, Keeping House (real estate $2000 / personal $1150 as written); John Terrill, 19, M, Mulatto, Barber; Alonzo Terrill, 15, M, Mulatto; Robert Terrill, 11, M, Mulatto; Addie Terrill, 10, F, Mulatto; William Terrill, 7, M, Mulatto; Martha Terrill, 5, F, Mulatto; Mary Terrill, 5, F, Mulatto; Lelia Terrill, 1, F, Mulatto; Harriett Lewis, 25, F, Black, Domestic Servt. All born Alabama except William Sr. Focus: 'Mary Terrill,' 5, F, Mulatto, b. ~1865 Alabama. LINK (do not merge): possible match to the 1865 Madison County Colored Census 'Mary Terrell' (DB2 lead row 172) - age fits (b. ~1865), same county, but no direct evidence of identity. FamilySearch tree attaches this census record to 'Mary Terrell 1865-Deceased, P9GN-N4B' - that is another researcher's assertion, NOT independent evidence.","Seek a linking record (Freedmen's Bureau labor/ration records, 1880 census trace, marriage or death record); check whether William Terrill connects to the Jones network",Lead - 1870 record verified; identity link to 1865 'Mary Terrell' unproven (do not merge),"1870 U.S. Census, Madison County, Alabama, M593 (FamilySearch collection 1438024). Record https://www.familysearch.org/ark:/61903/1:1:MHKJ-XD4 ; image https://www.familysearch.org/ark:/61903/3:1:S3HY-XXZ3-SW6 (image 256 of 820). Read 2026-10-02.","A second, distinct infant 'Mary Terrell' (b. 1870, Madison Co. AL) appears in the 1870 index in a different household - separate lead, DB2 lead row 182."
John Terrill,John Terrell (1865 Colored Census spelling),,1870,"Huntsville Ward 1, Madison County, Alabama","1870 U.S. Census, Madison Co. AL, M593, Huntsville Ward 1, Dwelling 15, Family 21, p. 3 (written), enumerated June 1, 1870. Household, transcribed verbatim: William Terrill, 50, M, Mulatto, Barber, b. Tennessee (~1820); Lelia Terrill, 42, F, Mulatto, Keeping House (real estate $2000 / personal $1150 as written); John Terrill, 19, M, Mulatto, Barber; Alonzo Terrill, 15, M, Mulatto; Robert Terrill, 11, M, Mulatto; Addie Terrill, 10, F, Mulatto; William Terrill, 7, M, Mulatto; Martha Terrill, 5, F, Mulatto; Mary Terrill, 5, F, Mulatto; Lelia Terrill, 1, F, Mulatto; Harriett Lewis, 25, F, Black, Domestic Servt. All born Alabama except William Sr. Focus: 'John Terrill,' 19, M, Mulatto, b. ~1851 Alabama, barber - son in the William Terrill household. RULED OUT as the 1865 person: 'John Terrell,' 17, Male, WHITE, b. ~1853 AL, in household of Martha Terrell (38, F, White, head) with Araminta Terrell (20) and Richard Terrell (15), Township 2 Range 2, Madison County, Household 12, p. 2, line 29 - a white family; cannot be the 1865 Colored Census person.",Confirm identity vs. 1865 'John Terrell' (DB2 lead row 176) - do not merge without direct evidence,Lead - 1870 record verified; white-family John Terrell ruled out; identity link to 1865 'John Terrell' unproven,"1870 U.S. Census, Madison Co. AL, M593. John Terrill record: https://www.familysearch.org/ark:/61903/1:1:MHKJ-FRS ; ruled-out white John Terrell: https://www.familysearch.org/ark:/61903/1:1:MHKJ-23X . Read 2026-10-02.",
Mary Terrell,,,1870 (b. 1870),"Madison County, Alabama","A second, distinct infant 'Mary Terrell' (b. 1870, Madison Co. AL) appears in the 1870 U.S. Census index in a DIFFERENT household - not the William Terrill household of Dwelling 15. Separate person from the 'Mary Terrill,' 5 (b. ~1865), of DB2 lead row 180. Do not merge.",Pull the household image to identify parents and household; index-only so far,Lead - index-only; household not yet read,,
Martha Jones,,"A Jones (former owner, per register)",1870,"Madison County, Alabama",1870 U.S. Census search for this 1865 Madison County Colored Census name (DB2 lead row 173) returned NO HITS - but INCONCLUSIVE: FamilySearch's record-search backend was malfunctioning at the time (returned 0 results even for a control query on a known-existing record). Do NOT record as an absence.,Retry the 1870 Madison County census search when the backend is working; try spelling variants (Terrell/Terrill/Tyrrell),"Search inconclusive - retry needed | UPDATE 2026-10-02: direct image browse of the 1870 film found THREE separate Martha Jones candidates in Huntsville (DB2 lead rows 188, 189, 191) - all recorded unmerged; identity vs. 1865 'Martha Jones' still unproven",,
Diana Terrell,,"A Jones (former owner, per register)",1870,"Madison County, Alabama","1870 U.S. Census search for this 1865 Madison County Colored Census name (DB2 lead row 175) returned NO HITS - but INCONCLUSIVE: FamilySearch's record-search backend was malfunctioning at the time (returned 0 results even for a control query on a known-existing record). Do NOT record as an absence. | UPDATE 2026-10-02: direct image browse found NO Diana Terrell/Terrill in Huntsville Wards 1-4 (fully reviewed) or township film images 380-401 (partially reviewed); film images 402-820 NOT yet reviewed - negative is search-status, not absence.","Done 2026-10-02: searched with working backend (Terrell/Terrill/Dina variants) — 0 hits. Remaining: township image browse 402-820; consider death records, migration out of county.","Search inconclusive - retry needed | UPDATE 2026-10-02: browse negative in Wards 1-4 + images 380-401; images 402-820 unreviewed | UPDATE 2026-10-02 (search backend recovered): index search with WORKING backend returned 0 results for Diana Terrell / Diana Terrill / Dina Terrell in 1870 Madison County census (collection 1438024) — meaningful negative for the index, not the glitch. Townships 402-820 image browse still pending; variants/migration/death/missed-by-census remain possible. | UPDATE 2026-10-02: image browse complete through film image 637; no Diana Terrell/Terrill. Images 638-820 unreviewed (see row 186 note).",,"2026-10-02: a Terry family (William, Charles, Laura, Jeremiah, James, Emerson, Agnes, Larkins Terry) appears on film image 384 - Terry is NOT a Terrell/Terrill variant; recorded here only to prevent false merges. | 2026-10-02: 'Diana Jones' appears on film image 515 — Diana with surname Jones, NOT Terrell/Terrill; not a hit, recorded to prevent false merges. | 2026-10-02: near-misses on film — 'Diana Jones' (image 515), 'Diana Lindsay' (image 537), 'Ferrill' family Basset/Bettie J/Tommie (image 553); none are Terrell/Terrill, recorded to prevent false merges. | Final browse (images 1-637): also not Diana Terrell — 'Diana Glover' (image 410), 'Diana B*han' (image 458)."
Lucinda Jones,,"I Jones (or J Jones) (former owner, per register)",1870,"Madison County, Alabama",1870 U.S. Census search for this 1865 Madison County Colored Census name (DB2 lead row 177) returned NO HITS - but INCONCLUSIVE: FamilySearch's record-search backend was malfunctioning at the time (returned 0 results even for a control query on a known-existing record). Do NOT record as an absence.,Retry the 1870 Madison County census search when the backend is working; try spelling variants (Terrell/Terrill/Tyrrell),"Search inconclusive - retry needed | UPDATE 2026-10-02: direct image browse found a Lucinda Jones candidate - Huntsville Ward 2, age 50, household of Jones Prince (DB2 lead row 190); identity vs. 1865 'Lucinda Jones' unproven (do not merge)",,
Holiday Jones,,"I Jones (or J Jones) (former owner, per register)",1870,"Madison County, Alabama","1870 U.S. Census search for this 1865 Madison County Colored Census name (DB2 lead row 178) returned NO HITS - but INCONCLUSIVE: FamilySearch's record-search backend was malfunctioning at the time (returned 0 results even for a control query on a known-existing record). Do NOT record as an absence. | UPDATE 2026-10-02: direct image browse found NO Holiday Jones in Huntsville Wards 1-4 (fully reviewed) or township film images 380-401 (partially reviewed); film images 402-820 NOT yet reviewed - negative is search-status, not absence.","Done 2026-10-02: searched with working backend (Holiday/Holliday variants) — 0 hits. Remaining: township image browse 402-820; consider death records, migration out of county.","Search inconclusive - retry needed | UPDATE 2026-10-02: browse negative in Wards 1-4 + images 380-401; images 402-820 unreviewed | UPDATE 2026-10-02 (search backend recovered): index search with WORKING backend returned 0 results for Holiday Jones / Holliday Jones in 1870 Madison County census (collection 1438024) — meaningful negative for the index, not the glitch. Townships 402-820 image browse still pending; variants/migration/death/missed-by-census remain possible. | UPDATE 2026-10-02: image browse complete through film image 637 (all Huntsville wards + townships to 637); no Holiday Jones. Images 638-820 unreviewed (FamilySearch Names-panel caching bug; working index search already 0 county-wide). | Final browse (images 1-637): 'Holliday' family Frank/Sarah (image 505) is not Jones — recorded anti-merge.",,
Willie Jones,,"I Jones (or J Jones) (former owner, per register)",1870,"Madison County, Alabama",1870 U.S. Census search for this 1865 Madison County Colored Census name (DB2 lead row 179) returned NO HITS - but INCONCLUSIVE: FamilySearch's record-search backend was malfunctioning at the time (returned 0 results even for a control query on a known-existing record). Do NOT record as an absence.,Retry the 1870 Madison County census search when the backend is working; try spelling variants (Terrell/Terrill/Tyrrell),"Search inconclusive - retry needed | UPDATE 2026-10-02: direct image browse found a Willie Jones candidate - Huntsville Ward 4, age 3, in household of Leroy Anthony (DB2 lead row 192); identity vs. 1865 'Willie Jones' unproven (do not merge)",,
Martha Jones,Martha Jones (1865 Colored Census spelling),,1870,"Huntsville Ward 1, Madison County, Alabama","1870 U.S. Census, Madison Co. AL, M593, Huntsville Ward 1, Dwelling 39, Family 37, p. 7 (written), line 10, enumerated June 2, 1870. HEAD of household, transcribed verbatim: Martha Jones, 39, F, Mulatto, Keeping house, b. Alabama; Jones Mollie, 22; Jones Thomas, 14; Jones Walter, 10; Jones John, 8; Jones Martha, 5; TERRILL James, 4; Echols Jennie, 24; Brown Mattie, 26; Ice Fannie, 22 (cook). NOTE: a Terrill child (James Terrill, 4) lives in this Jones household - possible link to the William Terrill household finds (DB2 lead rows 180-181); recorded unmerged.","Seek a linking record (Freedmen's Bureau labor/ration records, 1880 census trace, marriage or death record) to test identity vs. 1865 'Martha Jones' (DB2 lead row 173); investigate the James Terrill presence in this household",Lead - 1870 record verified; identity link to 1865 'Martha Jones' unproven (do not merge); separate candidate from DB2 lead rows 189 and 191,"1870 U.S. Census, Madison County, Alabama, M593 (FamilySearch collection 1438024). Record https://www.familysearch.org/ark:/61903/1:1:MHKJ-QBB ; image https://www.familysearch.org/ark:/61903/3:1:S3HY-XXZS-Y3V (film image 260 of 820). Read 2026-10-02.","Found by direct image browse of the 1870 census film (FamilySearch search backend broken). Three separate Martha Jones candidates found in 1870 Huntsville (rows 188, 189, 191) - do not merge without direct evidence."
Martha Jones,Martha Jones (1865 Colored Census spelling),,1870,"Huntsville Ward 1, Madison County, Alabama","1870 U.S. Census, Madison Co. AL, M593, Huntsville Ward 1, p. 38 (written), in WHITE household of Frank May, 53, cook (head), dwelling 279, family 280. Transcribed verbatim: Martha Jones, 35, F, Black, b. Alabama; with Jones Jack, 40, farm laborer; Jones Louisa, 9; Jones Buddy, 2.","Seek a linking record (Freedmen's Bureau labor/ration records, 1880 census trace, marriage or death record) to test identity vs. 1865 'Martha Jones' (DB2 lead row 173)",Lead - 1870 record verified; identity link to 1865 'Martha Jones' unproven (do not merge); SEPARATE candidate from DB2 lead rows 188 and 191,"1870 U.S. Census, Madison County, Alabama, M593 (FamilySearch collection 1438024). Record https://www.familysearch.org/ark:/61903/1:1:MHKJ-L6V ; image https://www.familysearch.org/ark:/61903/3:1:S3HY-XXZ3-9MB (film image 291 of 820). Read 2026-10-02.",Found by direct image browse of the 1870 census film (FamilySearch search backend broken).
Lucinda Jones,Lucinda Jones (1865 Colored Census spelling),,1870,"Huntsville Ward 2, Madison County, Alabama","1870 U.S. Census, Madison Co. AL, M593, Huntsville Ward 2, p. 1 (written), line 19, dwelling 6, family 6, enumerated August 26, 1870. Household headed by Jones Prince, 55, working in brick yard. Transcribed verbatim: Lucinda Jones, 50, F, Black, Keeping house, b. Alabama; Jones Charles, 32, brick yard; Jones Maria, 23; Jones Lucy, 14; Jones Susan, 11; Jones Frank M, 11.","Seek a linking record (Freedmen's Bureau labor/ration records, 1880 census trace, marriage or death record) to test identity vs. 1865 'Lucinda Jones' (DB2 lead row 177)",Lead - 1870 record verified; identity link to 1865 'Lucinda Jones' unproven (do not merge),"1870 U.S. Census, Madison County, Alabama, M593 (FamilySearch collection 1438024). Record https://www.familysearch.org/ark:/61903/1:1:MHKJ-W24 ; image https://www.familysearch.org/ark:/61903/3:1:S3HY-XXZS-184 (film image 296 of 820). Read 2026-10-02.",Found by direct image browse of the 1870 census film (FamilySearch search backend broken).
Martha Jones,Martha Jones (1865 Colored Census spelling),,1870,"Huntsville Ward 3, Madison County, Alabama","1870 U.S. Census, Madison Co. AL, M593, Huntsville Ward 3, p. 8 (written), in WHITE household of Sidney Mayhew, 41, lumber merchant (head), dwelling 38, family 42, enumerated August 16, 1870. Transcribed verbatim: Martha Jones, 30, F, Black, Cook, b. Alabama; with Jones Sam, 2.","Seek a linking record (Freedmen's Bureau labor/ration records, 1880 census trace, marriage or death record) to test identity vs. 1865 'Martha Jones' (DB2 lead row 173)",Lead - 1870 record verified; identity link to 1865 'Martha Jones' unproven (do not merge); SEPARATE candidate from DB2 lead rows 188 and 189,"1870 U.S. Census, Madison County, Alabama, M593 (FamilySearch collection 1438024). Record https://www.familysearch.org/ark:/61903/1:1:MHKJ-BVW ; image https://www.familysearch.org/ark:/61903/3:1:S3HY-XXZ3-SHB (film image 339 of 820). Read 2026-10-02.",Found by direct image browse of the 1870 census film (FamilySearch search backend broken).
Willie Jones,Willie Jones (1865 Colored Census spelling),,1870,"Huntsville Ward 4, Madison County, Alabama","1870 U.S. Census, Madison Co. AL, M593, Huntsville Ward 4, p. 3 (written), line 38, in WHITE household of Leroy Anthony, 56, physician (head), dwelling 18, family 18. Transcribed verbatim: Willie Jones, 3, M, Black, b. Alabama; with Jones Julia, 30, washwoman; Jones Ella, 1.","Seek a linking record (Freedmen's Bureau labor/ration records, 1880 census trace, birth or death record) to test identity vs. 1865 'Willie Jones' (DB2 lead row 179)",Lead - 1870 record verified; identity link to 1865 'Willie Jones' unproven (do not merge),"1870 U.S. Census, Madison County, Alabama, M593 (FamilySearch collection 1438024). Record https://www.familysearch.org/ark:/61903/1:1:MHKV-NJF ; image https://www.familysearch.org/ark:/61903/3:1:S3HY-XXZS-RJ8 (film image 354 of 820). Read 2026-10-02.",Found by direct image browse of the 1870 census film (FamilySearch search backend broken).
Lucinda Jones,,,1870,"Township 4 Range 2, Madison County, Alabama","1870 U.S. Census, Madison County AL (M593), Township 4 Range 2, page 15, line 14 (image; index says line 13), film image 473 of 820. As written: 'Jones Lucinda', 40, F, White, b. Alabama (~1830), 'Keeping house'. Household (dwelling 8, family 96): William Jones 41 M W Alabama (Farmer, head), Lucinda Jones 40, Charles Jones 20 M W (at Home), Lydia Jones 14 F W (at Home).",,"Lead only — do NOT merge with Ward 2 Lucinda Jones (Black, 50, b.~1820; lead row 190): this is a different person (White, 40, b.~1830). Do not merge with 1865 Colored Census Lucinda Jones without direct evidence.",Record https://www.familysearch.org/ark:/61903/1:1:MHKJ-RTX ; image https://www.familysearch.org/ark:/61903/3:1:S3HY-XXZS-R56,
Martha Jones,,,1870,"Township 4 Range 1, Madison County, Alabama","1870 U.S. Census, Madison County AL (M593), Township 4 Range 1, page 23, line 37 (image; index says line 35), film image 533 of 820. As written: 'Jones Martha', 8, F, Black, b. Alabama (~1862), 'at Home'. Household (family 176): Peter Jones 25 M B (Farm laborer, head), Mary Jones 30 F B (Keeping house), Martha Jones 8, George Jones 14 M B (at Home), James Jones 4 M B, Thomas Jones 15 M B (at Home).",,"Lead only — fourth separate Martha Jones candidate (rows 188/189/191 are the others); do not merge with each other or with 1865 Colored Census Martha Jones without direct evidence. | 1880 census: NO HIT for Martha Jones b.1859-1865 Madison County (90 results scanned); Peter Jones found in 1880 as servant in A.C. Grayson's household, not a head, no Martha present. She may have married (surname changed) or left Madison County.",Record https://www.familysearch.org/ark:/61903/1:1:MHKV-64W ; image https://www.familysearch.org/ark:/61903/3:1:S3HY-XXZ3-MZY,
Martha Jones,,,1870,"Township 3 Range 2, Madison County, Alabama","1870 U.S. Census, Madison County AL (M593), Township 3 Range 2, page 9, line 39 (index), household 70, film image 559 of 820. As written: 'Jones Martha', 46, F, White, b. Georgia (~1824). Household: Mont Jones 51 M W Georgia (head), Martha Jones 46, Nancy Jones 18 F Alabama, Eliza Jones 12 F Alabama, Mont Jones 8 M Alabama, Thomas Jones 3 M Alabama, Penny Jones 1 F Alabama.",,"Lead only — fifth separate Martha Jones candidate (rows 188/189/191/194 are the others); WHITE, so unlikely to be the 1865 Colored Census person, but recorded to prevent false merges. Do not merge.",Record https://www.familysearch.org/ark:/61903/1:1:MHKJ-NBB ; image https://www.familysearch.org/ark:/61903/3:1:S3HY-XXZ3-M5P,
Lucinda Jones,,,1870,"Township 3 Range 2, Madison County, Alabama","1870 U.S. Census, Madison County AL (M593), Township 3 Range 2, page 21, line 21 (index), household 148, film image 571 of 820. As written: 'Jones Lucinda', 19, F, White, b. Alabama (~1851). Household: Williamson Jones 22 M W Alabama (head), Lucinda Jones 19, James Jones 1 M Alabama.",,"Lead only — third separate Lucinda Jones candidate (rows 190/193 are the others); WHITE, 19, so unlikely to be the 1865 Colored Census person, recorded to prevent false merges. Do not merge.",Record https://www.familysearch.org/ark:/61903/1:1:MHKK-389 ; image https://www.familysearch.org/ark:/61903/3:1:S3HY-XXZS-B7Z,
Willys Jones,Willie Jones variant,,1870,"Township 3 Range 2, Madison County, Alabama","1870 U.S. Census, Madison County AL (M593), Township 3 Range 2, page 32, line 38 (index), household 218, film image 582 of 820. As written: 'Willys Jones', 2, M, Black, b. Alabama (~1868). Household: Mary Ann Jones 41 F W Tennessee (head), Sali* Jones 16 F Alabama, James Jones 14 M Alabama, Emeline Jones 11 F Alabama, Samuel Jones 9 M Alabama, Mary Jones 6 F Alabama, Jones Horner 16 M Alabama, Willys Jones 2.",,"Lead only — second Willie Jones candidate (row 192 is the other: Willie Jones 3, Ward 4); do not merge with each other or with 1865 Colored Census Willie Jones without direct evidence.",Record https://www.familysearch.org/ark:/61903/1:1:MHKV-8ZN ; image https://www.familysearch.org/ark:/61903/3:1:S3HY-XXZS-BTL,
Martha Jones,,,1870,"Township 3 Range 1, Madison County, Alabama","1870 U.S. Census, Madison County AL (M593), Township 3 Range 1, page 1, line 12 (index), household 1, film image 583 of 820. As written: 'Jones Martha', 32, F, White, b. Alabama (~1838). Household: James Jones 40 M W Alabama (head), Martha Jones 32, Charlotte Jones 35 F Alabama, Catherine Jones 12 F Alabama (plus Coyle and Cook families in same dwelling).",,"Lead only — sixth separate Martha Jones candidate (rows 188/189/191/194/195 are the others); WHITE, so unlikely to be the 1865 Colored Census person, recorded to prevent false merges. Do not merge.",Record https://www.familysearch.org/ark:/61903/1:1:MHKV-88B ; image https://www.familysearch.org/ark:/61903/3:1:S3HY-XXZ3-9MP,
Martha Jones,,,1870,"Township 3 Range 1, Madison County, Alabama","1870 U.S. Census, Madison County AL (M593), Township 3 Range 1, page 7, line 40 (index), household 48, film image 589 of 820. As written: 'Martha Jones', 40, F, White, b. Alabama (~1830). Household: Felix Jones 45 M (head), Martha Jones 40 F, Eveline Jones 20 F, John Jones 13 M, Benjaman Jones 12 M, Felise Jones 8 M, William Jones 5 M, Cornelias Jones 1 M.",,"Lead only — seventh separate Martha Jones candidate (rows 188/189/191/194/195/198 are the others); WHITE, so unlikely to be the 1865 Colored Census person, recorded to prevent false merges. Do not merge.",Record https://www.familysearch.org/ark:/61903/1:1:MHKJ-5DZ ; image https://www.familysearch.org/ark:/61903/3:1:S3HY-XXZS-512,
Willis Jones,Willie Jones variant,,1870,"Township 2 Range 2, Madison County, Alabama","1870 U.S. Census, Madison County AL (M593), Township 2 Range 2, page 4, line 17 (index), household 22, film image 619 of 820. As written: 'Willis Jones', 32, M, Black, b. Alabama (~1838), HEAD of household. Household: Willis Jones 32 M, Mary Jones 30 F, Edward Jones 12 M, Sarah Jones 8 F, William Jones 6 M, Mary Jones 4 F.",,"Lead only — third Willie/Willis candidate (row 192: Willie Jones 3, Ward 4; row 197: Willys Jones 2, T3R2); this one is an adult head of household, so unlikely to be the 1865 Colored Census child Willie Jones, but recorded unmerged. Do not merge.",Record https://www.familysearch.org/ark:/61903/1:1:MHKJ-27K ; image https://www.familysearch.org/ark:/61903/3:1:S3HY-XXZS-TDX,
Martha Jones,,,1880,"Huntsville, Madison County, Alabama","1880 U.S. Census (T9), Huntsville 2nd Ward, Madison County AL. As indexed: 'Martha Jones', 48, F, Mulatto, b. Alabama (~1832), widowed, 'Washes & Irons', head of household. Household: Martha Jones (daughter, 15), Mollie Jones (daughter, 29), John Hawkins (8). Mother b. Virginia. Sheet D-397, household 11877880.",,"STRONG lead for 1870 Martha Jones 39 (lead row 188): household continuity — daughters Mollie and Martha present in both 1870 and 1880. Very likely the same person; still unmerged pending direct evidence. FamilySearch tree LCXX-MXH attachment is another researcher's assertion, not evidence.",Record https://www.familysearch.org/ark:/61903/1:1:M4VM-3BY?lang=en ; image https://www.familysearch.org/ark:/61903/3:1:33S7-9YYY-1CS?view=index&personArk=%2Fark%3A%2F61903%2F1%3A1%3AM4VM-3BY&action=view&cc=1417683&lang=en,
Martha Jones,,,1880,"Beat 8, Madison County, Alabama","1880 U.S. Census (T9), Beat 8 Madison, ED 205. As indexed: 'Martha Jones', 45, F, WHITE, b. Alabama (~1835), single, relationship Sister. Household: Allen Jones 33, Alice Jones 24, Mollie Jones 5, Palmyra Jones 3, Bessie Jones 10 months. Father b. North Carolina, mother b. South Carolina. Only Madison County Martha Jones born 1832-1838.",,"Weak lead for 1870 Martha Jones 35 (lead row 189): RACE MISMATCH (1870 Black vs 1880 White), no Frank May household continuity, single/sister status. Kept separate. FamilySearch tree LCXX-MXH attachment is another researcher's assertion, not evidence.",Record https://www.familysearch.org/ark:/61903/1:1:M4J1-HVP?lang=en ; image https://www.familysearch.org/ark:/61903/3:1:33SQ-GYYK-3CBT?view=index&personArk=%2Fark%3A%2F61903%2F1%3A1%3AM4J1-HVP&action=view&cc=1417683&lang=en,
Martha Jones,,,1880,"Huntsville, Madison County, Alabama","1880 U.S. Census (T9), Huntsville 4th Ward, Madison County AL. As indexed: 'Martha Jones', 39, F, Mulatto, b. Alabama (~1841), widowed, Servant, relationship Other. Household of Zebulon P. Davis (64, Kentucky): Williemetta Davis 56, George L. 35, Henrietta 29, Zebulon P. 23, Norah C. 18, Effie P. 14, Louisa Jones 18, William Jones 5. Sheet C-422, household 11878334. Only Madison County Martha Jones born 1837-1843 (42 statewide scanned).",,"Lead for 1870 Martha Jones 30 (lead row 191): occupationally consistent (cook 1870 -> servant 1880); race Mulatto vs 1870 Black; no Mayhew household continuity. Unmerged. FamilySearch tree PQFF-TX3 attachment is another researcher's assertion, not evidence.",Record https://www.familysearch.org/ark:/61903/1:1:M4VM-DVZ?lang=en ; image https://www.familysearch.org/ark:/61903/3:1:33SQ-GYYY-9M1W?view=index&personArk=%2Fark%3A%2F61903%2F1%3A1%3AM4VM-DVZ&action=view&cc=1417683&lang=en,
Lucinda Jones,,,1880,"Huntsville, Madison County, Alabama","1880 U.S. Census (T9), Huntsville 2nd Ward, Madison County AL. As indexed: 'Lucinda Jones', 57, F, Black, b. Virginia (~1823), married, 'Keeps House', relationship Wife. Household: Lucy Jones (daughter, 22, Alabama), Prince Jones (husband, 59, North Carolina). Father and mother b. Virginia. Sheet B-410, household 11878115.",,"STRONG lead for 1870 Lucinda Jones 50 (lead row 190): household continuity — Prince Jones, her 1870 household head, is her husband in 1880, same Huntsville 2nd Ward. Very likely the same person; still unmerged pending direct evidence. Note birthplace Virginia (1870 said Alabama) — record discrepancy. FamilySearch tree M3YJ-8G9 attachment is another researcher's assertion, not evidence.",Record https://www.familysearch.org/ark:/61903/1:1:M4VM-8HK?lang=en ; image https://www.familysearch.org/ark:/61903/3:1:33SQ-GYYY-99M6?view=index&personArk=%2Fark%3A%2F61903%2F1%3A1%3AM4VM-8HK&action=view&cc=1417683&lang=en,
Lucinda Jones,,,1880,"Township 4, Madison County, Alabama","1880 U.S. Census (T9), Township 4 Range 1 East, Madison County AL. As indexed: 'Lucinda Jones', 51, F, WHITE, b. Alabama (~1829), widowed, 'Keeping House', relationship Mother-in-law. Household: Liddie Fields (daughter, 23, Alabama), James Fields 23, Emma Fields 6 months. Father and mother b. Virginia. Sheet C-305, household 11876152. Only Madison County Lucinda Jones born 1827-1833 (13 statewide scanned).",,"Lead for 1870 Lucinda Jones 40 white (lead row 193): race White, age (~51 vs expected ~50), and Township 4 geography match; no William Jones household continuity — now widowed, living with married daughter Liddie Fields. Kept separate from row 204. FamilySearch tree 'Lucinda Childress' KCQL-YNW attachment is another researcher's assertion, not evidence.",Record https://www.familysearch.org/ark:/61903/1:1:M4VM-Q77?lang=en ; image https://www.familysearch.org/ark:/61903/3:1:33SQ-GYYY-9SCX?view=index&personArk=%2Fark%3A%2F61903%2F1%3A1%3AM4VM-Q77&action=view&cc=1417683&lang=en,
William Jones,Willie Jones,,1880,"Huntsville, Madison County, Alabama","1880 U.S. Census (T9), Huntsville 1st Ward, Madison County AL. As indexed: 'William Jones', 13, M, Mulatto, b. Alabama (~1867), single, 'At School', relationship Son. Household: Julia Jones (mother, 28, Alabama). Sheet C-378, household 11877477.",,"Lead for 1870 Willie Jones 3 (lead row 192): name variant William (Willie is a common diminutive); CAUTIONS — race Mulatto vs 1870 Black, no Leroy Anthony household continuity (no Leroy Anthony found in Madison County 1880). Other weaker Madison County candidates exist (Willie Jones b.1868 parents Racheal/Lucian Jones; Willie Jones Maysville b.1869; William Jones b.1865). Unmerged. FamilySearch tree GK75-TK3 attachment is another researcher's assertion, not evidence.",Record https://www.familysearch.org/ark:/61903/1:1:M4VM-9GJ?lang=en ; image https://www.familysearch.org/ark:/61903/3:1:33S7-9YYY-16B?view=index&personArk=%2Fark%3A%2F61903%2F1%3A1%3AM4VM-9GJ&action=view&cc=1417683&lang=en,
Mary Terrell,Mary Terrill,,1880,"Huntsville, Madison County, Alabama","1880 U.S. Census (T9), Huntsville 1st Ward, Madison County AL. As indexed: 'Mary Terrell', 18, F, Mulatto, b. Alabama (~1862), single, 'At Home', relationship Daughter. Household of Lelia Terrell (mother, 55, Alabama): Adora Terrell (sister, 19), Alonzo Terrell (brother, 24), William Terrell (brother, 15), Robert Terrell (brother, 22), Lelia Terrell (sister, 11), John Terrell (brother, 25), Willie Terrell (other, 18, Tennessee). Father b. Tennessee, mother b. Alabama. Sheet C-394, household 11877826. Only Madison County Mary Terrell/Terrill born 1862-1868 (5 statewide scanned).",,"Lead for 1870 Mary Terrill 5 (lead row 180): KEY household continuity — same Terrell/Terrill family group in Huntsville 1st Ward, mulatto, with brother John (lead row 208); 1870 head William Terrill appears succeeded by Lelia (likely his widow), with a brother William (15) in the household. CAUTION: age 18 vs expected 15 (3-year discrepancy). Unmerged. FamilySearch tree P9GN-N4B attachment (same tree ID as the 1870 record) is another researcher's assertion, not evidence.",Record https://www.familysearch.org/ark:/61903/1:1:M4VM-CXX?lang=en ; image https://www.familysearch.org/ark:/61903/3:1:33SQ-GYYY-99ZP?view=index&personArk=%2Fark%3A%2F61903%2F1%3A1%3AM4VM-CXX&action=view&cc=1417683&lang=en,
John Terrell,John Terrill,,1880,"Huntsville, Madison County, Alabama","1880 U.S. Census (T9), Huntsville 1st Ward, Madison County AL. As indexed: 'John Terrell', 25, M, Mulatto, b. Alabama (~1855), married, Barber, relationship Son. Same Lelia Terrell household as lead row 207 (mother Lelia 55; siblings Adora, Alonzo, William, Robert, Lelia, Mary). Father b. Tennessee, mother b. Alabama. Sheet D-394, household 11877826.",,"Lead for 1870 John Terrill 19 (lead row 181): KEY household continuity — same Terrell/Terrill family in Huntsville 1st Ward, mulatto, alongside Mary (row 207); occupation Barber matches 1870. CAUTION: indexed age 25 vs expected 29 (4-year discrepancy); FamilySearch tree P9GN-JCX gives birth year 1852, closer to expected ~1851. EXCLUDED: John W. G. Terrell, 27, WHITE, head, Madison town, b. South Carolina, mother Martha J. Terrell — race and family mismatch. Unmerged. Tree P9GN-JCX is another researcher's assertion, not evidence.",Record https://www.familysearch.org/ark:/61903/1:1:M4VM-CXV?lang=en ; image https://www.familysearch.org/ark:/61903/3:1:33SQ-GYYY-998N?view=index&personArk=%2Fark%3A%2F61903%2F1%3A1%3AM4VM-CXV&action=view&cc=1417683&lang=en,
The twelve 1805 names (group),"Macon, Ben, Mary Ann, Edeline, Phileday/Philedia, Judith, Meriah, Big Will, Sarah (his wife), Delphia, Anthony, Polly","Lewellen Jones → Frances Ann Maria Jones (deed of gift, Sept 23, 1805, Bedford County VA)",1805–present (negative trace 2026-10-03),Bedford/Campbell County VA → unknown,"No post-1805 trace found in any workspace source (no sale, hire-out, estate division, or manumission) — verified negative, 2026-10-03","UAH Frances Cabaniss Roberts pull r04b01-12: collection index cross-references the twelve to 'Donnell, Maria Louisa Jones' — best candidate source for their later history",Negative finding (verified); Donnell lead open,"Jones-family land/leasing memo §B2 (2026-10-02/03); UAH Roberts collection index (child1-diaries/frances-roberts.md, lines ~20–30)","DB2 Sheet1 rows 82–94, 1357–1368, 1415–1426, 1927–1938 hold the twelve's individual entries. Remainder clause (to sons if Frances died without issue to 21) did not trigger — she had issue (Perkins children)."
Terrill William,William Terrill,"(Col) — Colored, Huntsville",July 1866,"Huntsville, Madison County, Alabama","NARA M754 internal revenue assessment list, July 1866 — '1 Gold Watch' valued $75, $1 tax",1870 census trace; Freedmen's Bureau records; any property records,STANDOUT verified lead — Black man owning a $75 gold watch one year after emancipation,"https://www.familysearch.org/ark:/61903/3:1:3QSQ-G9WS-CW3 (DGS 7110305, Roll 5, image 498); read 2026-10-02",Do NOT merge with William Terrill the barber (1870 Ward 1) without evidence. DB1 row 1938; DB4 row 710.
Jones Reubin,Reuben Jones,"Cotton taxpayer, Huntsville",December 1866,"Huntsville, Madison County, Alabama","NARA M754 internal revenue assessment list, Dec 1866 — cotton 454 lb @ 3¢, $13.62 tax",Marriage/estate/death records naming Reubin/Reuben Jones,LEAD ONLY — do NOT merge with Freedman's Bank Reuben Jones,"https://www.familysearch.org/ark:/61903/3:1:3QS7-99WS-4KZL (DGS 7110304, Roll 6, image 181); read 2026-10-02",DB1 row 1939.
Scruggs G. H.,,"Income taxpayer, Huntsville",July 1866,"Huntsville, Madison County, Alabama","NARA M754 internal revenue assessment list, July 1866 — income $500 @ 5%, $25 tax","Deed, court, and census records naming G. H. Scruggs",LEAD ONLY — do NOT merge with Calvin Scruggs or James W. Scruggs,"https://www.familysearch.org/ark:/61903/3:1:3QSQ-G9WS-H97P-M (DGS 7110305, image 497); read 2026-10-02",DB1 row 1942; cf. Alfred Scruggs SCC claim (DB1 1919) — no link established.
Jones Eck,,"Income taxpayer, Huntsville",July 1866,"Huntsville, Madison County, Alabama","NARA M754 internal revenue assessment list, July 1866 — income $800 @ 5%, $40 tax",Any record identifying Eck Jones (all spellings),"LEAD ONLY — race unmarked, do not assume; which Jones family unproven","https://www.familysearch.org/ark:/61903/3:1:3QS7-L9WS-C3S (DGS 7110305, image 490); read 2026-10-02",DB1 row 1940; DB4 row 708.
Jones G. W. Mrs,,"Retail dealer licensee, Huntsville",July 1866,"Huntsville, Madison County, Alabama","NARA M754 internal revenue assessment list, July 1866 — 'Ret. Dealer', 12 mos @ 10%, $10","Marriage, business, and probate records naming Mrs G. W. Jones",LEAD — woman merchant; relation to 'Jones G. W.' unproven,"https://www.familysearch.org/ark:/61903/3:1:3QS7-L9WS-C3S (DGS 7110305, image 490); read 2026-10-02",DB1 row 1941; DB4 row 709; capital thread.
Jones Jane S.,Jones Jane,Luxury-tax payer,July–September 1866,"Huntsville (July) / New Market (September), Madison County, Alabama",NARA M754 assessment lists — July 1866 piano $100/$2 (DGS 7110305 image 490); Sept 1866 New Market piano $100/$2 (image 437),Records distinguishing July 'Jane S.' from September 'Jane',LEAD — July 'Jane S.' vs Sept 'Jane' may or may not be the same person; do not merge,https://www.familysearch.org/ark:/61903/3:1:3QS7-L9WS-C3S ; https://www.familysearch.org/ark:/61903/3:1:3QSQ-G9WS-CZS ; read 2026-10-02,"DB1 rows 1943, 1945."
Jones Marshall,Marshall Jones,(Colored) — bought the Estate of Alexander P. Jones (decd) lands at chancery sale,"Chancery sale before Apr 30, 1870; chain recital Dec 3, 1872","Madison County, Alabama","Madison Co. Deed Book TT pp. 516–517: Marshall Jones (Colored) bought the A. P. Jones estate lands at chancery sale; Register → Edward C. Betts (Deed Book OO p.221, Apr 30, 1870) → Thaddeus Oakes → Delilah M. Bishop ($500, Dec 3, 1872)",The chancery sale record itself; any record of Marshall Jones after 1870,STANDOUT verified lead — Black man purchasing the enslaver A. P. Jones's estate lands; direct hit on Big 3 priority (freedpeople buying land),"https://www.familysearch.org/ark:/61903/3:1:3Q9M-C375-79SX-V (DGS 8586271, image 597); read 2026-10-02",Do NOT merge with any other Jones without evidence. DB1 row 1971; DB4 row 716; paper note [575].
Jones Reuben,Ruben Jones; Reubin Jones,Wife Mollie (signed 'Mallie') Jones; cotton taxpayer,Dec 1866 (tax list) — Jan & Nov 1872 (deeds),"Huntsville / Sec 33 T3 R1W, Madison County, Alabama","NARA M754 Dec 1866: 'Jones Reubin,' Huntsville, cotton 454 lb @ 3¢, $13.62 tax; Deed Book TT 488–490: J. P. Drake → Ruben Jones, 2 ac, $100 (Jan 1872); Reuben & Mollie Jones → Lucy Thompson, same 2 ac, $175 (Nov 1872)","Records linking the 1866 Reubin to the 1872 Ruben (1870 census, marriage)","STRONG CONTINUITY LEAD — cotton grower 1866, land buyer/seller 1872 — formal merge withheld pending evidence",https://www.familysearch.org/ark:/61903/3:1:3QS7-99WS-4KZL (tax list); https://www.familysearch.org/ark:/61903/3:1:3Q9M-C375-7943-Z and .../3Q9M-C375-79Q8-K (deeds); read 2026-10-02,"Do NOT merge with Freedman's Bank Reuben Jones. DB1 rows 1939, 1968–1969; paper note [574]."
Jones Harris,Harris Joney; Havin Jones,"Recurring witness on freedmen's liens, Triana",1872–1873,"Triana, Madison County, Alabama",Witness: Ruffin Jones mortgage (SS 374–375); Miles Wiggins lien (TT 219–220); Edmund Bollinger → Jones & Grantland $260 lien (UU–VV 600–601); Jan Blackburn → Toney & Grantland $60 lien (UU–VV 380–381); Reuben Toney → Samuel Arnett $145 mortgage,"1870 census and any record of Harris Jones, Triana/Madison County","LEAD — possible community anchor (literate, trusted, present at signings); identity unproven",Madison Co. Deed Books SS–VV; DGS 8586271/8586272; read 2026-10-02,DB1 row 1974; DB4 row 719; paper note [576].
Jones George,,Wife Jennie Jones; indicted 1872; $200 bail bond,August 1872,"Madison County, Alabama","Deed Book TT 335–336: deed of trust — George Jones & wife Jennie Jones → David D. Shelby, trustee, for George W. Vaughn ($200 bail bond for indicted George Jones) & Shelby ($25 attorney fee); collateral: cows, calves, crops","Madison County criminal court records, 1872, naming George Jones",LEAD — indictment and underlying offense unproven; chase the criminal case,https://www.familysearch.org/ark:/61903/3:1:3Q9M-C375-793R-Z and https://www.familysearch.org/ark:/61903/3:1:3Q9M-C375-79HP-4 ; read 2026-10-02,DB1 row 1958; DB4 row 715; paper note [573].
Jones Ruffin,,"Two liens to Jones & Grantland (1870, 1872)",Dec 1870 — Feb 1872,"Madison County, Alabama","Deed Book SS 374–375: Ruffin Jones → Joney & Grantland, $123.75, spotted pony 'Charlie' + crop (Feb 10, 1872); SS 376–377: Ruffin Jones (mark) → Toney & Grantland, $70 provisions advance (Dec 3, 1870)",1870 census and Freedmen's Bureau records naming Ruffin Jones,LEAD — same man across both liens is probable but not proven,https://www.familysearch.org/ark:/61903/3:1:3Q9M-C375-793R-S ; https://www.familysearch.org/ark:/61903/3:1:3Q9M-C375-79MV-J ; read 2026-10-02,Race unmarked on the deeds — do not assume. DB1 rows 1963–1964; paper note [573].
Jones Ephraim,,Crop lien to Johnston & Seats; worked Thomas B. Strong's plantation,June 1872,"Madison County, Alabama","Deed Book TT 239–240: Ephraim Jones → Johnston & Seats, $30 advances, entire 1872 cotton/corn crop on Mr Thomas B. Strong's plantation",1870 census and labor records naming Ephraim Jones and Strong's plantation,LEAD — labor-location data for the Triana-area Joneses,https://www.familysearch.org/ark:/61903/3:1:3Q9M-C375-794P-8 ; read 2026-10-02,Race unmarked on the deed — do not assume. DB1 row 1965; paper note [573].
Jones Newman,,Crop lien to H. L. Moss with Jessie Penney,January 1872,"Madison County, Alabama","Deed Book SS 142–143: Newman Jones & Jessie Penney (signed 'Jessie Pinney') → H L Moss, $40 advances for the 1872 crop; witness Gut Jones",1870 census and Freedmen's Bureau records naming Newman Jones,"LEAD — race unmarked on the deed, do not assume",https://www.familysearch.org/ark:/61903/3:1:3Q9M-C375-79WG-2 ; read 2026-10-02,DB1 row 1959; paper note [573].
Jones Lee,Lee ones (signature),Lien to Barham & Co; worked Mr. Crawford's place over Russell Hill,April 1872,"Russell Hill, Madison County, Alabama","Deed Book SS 500–501: Lee Jones (signed 'Lee ones') → Barham & Co, $20 supplies; collateral: gray horse, 2 hogs, household/kitchen furniture, farm implements, fowls, 1872 crops on Mr. Crawford's place over Russell Hill","1870 census naming Lee Jones, Crawford's place / Russell Hill",LEAD — fullest household inventory in the lien set,https://www.familysearch.org/ark:/61903/3:1:3Q9M-C375-79WY-D ; read 2026-10-02,Race unmarked on the deed — do not assume. DB1 row 1966; paper note [573].
Nancy Jones (wife of Marshall Jones),"Nancy Jones (Colored), SCC Claim No. 2,753",Alexander P. Jones (enslaver),"Claim filed 1870s; depositions Feb 18, 1876 (Nancy), July 8, 1876 (Marshall)","Madison County, Alabama","Southern Claims Commission Claim No. 2,753 (M1407 barred/disallowed series; Fold3): Nancy Jones (Colored) stated she was enslaved by Alexander ('Alex') P. Jones; husband Marshall Jones deposed as a 'head man' with liberty to trade and own property in his own name from early in the war; son Zachariah Jones filed Claim No. 2,273. The couple farmed ~80 acres of corn on Alex Jones's land after emancipation, with their children and a plow hand.",M1407 file read (Fold3 paywall); 1870/1880 census; marriage record; test merge with DB2 lead 216 (Marshall Jones (Colored)),Probable — do NOT merge without a bridging document,Fold3 SCC summaries; DB1 row 348; Marshall Jones memo §C1 (2026-10-02); DB1 row 1993,Identity hypothesis for the chancery purchaser (DB1 row 1971/1993): the deed's 'Marshall Jones (Colored)' may be this Nancy's husband. Distinct from the existing Nancy Jones leads (child of Columbus; M2062 Claim 51261). Parallel census trace running.
"""Sigh Jones (Cold)"" / ""Cy Jones (Col)""",Cy Jones (Col),Alexander S. Perkins estate,"Account due Jan 1, 1863; claim contested","Madison/Limestone County, Alabama","Turrentine, Administrator, v. Perkins et al. (ADAH SC00287 transcription): creditor claim for $882.18 against the Alexander S. Perkins estate (d. intestate ~Jan 23, 1867); bonds/notes jointly executed by Alexander P. Jones and Perkins 1861–62; prolonged postwar administration (June 1877 Athens chancery/estate notice, DB1 row 21).",Full case file; identity of Sigh/Cy Jones,Unverified — new lead,ADAH SC00287; DB1 row 1986; Limestone sweep memo §0 (2026-10-02),A Black creditor holding an $882 claim in 1863 — capital-thread evidence of Black economic agency during the war. Spelling preserved exactly as transcribed ('Sigh Jones (Cold)' / 'Cy Jones (Col)').
Fannie Harris (Colored),Fannie Harris; Limestone Marriage Book 1869-1874 COLORED p.99,Alexander P. Jones estate (heir-at-law list — candidate),Marriage book 1869-1874 (marriage date unknown),"Limestone County, Alabama","Limestone County Archives Master Index (verified 2026-10-02/03): 'HARRIS, FANNIE' — 17 hits across multiple distinct women: Deeds Vol 18 p.5; Vol 19 p.270; Divorce Record 1926–1931 p.212; Jail Register 1939–1947 p.136; Marriage Books 1869–1874 COLORED p.99 (!), 1905–1908, 1908–1912, 1915–1918; 'HARRIS, FANNIE M.' (Deeds Vol 11 1865–1867 p.60; Bond Book Prob Ct 1865–1870 p.34; Probate Court Loose Files H40, 11 pieces); 'HARRIS, FANNIE LEE' (Register of Deaths 1886–1891 p.60); 'FANNIE MAE/MAY/SUE' (later marriage books). Wills: none.","Pull the 1869-1874 COLORED marriage-book p.99 entry (bride/groom names, date); pull the 1865-1867 deed (Deeds Vol 11 p.60, Fannie M. Harris); test against the A.P. Jones estate heir 'Fannie Harris' (DB4 row 724)","Unverified — new lead; keep the Fannies separate, do NOT merge","Limestone County Archives, Master Index (2026-10-02/03); DB1 row 2009; DB4 rows 724, 743","Priority leads for the A.P. Jones estate heir: the COLORED marriage-book entry (1869-1874, p.99) and the 1865-1867 deed (Vol 11 p.60). The Fannie Harrises span 1865–1947 records and are plainly several women — do not merge. Folded 2026-10-03, fifth fold-in pass; spellings preserved exactly as shown in the index."
Marshall Jones — IDENTITY RESOLVED,"Marshal Jones (1870, one L); Marshall Jones (1880); DB2 leads 216, 224","Alexander P. Jones (enslaver; SCC Claim 2,753); Estate of Alexander P. Jones (chancery-sale purchaser, DB1 row 1971)",1870 census; 1880 census; Freedman's Bank 1872; SCC claim filed 1870s,"Madison County, Alabama (Township 3 Range 1, 1870; E.D. 200, 1880); 4 miles from Huntsville (1872)","VERIFIED IDENTITY RESOLUTION (2026-10-03): the deed's 'Marshall Jones (Colored)' (Deed Book TT pp. 516–517, DB1 row 1971), Nancy Jones's husband Marshall (SCC Claim No. 2,753 — Nancy enslaved by Alex P. Jones; Marshall deposed as 'head man,' given liberty to trade from early in the war), and the census household head resolve to ONE man. Evidence chain: 1870 M593 T3R1 hh 122 — 'Marshal Jones,' 50, Black, with Nancy 40, Zachriah 21, Pall 17, Mary 14, Nancy 4; 1880 E.D. 200 sh 56C — 'Marshall Jones,' 58, farmer, with Nancy 50, Zacharias 27, Nancy E. 16 (+ Walker Williams 23, Abner Ward 60); Freedman's Bank account 1259 (1872) — Nancy E. Jones, age 6, father Marshall, mother Nancy, '4 Miles from Huntsville, Ala.'; estate Jan 1866 account — 'Marshall Jones the East Place 170.00' (DB1 row 1993).",Re-read Deed Book TT pp. 516–517 image-by-image to resolve the purchase mechanics (why did the Register's deed go to Edward C. Betts?); trace Marshall forward past 1880; find the chancery sale file,VERIFIED — identity resolution with five-source evidence chain (DB1 row 2016); purchase mechanics still open,"1870 U.S. Census M593 T3R1 hh 122 p.14 ln 30: https://www.familysearch.org/ark:/61903/1:1:MHKJ-VZR ; 1880 U.S. Census E.D. 200 sh 56C: https://www.familysearch.org/ark:/61903/1:1:M4J1-QWP ; Freedman's Bank acct 1259: https://www.familysearch.org/ark:/61903/1:1:NST4-18K ; DB1 rows 1971, 1993, 2012–2016; DB4 row 731 (Resolved)","Folded 2026-10-03, sixth fold-in pass. This row strengthens/supersedes DB2 leads 216 and 224 as the verified-identity record — the earlier leads are preserved, not removed. Race recorded exactly as sources give it. The three unexamined candidates (1870 Courtland/Lawrence Co. b. 1844; 1880 Athens/Limestone Co. b. 1850; 1880 Mobile b. 1865) are kept separate — do NOT merge."
Nancy E. Jones,"Nancy E. Jones (Freedman's Bank account 1259, 1872)",Marshall Jones (father); Nancy Jones (mother),"1872 (age 6, b. ~1866); 1870 census (age 4); 1880 census (age 16)","4 Miles from Huntsville, Ala.; Madison County, Alabama","Freedman's Bank, Huntsville, account 1259 (1872): Nancy E. Jones, age 6, residence '4 Miles from Huntsville, Ala.'; father Marshall, mother Nancy. Corroborates the 1870 ('Nancy,' F, 4) and 1880 ('Nancy E.,' 16) census entries — the same child across three records.",Pull the full Bank account image for occupation/signature/details,Verified — three-record continuity (1870/1872/1880),Freedman's Bank acct 1259: https://www.familysearch.org/ark:/61903/1:1:NST4-18K ; DB1 row 2014,"Folded 2026-10-03, sixth fold-in pass. Daughter of the resolved Marshall Jones household."
Jones Dallas J.,Dallas J. Jones,,Apr 1866,"Huntsville, Madison County, Alabama","1866 Internal Revenue assessment list (NARA M754, Roll 6, DGS 7110304, image 30, Dist. 3 Div. 2): 'Jones Dallas J.' — Huntsville — Cotton 1240 lb @ 2¢ — $24.80. Header verified 'Division No. Two, Collection District No. Three.'",Identify Dallas J. Jones — 1870/1880 census; deeds; is this a white or Black grower?,Unverified — new lead; do not merge with any Jones,NARA M754 Roll 6 image 30: https://www.familysearch.org/ark:/61903/3:1:3QS7-L9WS-4K76 ; DB1 row 2019; DB4 row 748,"Folded 2026-10-03, sixth fold-in pass. New name in the 1866 rolls; race not indicated — do not assume."
Jones Mary W.,Mary W. Jones,,May 1866,"Huntsville, Madison County, Alabama","1866 Internal Revenue assessment list (NARA M754, Roll 6, DGS 7110304, image 52, Dist. 3 Div. 2): 'Jones Mary W.' — Huntsville — Cotton 1225 lb @ 2¢ — $24.50. Header verified. A woman growing cotton at scale (1,225 lb) in May 1866.",Identify Mary W. Jones — 1870/1880 census; deeds; probate (widow?),Unverified — new lead; do not merge with any Jones,NARA M754 Roll 6 image 52: https://www.familysearch.org/ark:/61903/3:1:3QSQ-G9WS-4KMN ; DB1 row 2021; DB4 row 749,"Folded 2026-10-03, sixth fold-in pass. Second woman in the 1866 Jones tax footprint (with Mrs G. W. Jones, retail dealer, DB1 row 1941)."
J.W.S. Donnell / J.W.S. Dennell — administrator of the J.N.S. Jones estate (NEW Donnell-family FAN lead),"James W S Dennell (Entry 8495, Spring 1869); J W S Donnell (Spring 1871 continuations, Fall 1873 execution)",J.N.S. Jones (estate administered); 'Alexander Jones' (second estate administered — do NOT merge with Alexander P. Jones),Spring 1869; Spring 1871; Fall 1873,"Limestone County, Alabama","Limestone County Court Dockets 1869–1871 (DGS 8688193 Item 4): Image 9, Spring Term 1869, Entry 8495 — 'Benjamin P Harris vs Garnishment — James W S Dennell, admr to N S Jones'; Image 9, Entry 8496 — 'Benjamin G Harris vs Garnishment — J W S Dennell, Admr Est Alexander Jones'; Image 89 of 114 (p.164), Spring Term 1871 continuations — 'Benjamin P Harris vs Garnishment — J W S Donnell Admr Est J N S Jones decd — Enjoined.' Execution Docket 1866–1875 (DGS 8688193 Item 2), Image 257 of 296 (p.474), Fall Term 1873, Entry 1090, case 8845 — 'J W S Donnell, Admr (Est Alex I Jones and N S Jones, decd) vs John Turrentine & Elizabeth Perkins' (judgment Oct 20, 1873; execution 'no property found Apr 16th 74').",Trace J.W.S. Donnell/Dennell in the Limestone records — who is he in the Donnell family; what did the estate do under his administration; read the full docket entries,Verified as administrator — identity vs. other Donnells unresolved; do NOT merge,"Docket Image 9: https://www.familysearch.org/ark:/61903/3:1:3QHV-N3ZT-7SCL ; Image 89: https://www.familysearch.org/ark:/61903/3:1:3QHV-N3ZT-73KX ; Execution Image 257: https://www.familysearch.org/ark:/61903/3:1:3QHV-N3ZT-7SD3 ; DB1 rows 2029–2034; DB4 rows 723, 755","Folded 2026-10-03, seventh fold-in pass. NEW Donnell-family FAN-cluster lead — the Donnell family connection to the Jones estates. Do NOT merge J.W.S. Donnell/Dennell with any other Donnell (including James Webb Smith Donnell) without direct evidence. The Dennell/Donnell spellings are treated as one man; the variant is flagged, not assumed away."
"Benjamin P. Harris — debt/garnishment suits against the Jones estates, 1867–1873 (with Benjamin F./G. Harris); 'Bury P. Harris' variant flagged, NOT merged",'Benjamin P Harris' (dockets); 'Bury P. Harris' (Nov 1867 Circuit Court minutes — do NOT merge on this alone); 'Benjamin G Harris' (Entry 8496); 'Benjamin F. Harris' (creditor set),"J.N.S. Jones (estate sued); A.P. Jones (estate sued via Paul L. Jones, Entry 8534)",Nov 1867; Spring 1869; Spring 1871,"Limestone County, Alabama","Limestone Circuit Court minutes (DGS 8688162), image 788 of 847, Wed Nov 13, 1867: Case 8496 — 'Bury P. Harris vs. Garnishee — 'of Est J N S Jones' — continued with leave for Garnishee J W Donnell and to file his answer of Est J N S Jones'; Case 8495 — 'Bury P. Harris vs. Garnishee J W Donnell, Admr of Est.' Court Dockets 1869–1871: Image 9, Entry 8495 — 'Benjamin P Harris vs Garnishment — James W S Dennell, admr to N S Jones'; Entry 8496 — 'Benjamin G Harris vs Garnishment — J W S Dennell, Admr Est Alexander Jones'; Image 11, Entry 8534 — 'Benjamin P Harris, Admr vs Debt — Paul L Jones, Admr Est A. P. Jones decd'; Image 89, Spring 1871 — 'Benjamin P Harris vs Garnishment — J W S Donnell Admr Est J N S Jones decd — Enjoined.'",Identify Benjamin P./F./G. Harris — creditors of the estates; read the underlying debt instruments; test whether 'Bury P. Harris' is the same man,Unverified — creditor leads; do NOT merge with Spotswood J. Harris; 'Bury' variant kept separate,"Minutes image 788: https://www.familysearch.org/ark:/61903/3:1:3QHV-N3ZR-K9KP-Z ; Docket Image 9: https://www.familysearch.org/ark:/61903/3:1:3QHV-N3ZT-7SCL ; Image 11: https://www.familysearch.org/ark:/61903/3:1:3QHV-F3ZT-7SD5 ; Image 89: https://www.familysearch.org/ark:/61903/3:1:3QHV-N3ZT-73KX ; DB1 rows 2029–2036; DB4 rows 756, 767","Folded 2026-10-03, seventh fold-in pass. The Harris family pursued both Jones estates for debt, 1869–1873. Do NOT merge any Harris name-form with Spotswood J. Harris (kept strictly separate, DB1 row 2009). 'Bury P. Harris' is flagged as a spelling variant only — no merge without evidence."
Peck & McAllister — creditor firm pursuing the J.N.S. Jones estate via garnishment (NEW lead),Peck & McAllister,"J.N.S. Jones (estate garnished); Robert B. Peebles (admr, garnishee)","Nov 13, 1867","Limestone County, Alabama","Limestone Circuit Court minutes (DGS 8688162), image 788 of 847, Wed Nov 13, 1867: Case 8492 — 'Peck & McAllister vs. Garnishee Robert B. Peebles, Admr' — in the same session as the Harris garnishment suits against the J.N.S. Jones estate (Cases 8495, 8496).","Identify Peck & McAllister — creditors of whom, on what instrument; full-session read for any associated suits",Unverified — new lead,https://www.familysearch.org/ark:/61903/3:1:3QHV-N3ZR-K9KP-Z ; DB1 row 2037; DB4 row 766,"Folded 2026-10-03, seventh fold-in pass."
"Paul L. Jones — administrator of the A.P. Jones estate (debt suits, Spring 1869)",Paul L Jones; Paul Lewellen Jones,A.P. Jones (estate administered); 'E. A. P. Jones' (also administered per Entry 8535 — do NOT merge with A.P. Jones),Spring 1869,"Limestone County, Alabama","Limestone County Court Dockets 1869–1871 (DGS 8688193 Item 4), Image 11 of 114, Spring Term 1869 (FamilySearch, signed in; verified 2026-10-03): Entry 8534 — 'Benjamin P Harris, Admr vs Debt — Paul L Jones, Admr Est A. P. Jones decd'; Entry 8535 — 'Mary A Walter vs Debt — Paul L Jones, Admr E A P Jones and O M Hundley.' Corroborates the A.P. Jones estate papers (paper note [580]) with live docket entries: Paul Lewellen Jones, nephew of A.P. Jones and son of J.N.S. Jones, administering the estate and being sued for its debts.",Read the full docket entries; the 1866 cotton-tax 'Jones P. L.' (DB1 row 2023) is a lead only — do not merge without evidence,Verified as administrator (debt suits); identity vs. 'Jones P. L.' unresolved,https://www.familysearch.org/ark:/61903/3:1:3QHV-F3ZT-7SD5 ; DB1 rows 2032–2033; DB4 row 760,"Folded 2026-10-03, seventh fold-in pass."
'Alexander Jones' — estate administered by J.W.S. Dennell (Entry 8496) — NOT Alexander P. Jones (identity firewall),"Alexander Jones (docket rendering, Entry 8496)",J.W.S. Dennell (administrator),Spring 1869,"Limestone County, Alabama","'Benjamin G Harris vs Garnishment — J W S Dennell, Admr Est Alexander Jones' (Court Dockets 1869–1871, Image 9, Spring Term 1869, Entry 8496). Adjacent to the J.N.S. Jones garnishment (Entry 8495). A second Dennell-administered estate under a name that is NOT 'Alexander P. Jones.'","Identify this Alexander Jones — deeds, probate, census; test against the Entry-8496 and Execution-Docket ('Alex I Jones') variants without merging",Unresolved — kept separate; do NOT merge with Alexander P. Jones,https://www.familysearch.org/ark:/61903/3:1:3QHV-N3ZT-7SCL ; DB1 row 2031; DB4 rows 757–758,"Folded 2026-10-03, seventh fold-in pass. Identity firewall: never merge without direct evidence."
'Alex I Jones' — estate co-administered by J.W.S. Donnell (Fall 1873 execution) — NEW unmerged variant,"Alex I Jones (execution-docket rendering, 1873)",J.W.S. Donnell (administrator); John Turrentine & Elizabeth Perkins (judgment debtors),Fall 1873,"Limestone County, Alabama","Execution Docket 1866–1875 (DGS 8688193 Item 2), Image 257 of 296 (p.474), Fall Term 1873, Entry 1090, case 8845: 'J W S Donnell, Admr (Est Alex I Jones and N S Jones, decd) vs John Turrentine & Elizabeth Perkins' — judgment Oct 20, 1873; execution returned 'no property found Apr 16th 74.'","Test whether 'Alex I Jones' is the same estate as the Entry-8496 'Alexander Jones' — as a test, not a merge",Unresolved — kept separate; do NOT merge with A.P. Jones or 'Alexander Jones',https://www.familysearch.org/ark:/61903/3:1:3QHV-N3ZT-7SD3 ; DB1 row 2034; DB4 row 758,"Folded 2026-10-03, seventh fold-in pass. Identity firewall: never merge without direct evidence."
'E. A. P. Jones' — NEW name variant (Entry 8535) — do NOT merge with A.P. Jones,"E A P Jones (docket rendering, Entry 8535)",Paul L. Jones ('Admr E A P Jones'); Mary A. Walter (plaintiff); O M Hundley,Spring 1869,"Limestone County, Alabama","'Mary A Walter vs Debt — Paul L Jones, Admr E A P Jones and O M Hundley' (Court Dockets 1869–1871, Image 11, Spring Term 1869, Entry 8535).","Identify 'E. A. P. Jones' — deeds, probate, census; new variant, unmerged",Unresolved — kept separate; do NOT merge with A.P. Jones,https://www.familysearch.org/ark:/61903/3:1:3QHV-F3ZT-7SD5 ; DB1 row 2033; DB4 row 759,"Folded 2026-10-03, seventh fold-in pass. Identity firewall: never merge without direct evidence."
John Turrentine & Elizabeth Perkins — judgment debtors of the Donnell-administered Jones estates (NEW leads),John Turrentine; Elizabeth Perkins,"J.W.S. Donnell (as administrator of the Jones estates, plaintiff)",Oct 1873 – Apr 1874,"Limestone County, Alabama","Execution Docket 1866–1875, Image 257 of 296 (p.474), Fall Term 1873, Entry 1090, case 8845: 'J W S Donnell, Admr (Est Alex I Jones and N S Jones, decd) vs John Turrentine & Elizabeth Perkins' — judgment Oct 20, 1873; execution returned 'no property found Apr 16th 74.'",Read the case file — what was the debt; who are Turrentine and Perkins; why was no property found,Unverified — new leads,https://www.familysearch.org/ark:/61903/3:1:3QHV-N3ZT-7SD3 ; DB1 row 2034,"Folded 2026-10-03, seventh fold-in pass."
Mary A. Walter — plaintiff vs. Paul L. Jones as administrator (NEW name lead),Mary A Walter,Paul L. Jones ('Admr E A P Jones and O M Hundley'),Spring 1869,"Limestone County, Alabama","'Mary A Walter vs Debt — Paul L Jones, Admr E A P Jones and O M Hundley' (Court Dockets 1869–1871, Image 11, Spring Term 1869, Entry 8535).",Identify Mary A. Walter — plaintiff suing the estate; full-entry read for the debt basis,Unverified — new lead,https://www.familysearch.org/ark:/61903/3:1:3QHV-F3ZT-7SD5 ; DB1 row 2033,"Folded 2026-10-03, seventh fold-in pass."
"Lewellen Jones — estate file, Case No. 223, Date 1820 (Madison County) — heirs 'John N. S. Jones & Son' (Executors), 'Alexander P. Jones & son', Frances A. M. Perkins, Gross Staggs; 'Slaves 47' — do NOT merge with the Bedford Lewellen","Lewellen Jones (estate-file rendering, Case No. 223, 1820)",'John N. S. Jones & Son' (Executors); 'Alexander P. Jones & son'; 'Frances A. M. Perkins'; 'Gross Staggs' (executor); 'A P Jones' (paid 1827–1831),1820 (estate file); 1827–1831 (executor payments),"Madison County, Alabama","Madison County estate file of Lewellen Jones, Case No. 223, Date 1820 (DGS 5082606): heirs list (image 332 of 1,045) — 'John N. S. Jones & Son' (Executors); 'Alexander P. Jones & son'; 'Frances A. M. Perkins'; 'Gross Staggs'; marginal note 'not related to Lewellen Jones in case 2272'; 'Slaves 47.' Executor Gross Scruggs's account (image 361) shows payments 'Paid John N S Jones' and 'Paid A P Jones' in 1827–1831.","Resolve which Lewellen this is vs. case 2272 and the Bedford Lewellen (suicide ~1820) — as open questions, not merges; identify the 47 enslaved people; amounts and basis of the Scruggs payments","Verified as a probate estate with executor payments — which Lewellen, unresolved; do NOT merge with the Bedford Lewellen",Image 332: https://www.familysearch.org/ark:/61903/3:1:33S7-9TYY-9RK8 ; Image 361: https://www.familysearch.org/ark:/61903/3:1:33S7-9TYY-9RJB ; DB1 row 2039; DB4 rows 761–763,"Folded 2026-10-03, seventh fold-in pass. The 47 enslaved people and the executor payments sit on the PEOPLE and CAPITAL threads. 'A P Jones' recorded exactly — not confirmed as 'Alexander P. Jones.' The file itself flags a second Lewellen (case 2272) — the ambiguity is preserved."
"'A P Jones' — paid by executor Gross Scruggs, 1827–1831 (Lewellen estate) — exact rendering preserved; not confirmed as Alexander P. Jones",A P Jones (executor-account rendering),'John N S Jones' (also paid); Gross Scruggs (executor); Lewellen Jones (estate),1827–1831,"Madison County, Alabama","Executor Gross Scruggs's account (image 361 of 1,045, Madison County estate file of Lewellen Jones, Case No. 223, Date 1820, DGS 5082606): payments 'Paid John N S Jones' and 'Paid A P Jones' in 1827–1831.",Amounts and basis of the payments — what obligation the estate paid; whether 'A P Jones' maps to Alexander P. Jones,Unverified — exact rendering only; do NOT merge with Alexander P. Jones,https://www.familysearch.org/ark:/61903/3:1:33S7-9TYY-9RJB ; DB1 row 2039; DB4 row 763,"Folded 2026-10-03, seventh fold-in pass. CAPITAL thread. Identity firewall: never merge without direct evidence."
Eunice Oakes — wife of Thaddeus Oakes; co-grantor of Deed Book TT pp. 516–517 (NEW name; CORRECTION: not 'Delilah Oakes'),"Eunice Oakes (deed signature, Dec 3, 1872)","Thaddeus Oakes (husband, co-grantor); Delilah M Bishop (grantee)","Dec 3, 1872","Madison County, Alabama","Madison County Deed Book TT pp. 516–517 (DGS 8586271, image 597), re-read 2026-10-03 (FamilySearch, signed in): grantors 'Thaddeus Oakes & Eunice Oakes his wife, of Madison County, Alabama' — signed 'Eunice Oakes (Seal)'; acknowledgment before Lewis M Douglass, Judge of Probate, Dec 3, 1872.","Trace Eunice Oakes — marriage record (Thaddeus Oakes), census, estate; confirm the earlier 'Delilah Oakes' reading is fully retired",Verified as co-grantor — identity otherwise unresolved; do NOT merge,https://www.familysearch.org/ark:/61903/3:1:3Q9M-C375-79SX-V ; DB1 row 2041; DB4 row 773,"Folded 2026-10-03, eighth fold-in pass. VERIFIED CORRECTION: the TT grantor-wife is Eunice Oakes — the earlier 'Delilah Oakes' reading is superseded."
Delilah M Bishop — grantee of Deed Book TT pp. 516–517; wife of George Bishop; took the tract as her separate estate (NEW names),"Delilah M Bishop (deed rendering, Dec 3, 1872)",George Bishop (husband); Thaddeus Oakes & Eunice Oakes (grantors),"Dec 3, 1872","Madison County, Alabama","Madison County Deed Book TT pp. 516–517 (DGS 8586271, image 597), re-read 2026-10-03 (FamilySearch, signed in): grantee 'Delilah M Bishop, wife of George Bishop' — habendum 'to Delilah M Bishop her heirs and assigns forever,' 'free from the the contracts or control of her said husband, and free from all liability for his debts' [sic]. $500 consideration.","Trace Delilah M Bishop and George Bishop — marriage record, census (1870/1880), deeds, estate; what became of the parcel",Unverified — new leads; do NOT merge,"https://www.familysearch.org/ark:/61903/3:1:3Q9M-C375-79SX-V ; DB1 rows 2041, 2044; DB4 row 772","Folded 2026-10-03, eighth fold-in pass. Married woman's separate-estate conveyance, Reconstruction-era Madison County — legally significant."
George Bishop — husband of Delilah M Bishop (NEW name),"George Bishop (deed reference, Dec 3, 1872)","Delilah M Bishop (wife, grantee)","Dec 3, 1872","Madison County, Alabama","Named only as 'wife of George Bishop' in the TT pp. 516–517 granting clause (DGS 8586271, image 597), re-read 2026-10-03.","Trace George Bishop — census, deeds, estate; the separate-estate clause shields the parcel from his control/debts",Unverified — new lead; do NOT merge,https://www.familysearch.org/ark:/61903/3:1:3Q9M-C375-79SX-V ; DB1 row 2041; DB4 row 772,"Folded 2026-10-03, eighth fold-in pass."
Virginia A Betts — wife of Edward C Betts; co-grantor of Deed Book OO p. 221 (NEW name),"Virginia A Betts (deed signature, Apr 30, 1870)","Edward C Betts (husband, co-grantor); Thaddeus Oakes (grantee)","Apr 30, 1870","Madison County, Alabama","Madison County Deed Book OO p. 221 (DGS 8586269, images 117–118), re-read 2026-10-03 (FamilySearch, signed in): grantors 'Edward C Betts and Virginia A Betts his wife, of Madison County, Alabama' — signed 'Virginia A Betts (Seal)'; proved by witness H L Mop before Lewis M Douglass, Apr 30, 1870; recorded June 5, 1870.","Trace Virginia A Betts — marriage record (Edward C Betts), census, estate",Unverified — new lead; do NOT merge,https://www.familysearch.org/ark:/61903/3:1:3Q9M-C375-Q7KN ; https://www.familysearch.org/ark:/61903/3:1:3Q9M-C375-Q7VZ ; DB1 row 2045,"Folded 2026-10-03, eighth fold-in pass."
Edward C Betts — the chain-gap figure: Register's deed went to him (per the 1872 recital) though Marshall Jones bought at the chancery sale; his own 1870 deed recites no Register's deed (lead),"Edward C Betts (deed renderings, 1870/1872)","Marshall Jones (Col'd) (chancery-sale purchaser); Thaddeus Oakes (grantee, 1870); Virginia A Betts (wife, co-grantor)","Apr 30, 1870 – Dec 3, 1872","Madison County, Alabama","Deed Book OO p. 221 (Apr 30, 1870): Betts & wife → Oakes, $565.31; recital names Marshall Jones (Col'd) as the chancery-sale purchaser but recites NO Register's deed to Betts. Deed Book TT pp. 516–517 (Dec 3, 1872): recital asserts the tract was 'conveyed by the Register of the Chancery Court at Huntsville, to Edward C Betts' — with no mechanism. Re-read 2026-10-03 (FamilySearch, signed in).","Find the Register's deed to Betts (date, consideration, parcel); find the chancery sale file (case number, sale report, buyer list); test bid-assignment vs. multiple-parcel vs. misreading hypotheses",Unresolved — the central chain-gap question; do NOT merge,"TT: https://www.familysearch.org/ark:/61903/3:1:3Q9M-C375-79SX-V ; OO: https://www.familysearch.org/ark:/61903/3:1:3Q9M-C375-Q7KN ; DB1 rows 2042, 2046–2048; DB4 rows 768, 770–771","Folded 2026-10-03, eighth fold-in pass. The gap is now two-sided: asserted in 1872, absent in 1870."
Isaiah Dill — witness to Deed Book TT pp. 516–517 (minor lead),Isaiah Dill (deed witness [minor read]),Thaddeus Oakes & Eunice Oakes; Delilah M Bishop,"Dec 3, 1872","Madison County, Alabama","Witness signature on the TT pp. 516–517 deed (DGS 8586271, image 597), re-read 2026-10-03: 'Isaiah Dill' [minor read].",Confirm the reading; census trace if needed,Unverified — minor lead,https://www.familysearch.org/ark:/61903/3:1:3Q9M-C375-79SX-V ; DB1 row 2041,"Folded 2026-10-03, eighth fold-in pass."
H L Mop — witness to Deed Book OO p. 221; 'Stamped 12¢' (minor lead),H L Mop (deed witness),Edward C Betts & Virginia A Betts; Thaddeus Oakes,"Apr 30, 1870","Madison County, Alabama","Witness signature on the OO p. 221 deed (DGS 8586269, images 117–118), re-read 2026-10-03: 'H L Mop' with 'Stamped 12¢' notation; proved the deed before Lewis M Douglass, Apr 30, 1870.",Confirm the reading; census trace if needed,Unverified — minor lead,https://www.familysearch.org/ark:/61903/3:1:3Q9M-C375-Q7KN ; DB1 row 2045,"Folded 2026-10-03, eighth fold-in pass."
J W Mority — second witness to Deed Book OO p. 221 [uncertain reading] (minor lead),J W Mority (deed witness [uncertain]),Edward C Betts & Virginia A Betts; Thaddeus Oakes,"Apr 30, 1870","Madison County, Alabama","Second witness signature on the OO p. 221 deed (DGS 8586269, images 117–118), re-read 2026-10-03: read as 'J W Mority' [uncertain].",Confirm the reading against the image; census trace if needed,Unverified — minor lead; reading uncertain,https://www.familysearch.org/ark:/61903/3:1:3Q9M-C375-Q7KN ; DB1 row 2045,"Folded 2026-10-03, eighth fold-in pass. Preserve the uncertain reading — do not normalize."
"James Webb Smith Donnell (1820–1876) — J.N.S. Jones's son-in-law (m. Maria Louisa Jones 1839); administrator of the J.N.S. Jones estate (1867–1873) and of Alexander T. Jones (Case No. 26) and John (Haywood) Jones (Case No. 25); defendant in the Jan 27, 1868 chancery sale case; 1850 slaveholder, Lawrence County",James W S Donnell; J W S Donnell; James W. Donnell; Jas W S Donnell; 'Major' Donnell (unverified); 'James Spotwood Donnell' (1937 death-record rendering),John Nelson Spotswood Jones (father-in-law); Maria Louisa Jones (wife); Alexander T. Jones; John (Haywood) Jones,1820–1876,"Limestone County, Alabama (Greenbrier/Athens); Lawrence County, AL (1850)","FamilySearch tree LHQJ-7W5 (b. 13 July 1820 Lebanon, Wilson, Tennessee per tree vs. AL in all census indexes — conflict); d. 8 Jan 1876 Greenbrier; buried Athens City Cemetery ('Aged 55'; Findagrave 39524014). 1850 census Lawrence Co AL (https://familysearch.org/ark:/61903/1:1:MH5S-JT1); 1860 Athens Limestone p. 87 (https://www.familysearch.org/ark:/61903/1:1:MHDP-DBC); 1870 T4 R3 Limestone p. 21 (https://www.familysearch.org/ark:/61903/1:1:MHKX-35M). 1850 Lawrence Co slave schedules ('James W S Donnell' / 'Jas W S Donnell'). Read 2026-10-03 (signed in).",Resolve TN vs AL birthplace; verify 'Major' title; extract 1850 slave-schedule counts; pull the 1880-census son's records separately (do NOT merge),Identity verified — birthplace conflict flagged; title unverified,"https://www.familysearch.org/en/tree/person/details/LHQJ-7W5 ; DB1 rows 2049, 2051–2053, 2057; DB4 rows 784, 789","Folded 2026-10-03, ninth fold-in pass. Central FAN-cluster figure: son-in-law + administrator + chancery defendant."
"Maria Louisa Jones Donnell (1824–1894) — daughter of John Nelson Spotswood Jones and Elizabeth Ann Haywood; married James Webb Smith Donnell 04 JUL 1839, Limestone County; co-defendant in the 1867 chancery bill",Maria Louisa Jones; Maria S Donnell; 'Sarah L Donnell' (1850 census misread),John Nelson Spotswood Jones (father); Elizabeth Ann Haywood (mother); James Webb Smith Donnell (husband),1824–1894; m. 1839,"Limestone County, Alabama (Greenbrier/Athens)","FamilySearch tree KVLT-KVJ (b. 6 Apr 1824 Greenbrier; d. 16 Aug 1894; m. 04 JUL 1839 Limestone). Named as 'Maria his wife' in the Case No. 26 bill and the OO Register's-deed recital ('James W S Donnell & Maria his wife'). 1850 census indexed 'Sarah L Donnell' 26 = Maria (tree note: '1850 Lawrence Co AL census, p 439, age 26'). Read 2026-10-03 (signed in).",Verify marriage in Limestone marriage records; reconcile 'Elizabeth Ann' vs 'Eliza Ann' Haywood,Identity verified (tree) — marriage unverified,"https://www.familysearch.org/en/tree/person/details/KVLT-KVJ ; DB1 rows 2050–2051, 2061; DB4 row 790","Folded 2026-10-03, ninth fold-in pass."
Spotswood Jones Donnell (1848–1876) — son of James W. S. and Maria Donnell; died the same year as his father,Spotswood Jones Donnell; Spotswood Donnell,James Webb Smith Donnell (father); Maria Louisa Jones (mother),1848–1876,"Limestone County, Alabama","FamilySearch tree LHQJ-7W5 (user-contributed); 1860 census Athens p. 87 ('Spotswood' 12); 1870 census T4 R3 p. 21 ('Spotswood' 21). Died 1876, the same year as his father. Read 2026-10-03 (signed in).",Confirm death/burial 1876 (Jones-Donnell Cemetery?); census trace,Unverified — new lead; do NOT merge,"DB1 rows 2052–2053, 2055; DB4 row 787","Folded 2026-10-03, ninth fold-in pass. Carries the Virginia 'Spotswood' naming thread."
"Susan Tanner Donnell (1862–1898) — daughter of James W. S. and Maria Donnell; 'Tanner' middle name links the Tanner surety family (John T. Tanner, bond surety in Case No. 26)",Susan Tanner Donnell; Sue Donnell,"James Webb Smith Donnell (father); Maria Louisa Jones (mother); John T. Tanner (namesake link, unproven)",1862–1898,"Limestone County, Alabama",FamilySearch tree LHQJ-7W5 (user-contributed); 1870 census T4 R3 p. 21 ('Sue' 8). The 'Tanner' middle name embeds the Tanner family — John T. Tanner was Donnell's bond surety in Case No. 26 (DB1 row 2064). Read 2026-10-03 (signed in).,Confirm the Tanner namesake link; census/death trace,Unverified — new lead; do NOT merge,"DB1 rows 2053, 2055, 2064; DB4 row 785","Folded 2026-10-03, ninth fold-in pass. Middle-name FAN evidence, not proof."
"Pauline Walter Donnell (1866–1915) — daughter of James W. S. and Maria Donnell; 'Walter' links Walter B. Jones (A.P. Jones heir, Case No. 26 complainant)",Pauline Walter Donnell; Pauline Donnell,"James Webb Smith Donnell (father); Maria Louisa Jones (mother); Walter B. Jones (namesake link, unproven)",1866–1915,"Limestone County, Alabama",FamilySearch tree LHQJ-7W5 (user-contributed); 1870 census T4 R3 p. 21 ('Pauline' 5). The 'Walter' middle name embeds the Walter B. Jones link — Walter B. Jones was a complainant in Case No. 26. Read 2026-10-03 (signed in).,Confirm the Walter B. Jones namesake link; census/death trace,Unverified — new lead; do NOT merge,"DB1 rows 2053, 2055, 2064; DB4 row 786","Folded 2026-10-03, ninth fold-in pass. Middle-name FAN evidence, not proof."
"Prince Bradford — freedman buyer at the Jan 27, 1868 chancery sale; Register's deed OO pp. 598–599, 1 June 1870, $130, S 1/2 of W 1/2 of SW 1/4 Sec 32, T4 R1W, 40 acres (also rendered 'Price Bradford' — uncertain, likely AI misread)",Prince Bradford; 'Price Bradford' [uncertain],"Estate of Alexander [T.] Jones (seller via Register); Johnson Beasley (fellow buyer, north half)","Jan 27, 1868 (sale); June 1, 1870 (deed)","Madison County, Alabama (Sec 32, T4 R1W)","Madison County Deed Book OO pp. 598–599 (DGS 8586269, image 309), Register's deed, William B Figures, Register → Prince Bradford, 1 June 1870, $130; delivered 27 June 1870, recorded 16 Aug 1870, ack. Lewis M. Douglass. Recital: 29th District decree Dec Term 1867; Huntsville Advocate 30 days' notice; auction Monday 27 Jan 1868. Read 2026-10-03 (signed in).","Resolve 'Prince' vs 'Price' from the image; trace Bradford in 1870/1880 census, deeds, tax",Verified as grantee — identity otherwise unresolved; do NOT merge,https://www.familysearch.org/ark:/61903/3:1:3Q9M-C375-QWMP ; DB1 rows 2060–2062; DB4 row 778,"Folded 2026-10-03, ninth fold-in pass. VERIFIED CORRECTION: OO pp. 598–599, not p. 568. Big Three #1: freedman buying Jones estate land."
"Johnson Beasley — freedman buyer at the Jan 27, 1868 chancery sale; Register's deed OO pp. 596–597, 1 June 1870, $130, N 1/2 of W 1/2 of SW 1/4 Sec 32, T4 R1W, 40 acres",Johnson Beasley,"Estate of Alexander [T.] Jones (seller via Register); Prince Bradford (fellow buyer, south half)","Jan 27, 1868 (sale); June 1, 1870 (deed)","Madison County, Alabama (Sec 32, T4 R1W)","Madison County Deed Book OO pp. 596–597 (DGS 8586269, image 308), Register's deed, William B Figures, Register → Johnson Beasley, 1 June 1870, $130; delivered 27 June 1870, recorded 16 Aug 1870, ack. Lewis M. Douglass. Same sale recital as Bradford. Read 2026-10-03 (signed in).","Trace Beasley in 1870/1880 census, deeds, tax",Verified as grantee — identity otherwise unresolved; do NOT merge,"https://www.familysearch.org/ark:/61903/3:1:3Q9M-C375-Q7GF ; DB1 rows 2059, 2061–2062; DB4 row 778","Folded 2026-10-03, ninth fold-in pass. Big Three #1: freedman buying Jones estate land."
"John T. Tanner — bond surety for James W. S. Donnell as administrator of Alexander T. Jones's estate (Case No. 26); with William P. Tanner answered the heirs' bill, denying the bond",John T. Tanner,James W. S. Donnell (principal on bond); Alexander T. Jones (estate); William P. Tanner,1867–1868 (Case No. 26),"Limestone County, Alabama","Case No. 26 (DB1 row 2064): Donnell gave bond as administrator 'with John Haywood Jones and John T. Tanner as securities.' John T. Tanner answered the bill, denying the bond (demurrers: no equity, misjoinder, multifariousness). Discharged with Donnell 28–29 May 1868. Candidate: John Thomas Tanner (1820–1899), Athens businessman (DB1 row 1981) — UNCONFIRMED, do not merge.",Confirm identity vs. John Thomas Tanner (1820–1899); trace the Tanner family,Unverified — new lead; do NOT merge,DB1 rows 2064–2066; DB4 row 777,"Folded 2026-10-03, ninth fold-in pass. The real 'Tanner nexus' = suretyship."
William P. Tanner — administrator of deceased surety John H. Jones; answered the Case No. 26 bill alongside John T. Tanner,William P. Tanner,"John H. Jones (decedent, former surety); John T. Tanner; James W. S. Donnell",1867–1868 (Case No. 26),"Limestone County, Alabama","Case No. 26 (DB1 row 2064): 'William P. Tanner (administrator of deceased surety John H. Jones) and John T. Tanner answered, denying the bond.' Note: the 1868 chancery summons names 'W. P. Tanner, administrator of the estate of J. Haywood Jones' (bibliography GT) — same man, consistent role.",Confirm identity; trace the Tanner family,Unverified — new lead; do NOT merge,"DB1 rows 2064, 2066; bibliography section GT","Folded 2026-10-03, ninth fold-in pass."
"Samuel K. McSpadden — Chancellor, Case No. 26 (final decree 28–29 May 1868)",Samuel K. McSpadden,"Limestone County Chancery Court, 28th District",May 1868,"Limestone County, Alabama (Athens)",Case No. 26 final decree 28–29 May 1868 (DB1 row 2065): 'Chancellor Samuel K. McSpadden.',"Biographical trace (chancellor tenure, other Jones-network cases)",Unverified — minor lead,DB1 rows 2064–2065,"Folded 2026-10-03, ninth fold-in pass."
"B. Sanders — Register, Case No. 26",B. Sanders,"Limestone County Chancery Court, 28th District",1867–1868,"Limestone County, Alabama (Athens)",Case No. 26 (DB1 row 2064): 'Register B. Sanders.',Full name; other Jones-network cases,Unverified — minor lead,DB1 row 2064,"Folded 2026-10-03, ninth fold-in pass."
"William B. Figures — Register of the fifth Chancery District, Northern Chancery Division; grantor of the Beasley and Bradford Register's deeds (OO pp. 596–599)",William B Figures,Johnson Beasley; Prince Bradford (grantees); Chancery Court 29th District,"June 1, 1870","Madison County, Alabama","Deed Book OO pp. 596–599 (DB1 rows 2059–2060): 'William B Figures, Register of the fifth Chancery District, Northern Chancery Division,' grantor of both Register's deeds.",Biographical trace; other Register's deeds in the Jones sales,Unverified — new lead,DB1 rows 2059–2061,"Folded 2026-10-03, ninth fold-in pass."
"B.J. Donnell — voter registration, Morgan County, Alabama, 1888 (UNMERGED FAN lead)",B.J. Donnell,—,1888,"Morgan County, Alabama","'Alabama, Voter Registration and Poll Tax Cards, 1834-1981': B.J. Donnell, Morgan County, 1888. Found 2026-10-03 (FamilySearch, signed in).","Trace; test against B. J. Donnell (Freedman's Bank, Vicksburg) — do NOT merge without evidence",Unverified — UNMERGED lead,DB1 (FAN cluster); DB4 row 788,"Folded 2026-10-03, ninth fold-in pass. Keep separate from J.W.S. Donnell."
"B. J. Donnell — Freedman's Bank Records, property record 1873, Vicksburg, Warren, Mississippi; birth 1848, Alabama (UNMERGED FAN lead)",B. J. Donnell,—,1873,"Vicksburg, Warren County, Mississippi","Freedman's Bank Records, property record 1873, Vicksburg: B. J. Donnell, b. 1848 Alabama. Found 2026-10-03 (FamilySearch, signed in).",Trace; test against Morgan County B.J. Donnell — do NOT merge without evidence,Unverified — UNMERGED lead,DB4 row 788,"Folded 2026-10-03, ninth fold-in pass. Freedman's Bank connection — possible freedman or white depositor; unproven."
"Nick J. Donnell — 1900 census, Athens, Limestone, Alabama; b. Nov 1848, AL; wife Ann; children William F, Janes E, George (UNMERGED FAN lead)",Nick J. Donnell,"Ann Donnell (wife); William F, Janes E, George Donnell (children)",1900,"Athens, Limestone County, Alabama","1900 U.S. Census, Athens, Limestone, AL: Nick J. Donnell, b. Nov 1848 AL; wife Ann; children William F, Janes E, George. Found 2026-10-03 (FamilySearch, signed in).",Trace backward (1870/1880); test against other Donnells — do NOT merge,Unverified — UNMERGED lead,DB4 (FAN cluster),"Folded 2026-10-03, ninth fold-in pass."
"J.B. McDonald — 1860 slave schedule, Limestone, Alabama (slaveholder); McDonald/McDonnell variant lead (UNMERGED)",J.B. McDonald,—,1860,"Limestone County, Alabama","1860 U.S. Census slave schedule, Limestone, AL: J.B. McDonald, slaveholder. Found 2026-10-03 (FamilySearch, signed in). McDonald/McDonnell variant lead.",Trace; test against Donnell/McDonnell lines — do NOT merge,Unverified — UNMERGED lead,DB4 (FAN cluster),"Folded 2026-10-03, ninth fold-in pass."
"James McDonald — 1850 census, Madison, Alabama (b. 1838 TN) and 1850 Limestone, Alabama (b. 1831 AL) (UNMERGED variant lead)",James McDonald,—,1850,"Madison County and Limestone County, Alabama","1850 U.S. Census: James McDonald, Madison, AL (b. 1838 TN); James McDonald, Limestone, AL (b. 1831 AL). Found 2026-10-03 (FamilySearch, signed in). Two different ages/birthplaces — possibly two people; kept separate.",Trace both; test against Donnell lines — do NOT merge,Unverified — UNMERGED lead,DB4 (FAN cluster),"Folded 2026-10-03, ninth fold-in pass."
"Rev. Robert S. Donnell (1784–1855) — James W. S. Donnell's father, Presbyterian minister (ANTI-MERGE: listed only to prevent merger with 'Rev. B.J. Donnell')",Rev. Robert S. Donnell,James Webb Smith Donnell (son),1784–1855,—,"FamilySearch tree LWY8-QV2 (user-contributed): Rev. Robert S. Donnell (1784–1855), Presbyterian minister, father of James W. S. Donnell. Listed ONLY to prevent merger with any 'Rev. B.J. Donnell.'",None — firewall entry,Firewall — do NOT merge with Rev. B.J. Donnell,FamilySearch tree LWY8-QV2,"Folded 2026-10-03, ninth fold-in pass."
"M O Donnell — mortgage, 1870, Madison County (UNMERGED FAN lead)",M O Donnell,—,1870,"Madison County, Alabama","Madison County mortgage, 1870: M O Donnell. Found 2026-10-03 (FamilySearch, signed in).",Trace; test against Donnell lines — do NOT merge,Unverified — UNMERGED lead,DB4 (FAN cluster),"Folded 2026-10-03, ninth fold-in pass."
Lewis M. Douglass — Judge of Probate / acknowledgment officer on the Beasley and Bradford Register's deeds (minor lead),Lewis M. Douglass; Lewis M Douglass,Johnson Beasley; Prince Bradford,June–Aug 1870,"Madison County, Alabama","Deed Book OO pp. 596–599: both Register's deeds 'acknowledged before Lewis M. Douglass'; delivered 27 June 1870, recorded 16 Aug 1870. (Also the TT/OO deed officer.)",Biographical trace if needed,Unverified — minor lead,DB1 rows 2061–2062,"Folded 2026-10-03, ninth fold-in pass."
Nannie Donnell Handley — 1937 Alabama death record names her father 'James Spotwood Donnell' (variant rendering of James Webb Smith Donnell),Nannie Donnell Handley,"James Webb Smith Donnell (father, as rendered)",d. 1937,Alabama,"Alabama death record, Nannie Donnell Handley, 1937: father's name rendered 'James Spotwood Donnell.' Read 2026-10-03 (FamilySearch, signed in).",Obtain the full death-record image; confirm which Nannie (1860 'Nannie' 14 vs 1870 'Nannie' 7),Unverified — new lead,DB1 row 2056,"Folded 2026-10-03, ninth fold-in pass. Informant conflated 'Webb Smith' with the Spotswood thread."
"William Hansell (Hansel) & Antonia (Antonina) Hansell — Case No. 27 complainants: 'William Hansel(l) & wife Antonia Hansell,' with Walter B. Jones and Paul L. Jones, sued James W. S. Donnell for the guardianship account; Antonina was one of the three minor wards (Paul, Walter B., Antonina); discharged with the others in the 29 May 1868 decree",William Hansell; William Hansel; Antonia Hansell; Antonina Hansell; Antonina Jones,Alexander T. Jones (guardian); Paul L. Jones; Walter B. Jones; James W. S. Donnell,1867–1868,"Limestone County, Alabama","Case No. 27 bill & decree (DGS 8688191), FamilySearch, read 2026-10-03 (signed in): complainants 'William Hansel(l) & wife Antonia Hansell.' Antonina Jones was one of the three minor heirs (DB1 row 2064). Married name Hansell; cf. the OO deed recital 'William I Hansell & Antonina his wife' (DB1 row 2061).",Marriage record (Antonina Jones–William Hansell); census trace,Unverified — new lead,"DB1 rows 2061, 2071, 2077; DB4 row 791","Folded 2026-10-03, tenth fold-in pass. 'Antonia' (No. 27) vs 'Antonina' (No. 26/OO) — renderings preserved."
"Duston Pryor — attorney; allowed a $300 attorney fee in the Case No. 27 Register's Report (J. B. Sanders, read and confirmed 25 May 1868) out of the guardianship account",Duston Pryor,Alexander T. Jones (guardianship); James W. S. Donnell; J. B. Sanders (Register),1868,"Limestone County, Alabama","Case No. 27, Register's Report (DGS 8688191), FamilySearch, read 2026-10-03 (signed in): '$300 attorney fee to Duston Pryor' allowed out of the $21,836.83 paid out of the wards' assets.",Bar/attorney records; which side he represented,Unverified — new lead,DB1 row 2076; DB4 row 791,"Folded 2026-10-03, tenth fold-in pass."
"Houston & Fryer — solicitors for John T. Tanner in Case No. 27 (answer filed 25 May 1867, five-ground demurrer)",Houston & Fryer,John T. Tanner,1867,"Limestone County, Alabama (Athens)","Case No. 27, John T. Tanner's answer (25 May 1867), 'solicitors Houston & Fryer' (DGS 8688191), FamilySearch, read 2026-10-03 (signed in).",Identify the firm members,Unverified — new lead,DB1 row 2075,"Folded 2026-10-03, tenth fold-in pass."
"Edward C. Betts — Register's-deed grantee in the Marshall Jones chain: the TT recital says the tract bought at the Jan 27, 1868 chancery sale by Marshall Jones (Colored) was 'conveyed by the Register of the Chancery Court at Huntsville, to Edward C Betts'; Betts & wife Virginia A. Betts conveyed to Thaddeus Oakes 30 Apr 1870 (recorded Deed Book O.O. p. 221)",Edward C. Betts; Edward C Betts,Marshall Jones (Colored) (auction bidder); Virginia A. Betts (wife); Thaddeus Oakes,1868–1870,"Madison County, Alabama (Huntsville)","Deed Book TT pp. 516–517 recital (DGS 8586271, image 597), FamilySearch, read 2026-10-03 (signed in): 'conveyed by the Register of the Chancery Court at Huntsville, to Edward C Betts.' Betts→Oakes deed 30 Apr 1870, recorded 4 Jun 1870 ('Madison. Deeds 1870,' pp. 299–300): 'sold at said sale to Marshall Jones, Cold [Colored], with the said exception of forty acres.' https://www.familysearch.org/ark:/61903/3:1:3Q9M-C375-Q7VZ",The Register's deed to Betts (Madison deeds 1868–1870); any assignment-of-bid instrument; who Betts was,Unverified — new lead,DB1 rows 2081–2082; DB4 row 793,"Folded 2026-10-03, tenth fold-in pass. Bidder-vs-deed-holder question: why did the Register's deed go to Betts?"
"Ben J. P. McCrary — defendant in Madison County Chancery Case No. 753, 'Paul L. Jones Adm vs. Ben J. P. McCrary et al.' — the 1868 chancery petition naming the decedent 'Alexander P Jones' (Madison rendering); the Madison-side counterpart to the Limestone No. 26/27 papers",Ben J. P. McCrary,Paul L. Jones (adm'r); Alexander P Jones,1868,"Madison County, Alabama","Sale investigation, 2026-10-03 (FamilySearch, signed in): Case No. 753, 'Paul L. Jones Adm vs. Ben J. P. McCrary et al.,' the 1868 chancery petition behind the Jan 27, 1868 sale, naming the decedent 'Alexander P Jones.'","Pull the Case No. 753 file — parties, sale report, full buyer list",Unverified — new lead,DB1 row 2082; DB4 rows 794–795,"Folded 2026-10-03, tenth fold-in pass. May hold the full Jan 27, 1868 buyer list."
"Benjamin McCrary / Ben J. P. McCrary / Benjamin P McCrary — white buyer at the Dec 8, 1866 administrator's sale of the Alexander P. Jones estate lands: $2,980 purchase price, two $1,480 purchase-money bonds (12 mo. and 2 yr.), sureties Daniel Carmichael & Hezekiah Balch; NO title made, vendor's lien retained; defaulted while keeping possession; defendant in Case No. 753 ('Paul L. Jones Adm vs. Ben J. P. McCrary et al.'). Renderings vary within the file — recorded exactly, do not normalize.",Benjamin McCrary; Ben J. P. McCrary; Benjamin P McCrary,Paul L. Jones (adm'r); Alexander P Jones,1866–1868,"Madison County, Alabama","Madison Chancery Case No. 753, DGS 5220109, FamilySearch, read 2026-10-03 (signed in, AI transcripts — image tiles failed to load): folder caption 'Ben J. P. McCrary'; bill 'Benjamin McCrary'; docket 'Benjamin P McCrary.'",Did McCrary ever pay? Madison chancery order books (post-Nov 1868 decree); deed grantor index 1868–1875 (McCrary as grantor/grantee); 1870 census trace,Unverified — new lead,"DB1 rows 2093–2094, 2099–2100; DB4 rows 801, 805","Folded 2026-10-03, thirteenth fold-in pass. White credit buyer, defaulted — set against the Jan 1868 freedpeople cash buyers."
"Daniel Carmichael — surety with Hezekiah Balch on Benjamin McCrary's two $1,480 purchase-money bonds (Dec 8, 1866) for the Alexander P. Jones estate land purchase; co-defendant in Case No. 753 ('Paul L. Jones Adm vs. Ben J. P. McCrary et al.'); served Oct 12, 1868",Daniel Carmichael,Benjamin McCrary; Paul L. Jones (adm'r); Alexander P Jones,1866–1868,"Madison County, Alabama","Madison Chancery Case No. 753 bill & summons return, DGS 5220109, FamilySearch, read 2026-10-03 (signed in, AI transcripts).",Census/deed trace; relationship to McCrary (kin? neighbor?),Unverified — new lead,"DB1 rows 2092–2093, 2097; DB4 row 801","Folded 2026-10-03, thirteenth fold-in pass."
"Hezekiah Balch — surety with Daniel Carmichael on Benjamin McCrary's two $1,480 purchase-money bonds (Dec 8, 1866) for the Alexander P. Jones estate land purchase; co-defendant in Case No. 753 ('Paul L. Jones Adm vs. Ben J. P. McCrary et al.'); served Oct 12, 1868",Hezekiah Balch,Benjamin McCrary; Paul L. Jones (adm'r); Alexander P Jones,1866–1868,"Madison County, Alabama","Madison Chancery Case No. 753 bill & summons return, DGS 5220109, FamilySearch, read 2026-10-03 (signed in, AI transcripts).",Census/deed trace; relationship to McCrary (kin? neighbor?),Unverified — new lead,"DB1 rows 2092–2093, 2097; DB4 row 801","Folded 2026-10-03, thirteenth fold-in pass."
"W H Nethersole — solicitor signature read (AI, UNCERTAIN) on the Case No. 753 bill; represents the complainant's counsel in 'Paul L. Jones Adm vs. Ben J. P. McCrary et al.'; handwriting not viewed",W H Nethersole,Paul L. Jones (adm'r),1868,"Madison County, Alabama (Huntsville)","Madison Chancery Case No. 753 bill signature, DGS 5220109, FamilySearch, read 2026-10-03 (signed in, AI transcript — uncertain reading).",Handwriting verification of the signature; bar/attorney records,Unverified — uncertain AI reading,DB1 row 2092; DB4 row 801,"Folded 2026-10-03, thirteenth fold-in pass. Do not treat the name as confirmed until the signature is read by hand."
"Jos.? Doyle — Sheriff (first name read by AI as 'Jos./? Doyle' — UNCERTAIN) who executed the Case No. 753 summons, delivering copies to McCrary, Carmichael, and Balch on Oct 12, 1868; docket: 'Original Returned Monday Nov. 1868'",Doyle; Jos. Doyle,Paul L. Jones (adm'r); Benjamin McCrary,1868,"Madison County, Alabama","Madison Chancery Case No. 753 summons return, DGS 5220109, image 7, FamilySearch, read 2026-10-03 (signed in, AI transcript — uncertain reading).",Handwriting verification of the docket entry,Unverified — uncertain AI reading,DB1 row 2097; DB4 row 801,"Folded 2026-10-03, thirteenth fold-in pass."
"Plato Jones — born 1841–1846 (census records differ) in Tennessee to Thomas and Mahala Jones; his family 'belonged to a wealthy planter named Haywood Jones prior to emancipation'; one of only three African American voting citizens of Athens after the Grandfather Clause; married Lizzie Garrett 1869; legendary brick mason; founding member of the Trinity School Society (incorporated 1880, American Missionary Association contract); pit master at the UDC Confederate monument barbecue; 11 children. Photo on file at Amistad. THE strongest named enslaved-family line touching the Haywood/Jones network.",Plato Jones,Haywood Jones (planter — identity unmerged: NPS planter vs John Haywood Jones),1841–post-1880,"Tennessee (birth); Athens, Limestone County, Alabama","Preservica / Amistad Research Center, 'Plato Jones: Getting to know the man behind the name' (photo on file at Amistad).",1870/1880/1900 census traces (Limestone County); the 1878 L.A. Roberts deed; Trinity School Society records; which Haywood Jones held the family (DB4 row 806),Unverified — new lead (major),"DB1 rows 2102–2103; DB4 rows 806, 809","Folded 2026-10-03, fourteenth fold-in pass. Full antebellum-to-Jim-Crow life arc — exactly the paper's people thread."
"Thomas Jones — father of Plato Jones (b. 1841–1846); the family 'belonged to a wealthy planter named Haywood Jones prior to emancipation'; living with Plato until 1878, when Thomas and Mahala paid $75 to L.A. Roberts for a one-acre lot between Brownsferry and Lucas Ferry roads",Thomas Jones,Haywood Jones (planter),pre-1846–1878+,"Tennessee (birth of children); Limestone County, Alabama","Preservica / Amistad Research Center, 'Plato Jones: Getting to know the man behind the name.'",1870/1880 census (Limestone County); was Thomas himself enslaved by Haywood Jones?; death/burial,Unverified — new lead,DB1 rows 2102–2103; DB4 row 809,"Folded 2026-10-03, fourteenth fold-in pass. Do NOT merge with any other Thomas Jones without a record."
"Mahala Jones — mother of Plato Jones (b. 1841–1846); the family 'belonged to a wealthy planter named Haywood Jones prior to emancipation'; living with Plato until 1878, when Thomas and Mahala paid $75 to L.A. Roberts for a one-acre lot",Mahala Jones,Haywood Jones (planter),pre-1846–1878+,"Tennessee; Limestone County, Alabama","Preservica / Amistad Research Center, 'Plato Jones: Getting to know the man behind the name.'",1870/1880 census (Limestone County); death/burial,Unverified — new lead,DB1 rows 2102–2103; DB4 row 809,"Folded 2026-10-03, fourteenth fold-in pass."
Lizzie Garrett — married Plato Jones in 1869 (Athens/Limestone County area),Lizzie Garrett; Elizabeth Garrett,Plato Jones (husband),1869+,"Limestone County, Alabama","Preservica / Amistad Research Center, 'Plato Jones: Getting to know the man behind the name.'",1869 marriage record (Limestone County); 1870/1880 census with Plato; maiden-family trace,Unverified — new lead,DB1 row 2103; DB4 row 809,"Folded 2026-10-03, fourteenth fold-in pass."
L.A. Roberts — sold a one-acre lot between Brownsferry and Lucas Ferry roads to Thomas and Mahala Jones for $75 in 1878 (Plato Jones's parents),L. A. Roberts,Thomas Jones; Mahala Jones (grantees),1878,"Limestone County, Alabama (Brownsferry / Lucas Ferry roads)","Preservica / Amistad Research Center, 'Plato Jones: Getting to know the man behind the name.'",Pull the 1878 deed (Limestone County deed books) for the exact legal description; Roberts identity (white landowner?),Unverified — new lead,DB1 row 2103; DB4 row 809,"Folded 2026-10-03, fourteenth fold-in pass. Deed pull is a follow-up."
"Plato Jones's eleven children — Lela, Irene, Ananias, Lizzie, Plato Jr., Hansel, Eva, Myrtle (and 3 more unnamed in the excerpt); children of Plato Jones and Lizzie Garrett (m. 1869)",Lela Jones; Irene Jones; Ananias Jones; Lizzie Jones; Plato Jones Jr.; Hansel Jones; Eva Jones; Myrtle Jones,Plato Jones; Lizzie Garrett,post-1869,"Athens, Limestone County, Alabama","Preservica / Amistad Research Center, 'Plato Jones: Getting to know the man behind the name.'",1880/1900 census traces (Limestone County); the 3 unnamed children; descendants,Unverified — new lead (family group),DB1 row 2103; DB4 row 809,"Folded 2026-10-03, fourteenth fold-in pass. Recorded as a group — split into individual leads only when census records confirm."
"Haywood, Barrett — African-American man, 'Haywood' as GIVEN name; registered to vote Sept 1867, Madison County, Alabama (ADAH voter-registration item 114440)",Barrett Haywood,Unresolved,1867,"Madison County, Alabama","ADAH 1867 Voter Registration Books (CONTENTdm, https://digital.archives.alabama.gov/digital/collection/voter1867), item 114440; reviewed 2026-09-27 (~/workspace/research_notes/haywood-20260927/memo.md §5).",1870 census trace (Madison County); surname Barrett — family cluster?,Unverified — new lead,DB1 row 2108; DB4 row 809,"Folded 2026-10-03, fourteenth fold-in pass. One of 8 African-American Haywoods in the 1867 Madison registers; 'Haywood' here is a given name, not a surname — do not merge with the surname-Haywoods."
"Haywood, Cooper — African-American man, 'Haywood' as GIVEN name; registered to vote June 1867, Madison County, Alabama (ADAH item 117086)",Cooper Haywood,Unresolved,1867,"Madison County, Alabama","ADAH 1867 Voter Registration Books, item 117086; reviewed 2026-09-27 (haywood-20260927 memo §5).",1870 census trace (Madison County),Unverified — new lead,DB1 row 2108; DB4 row 809,"Folded 2026-10-03, fourteenth fold-in pass. Given-name Haywood — do not merge with surname-Haywoods."
"Erby Haywood — African-American man, Haywood as SURNAME; registered to vote June 1867, Madison County, Alabama (ADAH item 111557)","Haywood, Erby",Unresolved,1867,"Madison County, Alabama","ADAH 1867 Voter Registration Books, item 111557; reviewed 2026-09-27 (haywood-20260927 memo §5).",1870 census trace; surname-origin research (took the name from a Haywood enslaver?),Unverified — new lead,DB1 row 2108; DB4 row 809,"Folded 2026-10-03, fourteenth fold-in pass. Surname-Haywood — candidate for surname-origin research; no link to Plato's family established."
"Henderson Haywood — African-American man, Haywood as SURNAME; registered to vote June 1867, Madison County, Alabama (ADAH item 111326)","Haywood, Henderson",Unresolved,1867,"Madison County, Alabama","ADAH 1867 Voter Registration Books, item 111326; reviewed 2026-09-27 (haywood-20260927 memo §5).",1870 census trace; surname-origin research,Unverified — new lead,DB1 row 2108; DB4 row 809,"Folded 2026-10-03, fourteenth fold-in pass."
"Lewis Haywood — African-American man, Haywood as SURNAME; registered to vote June 1867, Madison County, Alabama (ADAH item 117075)","Haywood, Lewis",Unresolved,1867,"Madison County, Alabama","ADAH 1867 Voter Registration Books, item 117075; reviewed 2026-09-27 (haywood-20260927 memo §5).",1870 census trace; surname-origin research,Unverified — new lead,DB1 row 2108; DB4 row 809,"Folded 2026-10-03, fourteenth fold-in pass."
"William Haywood — African-American man, Haywood as SURNAME; registered to vote July 1867, Madison County, Alabama (ADAH item 111623)","Haywood, William",Unresolved,1867,"Madison County, Alabama","ADAH 1867 Voter Registration Books, item 111623; reviewed 2026-09-27 (haywood-20260927 memo §5).",1870 census trace; surname-origin research,Unverified — new lead,DB1 row 2108; DB4 row 809,"Folded 2026-10-03, fourteenth fold-in pass."
"Willis Haywood — African-American man, Haywood as SURNAME; registered to vote July 1867, Madison County, Alabama (ADAH item 110512)","Haywood, Willis",Unresolved,1867,"Madison County, Alabama","ADAH 1867 Voter Registration Books, item 110512; reviewed 2026-09-27 (haywood-20260927 memo §5).",1870 census trace; surname-origin research,Unverified — new lead,DB1 row 2108; DB4 row 809,"Folded 2026-10-03, fourteenth fold-in pass."
"Haywood, Patton — African-American man, 'Haywood' as GIVEN name; registered to vote July 1867, Madison County, Alabama (ADAH item 115202)",Patton Haywood,Unresolved,1867,"Madison County, Alabama","ADAH 1867 Voter Registration Books, item 115202; reviewed 2026-09-27 (haywood-20260927 memo §5).",1870 census trace (Madison County),Unverified — new lead,DB1 row 2108; DB4 row 809,"Folded 2026-10-03, fourteenth fold-in pass. Given-name Haywood — do not merge with surname-Haywoods."
Amanda,,Bettie F. Perkins (claimed as her separate property),1862,"Limestone/Madison County, AL","Turrentine v. Perkins, SC00287, Exhibit F (ADAH transcription): '1862 Amt proceeds Sale of Slave - Amanda my property 1000.00' — enslaved woman sold for $1,000",Bill of sale; who bought Amanda; her whereabouts after 1862 (1870 census),Unverified — single record,,
Sigh,Jones,Creditor of Alexander S. Perkins estate,1868,"Limestone County, AL","Turrentine v. Perkins, SC00287, Exhibit E (ADAH): 'Sigh Jones (Cold ) 882.18' — Black creditor with a substantial $882.18 claim",Was Sigh Jones formerly enslaved by the Perkins/Jones network? 1870 census trace,Unverified — single record,,
Buck,Richardson,"Account holder, Alexander S. Perkins estate",1866,"Limestone County, AL","Turrentine v. Perkins, SC00287 (ADAH): 'Buck Richardson (Cold ) 1866 12.25'",Identity; connection to Perkins/Jones families,Unverified — single record,,
Fountain,Floyd,"Note holder, Alexander S. Perkins estate",1868,"Limestone County, AL","Turrentine v. Perkins, SC00287, Exhibit B (ADAH): '1 Note Fountain Floyd (Cold...' — Black note-holder",Identity; connection to Floyd/Perkins families,Unverified — single record,,
(group: 20 unnamed),"""various Negroes""",Debtors to Alexander S. Perkins estate,1868,"Limestone County, AL","Turrentine v. Perkins, SC00287, Exhibit B (ADAH): '20 "" & acct on various Negroes amt in all 1320.44' — twenty notes/accounts on unnamed Black people, post-emancipation (likely labor or debt contracts)",Names; nature of the notes (the notes themselves in the estate file); Limestone freedmen's contract records,"Unverified — group lead, names unknown",,
(unknown number/names),,Purchased by Alexander S. Perkins from William H. Garrett,antebellum (before 1867),Alabama,"Turrentine v. Perkins, SC00287 (ADAH) — Bettie F. Perkins's objection to Garrett's $3,452.03 claim: 'the consideration of said claim is Slaves, purchased by the said Perkins, in his lifetime, from the said Garrett'",Garrett–Perkins bills of sale; number and names of the enslaved people,Unverified — group lead,,
Mary Reddak,"rendered ""Negrass Mary Reddak""","Joseph Hawking estate; bound to John H Hawkins, $66.25",1830,"Wake County, NC","Wake County NC, estate of Joseph Hawking, 1830 hire-of-Negroes statement (DGS 4772475, Image 376 of 498; ark https://www.familysearch.org/ark:/61903/3:1:SQWX-NHNP-9)",Hawking estate settlement papers — identify the 1830 hirer(s) and terms.,"Lead — image read (FamilySearch, 2026-10-03, signed in as Alexis55711)",https://www.familysearch.org/ark:/61903/3:1:SQWX-NHNP-9,Folded 2026-10-03 — twentieth fold-in pass (Haywood deep-dive completion). Exact spellings preserved.
Hanlon,,Joseph Hawking estate,1830,"Wake County, NC","Wake County NC, estate of Joseph Hawking, 1830 hire-of-Negroes statement (DGS 4772475, Image 376 of 498; ark https://www.familysearch.org/ark:/61903/3:1:SQWX-NHNP-9)",Hawking estate settlement papers — identify the 1830 hirer(s) and terms.,"Lead — image read (FamilySearch, 2026-10-03, signed in as Alexis55711)",https://www.familysearch.org/ark:/61903/3:1:SQWX-NHNP-9,Folded 2026-10-03 — twentieth fold-in pass (Haywood deep-dive completion). Exact spellings preserved.
Edment,,Joseph Hawking estate,1830,"Wake County, NC","Wake County NC, estate of Joseph Hawking, 1830 hire-of-Negroes statement (DGS 4772475, Image 376 of 498; ark https://www.familysearch.org/ark:/61903/3:1:SQWX-NHNP-9)",Hawking estate settlement papers — identify the 1830 hirer(s) and terms.,"Lead — image read (FamilySearch, 2026-10-03, signed in as Alexis55711)",https://www.familysearch.org/ark:/61903/3:1:SQWX-NHNP-9,Folded 2026-10-03 — twentieth fold-in pass (Haywood deep-dive completion). Exact spellings preserved.
Tom,,Joseph Hawking estate,1830,"Wake County, NC","Wake County NC, estate of Joseph Hawking, 1830 hire-of-Negroes statement (DGS 4772475, Image 376 of 498; ark https://www.familysearch.org/ark:/61903/3:1:SQWX-NHNP-9)",Hawking estate settlement papers — identify the 1830 hirer(s) and terms.,"Lead — image read (FamilySearch, 2026-10-03, signed in as Alexis55711)",https://www.familysearch.org/ark:/61903/3:1:SQWX-NHNP-9,Folded 2026-10-03 — twentieth fold-in pass (Haywood deep-dive completion). Exact spellings preserved.
Grace,,Joseph Hawking estate,1830,"Wake County, NC","Wake County NC, estate of Joseph Hawking, 1830 hire-of-Negroes statement (DGS 4772475, Image 376 of 498; ark https://www.familysearch.org/ark:/61903/3:1:SQWX-NHNP-9)",Hawking estate settlement papers — identify the 1830 hirer(s) and terms.,"Lead — image read (FamilySearch, 2026-10-03, signed in as Alexis55711)",https://www.familysearch.org/ark:/61903/3:1:SQWX-NHNP-9,Folded 2026-10-03 — twentieth fold-in pass (Haywood deep-dive completion). Exact spellings preserved.
Polly Hardy,,Joseph Hawking estate,1830,"Wake County, NC","Wake County NC, estate of Joseph Hawking, 1830 hire-of-Negroes statement (DGS 4772475, Image 376 of 498; ark https://www.familysearch.org/ark:/61903/3:1:SQWX-NHNP-9)",Hawking estate settlement papers — identify the 1830 hirer(s) and terms.,"Lead — image read (FamilySearch, 2026-10-03, signed in as Alexis55711)",https://www.familysearch.org/ark:/61903/3:1:SQWX-NHNP-9,Folded 2026-10-03 — twentieth fold-in pass (Haywood deep-dive completion). Exact spellings preserved.
Miranda,,Joseph Hawking estate,1830,"Wake County, NC","Wake County NC, estate of Joseph Hawking, 1830 hire-of-Negroes statement (DGS 4772475, Image 376 of 498; ark https://www.familysearch.org/ark:/61903/3:1:SQWX-NHNP-9)",Hawking estate settlement papers — identify the 1830 hirer(s) and terms.,"Lead — image read (FamilySearch, 2026-10-03, signed in as Alexis55711)",https://www.familysearch.org/ark:/61903/3:1:SQWX-NHNP-9,Folded 2026-10-03 — twentieth fold-in pass (Haywood deep-dive completion). Exact spellings preserved.
Adeline & children,"rendered ""Adeline & S Children""",Joseph Hawking estate,1830,"Wake County, NC","Wake County NC, estate of Joseph Hawking, 1830 hire-of-Negroes statement (DGS 4772475, Image 376 of 498; ark https://www.familysearch.org/ark:/61903/3:1:SQWX-NHNP-9)",Hawking estate settlement papers — identify the 1830 hirer(s) and terms.,"Lead — image read (FamilySearch, 2026-10-03, signed in as Alexis55711)",https://www.familysearch.org/ark:/61903/3:1:SQWX-NHNP-9,Folded 2026-10-03 — twentieth fold-in pass (Haywood deep-dive completion). Exact spellings preserved.
Mariah Johnson & three children,,"Joseph Hawking estate; ""Kupking"" (keeping?) paid to John Alright; ""lotts Erie 6 - China"" — uncertain handwriting/AI reading, flagged",1830,"Wake County, NC","Wake County NC, estate of Joseph Hawking, 1830 hire-of-Negroes statement (DGS 4772475, Image 376 of 498; ark https://www.familysearch.org/ark:/61903/3:1:SQWX-NHNP-9)",Hawking estate settlement papers — identify the 1830 hirer(s) and terms.,"Lead — image read (FamilySearch, 2026-10-03, signed in as Alexis55711)",https://www.familysearch.org/ark:/61903/3:1:SQWX-NHNP-9,Folded 2026-10-03 — twentieth fold-in pass (Haywood deep-dive completion). Exact spellings preserved.
China,,Joseph Hawking estate,1830,"Wake County, NC","Wake County NC, estate of Joseph Hawking, 1830 hire-of-Negroes statement (DGS 4772475, Image 376 of 498; ark https://www.familysearch.org/ark:/61903/3:1:SQWX-NHNP-9)",Hawking estate settlement papers — identify the 1830 hirer(s) and terms.,"Lead — image read (FamilySearch, 2026-10-03, signed in as Alexis55711)",https://www.familysearch.org/ark:/61903/3:1:SQWX-NHNP-9,Folded 2026-10-03 — twentieth fold-in pass (Haywood deep-dive completion). Exact spellings preserved.
Ann Eliza,"hired-out girl; rendered ""Ann Eliza""",Joseph Hawking estate,1830,"Wake County, NC","Wake County NC, estate of Joseph Hawking, 1830 hire-of-Negroes statement (DGS 4772475, Image 376 of 498; ark https://www.familysearch.org/ark:/61903/3:1:SQWX-NHNP-9)",Hawking estate settlement papers — identify the 1830 hirer(s) and terms.,"Lead — image read (FamilySearch, 2026-10-03, signed in as Alexis55711)",https://www.familysearch.org/ark:/61903/3:1:SQWX-NHNP-9,"Folded 2026-10-03 — twentieth fold-in pass (Haywood deep-dive completion). Exact spellings preserved. DO-NOT-MERGE: this ""Ann Eliza"" is a hired-out enslaved girl in the Hawking estate — NOT Ann Eliza Haywood (wife of John N. S. Jones). Explicit caution from the researcher."
(unnamed group — names and ages recorded),memorandum book names individual enslaved people with ages; names not yet read,"Rev. Robert Donnell (Donnell House/Pleasant Hill, Athens, Limestone County, AL)",undated (memorandum book; Donnell Papers 1820–1932),"Limestone County, AL (papers also cover Rutherford County, TN)","TSLA Donnell Papers THS 296, Box 3, folder 8: ""Memorandum book–Donnell, Robert, gives the names and ages of Negroes""",Read the memorandum book (TSLA follow-up),Lead — names not yet recovered,http://sostngovbuckets.s3.amazonaws.com/tsla/history/bibliographies/aa2.pdf,Folded 2026-10-03 (twentieth pass). Robert Donnell (1784–1855) built the Donnell House/Pleasant Hill; the book predates the 1869 bankruptcy.
Lunsford Lane,,"Sherwood Haywood (Raleigh banker), household","b. May 30, 1803; bought freedom 1835","Raleigh, Wake County, NC","NCpedia 'Haywood, Sherwood' + NC DNCR 'Slavery and Persistence: Lunsford Lane of Raleigh' (read 2026-10-03)","Read Lane's 1842 Narrative (Documenting the American South, UNC) for Haywood-household names; name his mother and seven children",Lead — secondary verified; primary (Narrative) unread,https://ncpedia.org/biography/haywood-sherwood ; https://www.dncr.nc.gov/blog/2016/05/30/slavery-and-persistence-lunsford-lane-raleigh,
Martha Curtis (Lane),,married Lunsford Lane May 1828,m. May 1828,"Raleigh, NC","NC DNCR Lunsford Lane article (read 2026-10-03): Lane 'married Martha Curtis in May 1828, and they had seven children'",Marriage record; names of the seven children,Lead — secondary only,https://www.dncr.nc.gov/blog/2016/05/30/slavery-and-persistence-lunsford-lane-raleigh,
(unnamed enslaved people — Hawkins Family Papers),,"Hawkins family (Philemon, John Davis, William J.), Warren/Franklin/Wake NC",1738–1895,"Warren, Franklin, Wake counties, NC","UNC finding aid (finding-aids.lib.unc.edu/catalog/00322), read 2026-10-03: 'Enslaved people are documented in letters exchanged between white family members, in deeds and bills of sale, and in account books'",In-person pull of the Hawkins Family Papers; extract named enslaved people,Collection-level lead — no names yet,https://finding-aids.lib.unc.edu/catalog/00322,
"(unnamed enslaved messenger, Haywood v. Ensley)",,Thomas Haywood (sent from TN to AL),ca. 1835,Tennessee to Alabama,"Haywood v. Ensley & Haywood (1847): Ensley's answer says Thomas Haywood 'had sent, or was in the act of sending, a negro down to Alabama to some friends he had there, to get money to buy the land'",Identity unrecoverable from the opinion; flag if the chancery case file surfaces,"Unnamed — recorded as an event, not a person",https://static.case.law/tenn/27/case-pdfs/0460-01.pdf,
(unnamed enslaved people — Green Bottom Inn slave market),,"Green Bottom Inn (John Connally), Normal/Huntsville, Madison County",1815–1831+,"Madison County, AL","Wikipedia 'Green Bottom Inn' (read 2026-10-03): the inn was a 'slave market' as well as a tavern, racetrack, and horse market",In-person: any Green Bottom Inn / Connally records naming enslaved people bought or sold there,Collection-level lead — no names yet; records unlocated,https://en.wikipedia.org/wiki/Green_Bottom_Inn,
Unnamed group — 50+ enslaved laborers and servants,—,"Capt. Nicholas Jackson Floyd's plantation near Lynchburg, VA",1864,"Lynchburg, VA",Floyd genealogy (1912): Federal Gen. David Hunter's troops hauled away 'all the bacon and flour stored for a year's supply of the family and over fifty negro servants and laborers.',Son of Dr. N.W. Floyd; no individual names given; plantation labor force size documented.,,,
Unnamed Black witnesses — Perkins cotton depredation claim,—,"Alexander S. Perkins estate, North Alabama",after 1865,"Huntsville / Mooresville / Athens, AL",Floyd genealogy (1912): 'as was sworn to by a number of reliable negro witnesses' regarding 300+ bales of cotton seized by Federal soldiers; post-war U.S. Court of Claims effort for the widow and children.,"If the Court of Claims case file survives (NARA), it would name these witnesses.",,,
Thomas Jones,,"Haywood (Heywood) Jones, Athens, Limestone County, AL (pre-emancipation)","b. before ~1841 (father of Plato Jones, b. 1841–1846)","Tennessee (birthplace of son Plato); Athens, Limestone County, AL","Rebekah Davis (Limestone County Archivist), ""Plato Jones: Getting to know the man behind the name"": Plato ""born sometime between 1841 and 1846 … in Tennessee to Thomas and Mahala Jones. His family had belonged to a wealthy planter named Haywood Jones prior to emancipation."" Plato m. Lizzie Garrett 1869; they ""lived with his parents until 1878.""",Pre-1870 census / Freedmen's Bureau records for Thomas Jones (Limestone Co. / Tennessee); Haywood Jones estate/probate/enslaved-person records naming Thomas.,Lead — single secondary statement; parents named but no independent record yet.,"Davis, Rebekah. ""Plato Jones: Getting to know the man behind the name."" Limestone County Dept. of History and Archives. https://t2a6aafcfaed629fe.starter1ua.preservica.com/download/file/io_29d15c50-486c-4a5c-a374-0da3f052858d","DB2 lead 336 (32nd pass, 2026-10-04). Do NOT merge with any other Thomas Jones without direct evidence."
Mahala Jones,,"Haywood (Heywood) Jones, Athens, Limestone County, AL (pre-emancipation)","b. before ~1841 (mother of Plato Jones, b. 1841–1846)","Tennessee (birthplace of son Plato); Athens, Limestone County, AL","Rebekah Davis (Limestone County Archivist), ""Plato Jones: Getting to know the man behind the name"": Plato ""born sometime between 1841 and 1846 … in Tennessee to Thomas and Mahala Jones. His family had belonged to a wealthy planter named Haywood Jones prior to emancipation."" Plato m. Lizzie Garrett 1869; they ""lived with his parents until 1878.""",Pre-1870 census / Freedmen's Bureau records for Mahala Jones; Haywood Jones estate/probate/enslaved-person records naming Mahala.,Lead — single secondary statement; parents named but no independent record yet.,"Davis, Rebekah. ""Plato Jones: Getting to know the man behind the name."" Limestone County Dept. of History and Archives. https://t2a6aafcfaed629fe.starter1ua.preservica.com/download/file/io_29d15c50-486c-4a5c-a374-0da3f052858d","DB2 lead 337 (32nd pass, 2026-10-04). Do NOT merge with any other Mahala/Mahalia Jones without direct evidence."
Fortune (Donnell),,"J.W.S. Donnell, Lawrence County, AL","d. Feb 1859 (b. 1809–1819 per Find a Grave, derived from the 1849 Lawrence County tax assessment)","Donnell Slave Cemetery, Town Creek, Lawrence County, AL","Find a Grave memorial 135690439 (phone screenshot; researcher's May 2026 scan): birth derived from the 1849 Lawrence County, Ala. Tax Assessment Book (J.W.S. Donnell assessed for 1,320 acres and numerous slaves, Fortune among them at age 30–40); d. Feb 1859. Headstone photo by 'MJB': 'To the virtues and excellencies of a faithful servant this testimony is erected by his master J.W. Donnell.' Memorial quotes The Moulton Advertiser, 27 June 1968 ('Old Slave Graveyard is Reminder of Pre-Civil War Days Near Town Creek'): the plantation named as Seclusion.",The 1849 Lawrence County tax assessment listing Fortune; the cemetery's exact location (map-tracker candidate); any other Donnell record naming Fortune.,"Lead — modern secondary compilation; birth years derived, not primary","Find a Grave memorial 135690439; The Moulton Advertiser, 27 June 1968 (as quoted). Scan: ~/workspace/research_notes/donnell-mayscans-20261003/donnell-set/James Webb Smith Donnell05.pdf","DB2 lead 338 (Donnell May-scans fold-in, 2026-10-04). Not in the 1841 deed-of-gift name list. Do NOT merge with any other same-name individual without direct evidence."
Joe,,Unresolved (hiring-out charge in a J.W.S. Donnell / J. P. Coman account),hired out for the year 1855,"Unresolved (account kept Octob 1856; Donnell orbit, Limestone/Lawrence Cos., AL)","Donnell Papers, THS 296: account 'James W. S. Donnell Dr / To J. P. Coman,' Octob 1856 — 'To Amt. hire for Joe. for year 1855 $50.00' (+ $3.50 interest). The document does NOT state Joe's owner or the hire's direction.","Identify Joe's owner and the hire's direction (Donnell, Coman, or third-party records).",Lead — single account entry; owner and hire direction unstated,"Donnell Papers, THS 296 (Ancestry capture, researcher's May 2026 scan). Scan: ~/workspace/research_notes/donnell-mayscans-20261003/donnell-set/James Webb Smith Donnell08.pdf","DB2 lead 339 (Donnell May-scans fold-in, 2026-10-04). Do NOT infer owner or direction."
Nancy & son,,J.W.S. Donnell orbit (physician's patients),"Oct 13, 1854","Unresolved (Donnell orbit, Limestone Co., AL)","Donnell Papers, THS 296: Shockley & Bentley physician's running account vs. J.W.S. Donnell, Sept–Dec 1854 (stamped 'T.H.S. AC. NO. 296') — patient entry 'Nancy & son,' Oct 13 visit. Status not stated.","Identify Nancy and her son (census, Donnell records); determine status.",Lead — status unstated; do NOT merge with any known Nancy,"Donnell Papers, THS 296 (Ancestry capture, researcher's May 2026 scan). Scan: ~/workspace/research_notes/donnell-mayscans-20261003/donnell-set/James Webb Smith Donnell0.pdf","DB2 lead 340 (Donnell May-scans fold-in, 2026-10-04). Status not stated — do NOT assume enslaved and do NOT merge."
Laura & son,,J.W.S. Donnell orbit (physician's patients),"Oct 15, 1854","Unresolved (Donnell orbit, Limestone Co., AL)","Donnell Papers, THS 296: Shockley & Bentley physician's account vs. J.W.S. Donnell — patient entry 'Laura & son,' Oct 15 visit & medicine. Status not stated.","Identify Laura and her son (census, Donnell records); determine status.",Lead — status unstated; do NOT merge with any known Laura,"Donnell Papers, THS 296 (Ancestry capture, researcher's May 2026 scan). Scan: ~/workspace/research_notes/donnell-mayscans-20261003/donnell-set/James Webb Smith Donnell0.pdf","DB2 lead 341 (Donnell May-scans fold-in, 2026-10-04). Status not stated — do NOT assume enslaved and do NOT merge."
Guss,,Jones-Donnell orbit (per 2006 article),1837,Unresolved,"'Letters From Another Century — The 1800s Papers of the Jones-Donnell Families,' Huntsville Historical Review 31, no. 1 (Winter–Spring 2006), art. 9 (via UAH LOUIS): Guss named in 1837.","Read the underlying 1837 letter directly (Donnell Papers, THS 296).",Lead — article-mediated; underlying letter not read directly,"Huntsville Historical Review 31:1 (2006), art. 9. https://louis.uah.edu/huntsville-historical-review/vol31/iss1/9","DB2 lead 342 (Donnell May-scans fold-in, 2026-10-04). Article-mediated — do not overstate."
Cisaro,,Jones-Donnell orbit (per 2006 article),1863,Unresolved,"'Letters From Another Century,' Huntsville Historical Review 31:1 (2006), art. 9: Cisaro explicitly described as 'a slave' in 1863.","Read the underlying 1863 letter directly (Donnell Papers, THS 296).",Lead — article-mediated; explicitly 'a slave' in the article's rendering,"Huntsville Historical Review 31:1 (2006), art. 9. https://louis.uah.edu/huntsville-historical-review/vol31/iss1/9","DB2 lead 343 (Donnell May-scans fold-in, 2026-10-04). Article-mediated — do not overstate."
Fred and Jackson,,Jones-Donnell orbit (per 2006 article),1863,Unresolved,"'Letters From Another Century,' Huntsville Historical Review 31:1 (2006), art. 9: Fred and Jackson appear in an 1863 letter — context ambiguous.",Read the underlying 1863 letter directly to establish who Fred and Jackson were.,Qualified — ambiguous context in the article's rendering; not firm,"Huntsville Historical Review 31:1 (2006), art. 9. https://louis.uah.edu/huntsville-historical-review/vol31/iss1/9","DB2 lead 344 (Donnell May-scans fold-in, 2026-10-04). QUALIFIED — ambiguous context; do not treat as firm named-enslaved-people evidence."
