First Name,Last Name,Age,Race,Sex,Evidence,Notes
,,under 10,,M,1830 Census of APJ
,,under 10,,M,1830 Census of APJ
,,under 10,,M,1830 Census of APJ
,,under 10,,M,1830 Census of APJ
,,under 10,,M,1830 Census of APJ
,,under 10,,M,1830 Census of APJ
,,under 10,,M,1830 Census of APJ
,,under 10,,M,1830 Census of APJ
,,under 10,,M,1830 Census of APJ
,,under 10,,M,1830 Census of APJ
,,under 10,,M,1830 Census of APJ
,,10-23,,M,1830 Census of APJ
,,10-23,,M,1830 Census of APJ
,,10-23,,M,1830 Census of APJ
,,10-23,,M,1830 Census of APJ
,,10-23,,M,1830 Census of APJ
,,24-35,,M,1830 Census of APJ
,,24-35,,M,1830 Census of APJ
,,24-35,,M,1830 Census of APJ
,,24-35,,M,1830 Census of APJ
,,24-35,,M,1830 Census of APJ
,,24-35,,M,1830 Census of APJ
,,24-35,,M,1830 Census of APJ
,,36-54,,M,1830 Census of APJ
,,36-54,,M,1830 Census of APJ
,,36-54,,M,1830 Census of APJ
,,36-54,,M,1830 Census of APJ
,,under 10,,F,1830 Census of APJ
,,under 10,,F,1830 Census of APJ
,,under 10,,F,1830 Census of APJ
,,under 10,,F,1830 Census of APJ
,,under 10,,F,1830 Census of APJ
,,under 10,,F,1830 Census of APJ
,,under 10,,F,1830 Census of APJ
,,under 10,,F,1830 Census of APJ
,,under 10,,F,1830 Census of APJ
,,under 10,,F,1830 Census of APJ
,,under 10,,F,1830 Census of APJ
,,under 10,,F,1830 Census of APJ
,,under 10,,F,1830 Census of APJ
,,under 10,,F,1830 Census of APJ
,,under 10,,F,1830 Census of APJ
,,10-23,,F,1830 Census of APJ
,,10-23,,F,1830 Census of APJ
,,10-23,,F,1830 Census of APJ
,,10-23,,F,1830 Census of APJ
,,10-23,,F,1830 Census of APJ
,,10-23,,F,1830 Census of APJ
,,24-35,,F,1830 Census of APJ
,,24-35,,F,1830 Census of APJ
,,24-35,,F,1830 Census of APJ
,,24-35,,F,1830 Census of APJ
,,24-35,,F,1830 Census of APJ
,,24-35,,F,1830 Census of APJ
,,24-35,,F,1830 Census of APJ
,,24-35,,F,1830 Census of APJ
,,24-35,,F,1830 Census of APJ
,,24-35,,F,1830 Census of APJ
,,36-54,,F,1830 Census of APJ
,,36-54,,F,1830 Census of APJ
,,36-54,,F,1830 Census of APJ
,,36-54,,F,1830 Census of APJ
,,36-54,,F,1830 Census of APJ
,,36-54,,F,1830 Census of APJ
,,36-54,,F,1830 Census of APJ
,,36-54,,F,1830 Census of APJ
,,36-54,,F,1830 Census of APJ
,,36-54,,F,1830 Census of APJ
,,36-54,,F,1830 Census of APJ
,,under 5,,M,1840 Census of APJ
,,30-39,,M,1840 Census of APJ
,,5-9,,F,1840 Census of APJ
,,10-14,,F,1840 Census of APJ
,,30-39,,F,1840 Census of APJ
Elizabeth,,40,mulatto (per source),F,"Named in the 1820 Alabama emancipation act; emancipated with children Ann (6), Evelina (13), and Shandy (3) by John N. S. Jones and Alexander P. Jones.","The act does not state Elizabeth's relationship to any Jones man. Do not characterize her as a lover, concubine, or wife without direct evidence. I found the same 1818/1820 manumission bond quoted directly in the Huntsville History Collection's 'Free People of Color' compilation: ""Jones, John N. S. and Alexander P. A.: A mulatto woman, Elizabeth, age 40; Ann, age 6; Evelina, age 13; another Ann, age 6; and Shandy, age 3, were to be emancipated after a bond was made."" I noticed this source lists TWO separate girls named Ann, both age 6 -- see the new row I added for the second Ann. Source: Huntsville History Collection, 'Free People of Color,' <https://huntsvillehistorycollection.org/hhc/docs/pdf/book2/Free_People_of_Color.pdf>. [2026-08-04] I confirmed this directly against the primary source at the Alabama Department of Archives and History: the enrolled 1820 legislative act, ""An act to authorize John N. S. Jones and Alexander P. Jones to emancipate certain slaves therein named,"" approved Dec. 11, 1820, ADAH Voices of Alabama collection, item 9761 (https://digital.archives.alabama.gov/digital/collection/voices/id/9761). I also found this corroborated verbatim in a 2010 Valley Leaves genealogical society article, ADAH hgpub item 32735 (https://digital.archives.alabama.gov/digital/collection/hgpub/id/32735), which additionally identifies Elizabeth and her children as inherited from the estate of Lewellen (Llewellen) Jones, father of John N.S. Jones and Alexander P. Jones. [2026-08-04, pass 4] This strengthens my TOP PRIORITY half-sibling hypothesis (see DB4 row 107): the 1820 act is dated December 11, 1820, just 9 months after Llewellyn Jones's death (March 6, 1820), and both of his sons, John N.S. Jones and Alexander P. Jones, jointly petitioned to free Elizabeth and her children Evelina (row 79), Ann (row 81), and Shandy (row 78) almost immediately after settling their father's estate -- consistent with an inheritance-driven manumission rather than a routine sale. This is still NOT confirmed proof of any Jones-family paternity or of Elizabeth's relationship to Llewellyn Jones; I am flagging it as a strengthened hypothesis only, based on timing, not as fact. [2026-08-04, pass 5 -- unverified tree data, flagging not merging] I found that my own Ancestry tree (""Jones Family (Avalon Plantation),"" Tree ID 210795668) separately contains a profile for an ""Elizabeth (Enslaved) Jones"" (no birth/death dates given on that profile) listed as spouse/partner of Llewellyn Jones and mother of Maria Louisa (Jones) Donnell, Paul Llewellyn Jones, Walter Blackstone Jones, John Haywood Jones, Marcella Almira Dearing, Ann Jones (b.1813), and Elizabeth/Evalina Jones (b.1807) -- profile https://www.ancestry.com/family-tree/person/tree/210795668/person/302764465198/facts. I am NOT merging this tree profile with this row's Elizabeth (age 40 in the 1820 act, no tree profile) without further verification -- this is UNVERIFIED TREE DATA, not a confirmed primary source, and I have not yet checked what documents (if any) are cited for this profile's spousal/parental relationships. If accurate it would be strong corroboration of the half-sibling hypothesis at DB4 row 107 (now enriched with this same finding and full caveats); if not, it may simply be tree error/conflation. I'm also flagging that this tree has at least three separate ""Elizabeth""s connected to enslavement and the Jones surname (this row's Elizabeth from the 1820 act; the tree's ""Elizabeth (Enslaved) Jones,"" profile 302764465198, described here; and ""Elizabeth Enslaved 1781-1861,"" partner of Turner Moore, already logged at row 185) -- see DB4 row 107 for the full naming-collision caution. I am keeping all three tracked as distinct pending further verification.

[2026-09-02, secondary-source claim -- FLAGGED, NOT VERIFIED] I found a 2024 popular-history magazine article, Russell Blount, ""Shandy Jones: From Slavery to Statesman,"" Mobile Bay Magazine, Nov. 27, 2024 (https://mobilebaymag.com/shandy-jones-from-slavery-to-statesman/), which states without citing any source: ""His mother was a mulatto, and his father was believed to be one of his two older brothers. From this incestuous relationship came Shandy, who was probably three-quarters white, and could have passed for white."" The article never names Elizabeth directly and does not say whose 'older brothers' are meant -- it could mean Elizabeth's OWN older brothers (which would line up with the half-sibling hypothesis already flagged in this row and at DB4 row 107, i.e., that Elizabeth herself may have been a daughter of Llewellen Jones and thus a half-sister to John N.S. Jones and Alexander P. Jones, one of whom then fathered Shandy through her -- an uncle/niece or half-sibling incestuous exploitation), or it could refer to two entirely different men. This is a POPULAR MAGAZINE SOURCE WITH NO CITED PRIMARY DOCUMENT and must not be merged into this row's confirmed facts. If accurate, it would mean Shandy's conception involved both enslaver-enslaved sexual coercion AND familial incest within the Jones household -- precisely the kind of reproductive exploitation the user wants named directly in the project's 'corporation of slavery' framing, not euphemized. NEXT STEP: try to contact the article's author (Russell Blount) or Mobile Bay Magazine for his sourcing, and check Pinkard & Clark, Descendants of Shandy Wesley Jones and Evalina Love Jones (Baltimore: Gateway Press, 1993), for the underlying family account this claim likely derives from -- this book is the probable origin of both this claim and the Elizabeth Shown Mills paternity analysis already referenced elsewhere in this database (see row 1150)."
Lucy,Strong,,,F,Legacy entry formerly labeled as Shandy's wife.,No supporting source for this identity or relationship has been located. Treat as unverified and do not merge with Evalina Love Jones.
Shandy Wesley,Jones,3 in 1820,mulatto (per source),M,Named in the 1820 Alabama emancipation act; emancipated with mother Elizabeth and sisters Ann and Evelina by John N. S. Jones and Alexander P. Jones.
Evelina,,13,mulatto (per source),F,Named in the 1820 Alabama emancipation act; daughter of Elizabeth and sister of Ann and Shandy.,"Not the same person as Evalina Love Jones, Shandy Wesley Jones's later wife. Also confirmed in the Huntsville History Collection's 'Free People of Color' compilation alongside Elizabeth, Ann, another Ann, and Shandy in the same 1818/1820 manumission bond. Source: <https://huntsvillehistorycollection.org/hhc/docs/pdf/book2/Free_People_of_Color.pdf>. [2026-08-04] I confirmed this directly against the primary source at the Alabama Department of Archives and History: the enrolled 1820 legislative act, ""An act to authorize John N. S. Jones and Alexander P. Jones to emancipate certain slaves therein named,"" approved Dec. 11, 1820, ADAH Voices of Alabama collection, item 9761 (https://digital.archives.alabama.gov/digital/collection/voices/id/9761), corroborated verbatim in a 2010 Valley Leaves article, ADAH hgpub item 32735 (https://digital.archives.alabama.gov/digital/collection/hgpub/id/32735). [2026-08-04, pass 3 -- PRIORITY HYPOTHESIS] I found that Ancestry family trees list this Evelina (along with Ann and Shandy Wesley Jones) as a ""half-sibling"" of the John N.S. Jones/Alexander P. Jones family, and her age (13 in the 1820 act) lines up closely with a birth year in the range these trees suggest -- I think this could mean she was a blood relative of the Jones family who was also enslaved by them, but I haven't confirmed this and won't merge her identity with any of the ""Evelina/Eveline"" names in this database until I find a primary source that says so directly. Sources: ""James Pritchett Family Tree"" (owner James Hill Pritchett Jr.), profile ""John Nelson Spotswood Jones Esq,"" https://www.ancestry.com/family-tree/person/tree/70515264/person/222025349110/facts ; ""A Pauline Turner Family..."" tree (owner cynthiasuedonahue), profile ""Alexander P Jones,"" https://www.ancestry.com/family-tree/person/tree/155409733/person/272157635204/facts . I want to explicitly flag that this is a DIFFERENT claim from what I already have at row 186 of this database (""Eveline Belmont Jones,"" 1807-1826, flagged there as ""possibly same as Evelina row 79,"" a child of Llewellen Jones and an enslaved woman named Elizabeth per the ""Jones Family (Avalon Plantation)"" tree, ID 210795668) -- that's a one-generation-earlier claim (daughter of the patriarch) versus this new claim (sibling of the patriarch's sons). I'm keeping both hypotheses open and clearly distinguished, not merging them into one identity. Cross-reference: DB4 new question (this same 2026-08-04 pass) and DB4 rows 29, 30, 51. [2026-08-04, pass 4] This strengthens the timing basis for my half-sibling hypothesis: the 1820 emancipation act is dated December 11, 1820, just 9 months after Llewellyn Jones's death (March 6, 1820), and both of his sons, John N.S. Jones and Alexander P. Jones, jointly petitioned to free this Evelina along with her mother Elizabeth (row 76) and siblings Ann (row 81) and Shandy (row 78) almost immediately after settling their father's estate -- consistent with an inheritance-driven manumission rather than a routine sale. I am NOT treating this as confirmed proof of paternity; the act itself does not state any father-child relationship. Still a strengthened hypothesis only (see DB4 row 107). [2026-08-04, pass 5 -- Freedmen's Bureau search: no definitive match, flagging ambiguity] I searched the Freedmen's Bureau records for a definitive 1820-era match to this Evelina and did not find one -- multiple same-named tree profiles create ambiguity (see the naming-collision caution now logged at DB4 row 107 and this database's row 76 and row 185 notes). I also want to note that 1820 predates the Freedmen's Bureau's 1865-1878 window entirely, so any record of this Evelina's actual 1820 manumission would only appear in probate/court records (which I already have -- the Alabama Legislature act, DB1 row 249) and not in Freedmen's Bureau records. I'm logging this as an open, unconfirmed search result, not a negative finding -- I have not exhausted all possible Freedmen's Bureau or other post-emancipation sources for her specifically."
Shandy,Jones,3,mulatto (per source),M,Corrected from a mislabeled second 'Evalina' entry. The age-three child in the 1820 act is Shandy.,"Duplicate representation of Shandy Wesley Jones in row 78; do not count as a separate person. [2026-08-04] I confirmed this directly against the primary source at the Alabama Department of Archives and History: the enrolled 1820 legislative act, ""An act to authorize John N. S. Jones and Alexander P. Jones to emancipate certain slaves therein named,"" approved Dec. 11, 1820, ADAH Voices of Alabama collection, item 9761 (https://digital.archives.alabama.gov/digital/collection/voices/id/9761), corroborated verbatim in a 2010 Valley Leaves article, ADAH hgpub item 32735 (https://digital.archives.alabama.gov/digital/collection/hgpub/id/32735)."
Ann,,6,mulatto (per source),F,Named in the 1820 Alabama emancipation act; daughter of Elizabeth and sister of Evelina and Shandy.,"Keep distinct from later women named Ann or Queen Ann Jones unless a record proves identity. I noticed the Huntsville History Collection's 'Free People of Color' compilation actually lists TWO separate girls named Ann, both age 6, in this same bond -- I've added a second Ann entry below (do not treat as a duplicate of this row; I can't tell yet if they're twins, cousins, or an indexing repetition). Source: <https://huntsvillehistorycollection.org/hhc/docs/pdf/book2/Free_People_of_Color.pdf>. [2026-08-04] I confirmed this directly against the primary source at the Alabama Department of Archives and History: the enrolled 1820 legislative act, ""An act to authorize John N. S. Jones and Alexander P. Jones to emancipate certain slaves therein named,"" approved Dec. 11, 1820, ADAH Voices of Alabama collection, item 9761 (https://digital.archives.alabama.gov/digital/collection/voices/id/9761), corroborated verbatim in a 2010 Valley Leaves article, ADAH hgpub item 32735 (https://digital.archives.alabama.gov/digital/collection/hgpub/id/32735). [2026-08-04, pass 3 -- PRIORITY HYPOTHESIS] I found that Ancestry family trees list this Ann (along with Evelina and Shandy Wesley Jones) as a ""half-sibling"" of the John N.S. Jones/Alexander P. Jones family, and her age (6 in the 1820 act) lines up closely with a birth year in the range these trees suggest -- I think this could mean she was a blood relative of the Jones family who was also enslaved by them, but I haven't confirmed this and won't merge her identity with ""Queen Ann Jones"" or any other Ann in this database until I find a primary source that says so directly. Sources: ""James Pritchett Family Tree"" (owner James Hill Pritchett Jr.), profile ""John Nelson Spotswood Jones Esq,"" https://www.ancestry.com/family-tree/person/tree/70515264/person/222025349110/facts ; ""A Pauline Turner Family..."" tree (owner cynthiasuedonahue), profile ""Alexander P Jones,"" https://www.ancestry.com/family-tree/person/tree/155409733/person/272157635204/facts . I want to explicitly flag that this is a DIFFERENT claim from what I already have at row 187 of this database (""Queen Ann Jones,"" b.1814, flagged there as ""possibly same as Ann row 81,"" a child of Llewellen Jones and an enslaved woman named Elizabeth per the ""Jones Family (Avalon Plantation)"" tree, ID 210795668) -- that's a one-generation-earlier claim (daughter of the patriarch) versus this new claim (sibling of the patriarch's sons). I'm keeping both hypotheses open and clearly distinguished, not merging them into one identity, and I'm also keeping this row distinct from the second ""Ann, age 6"" entry noted above. Cross-reference: DB4 new question (this same 2026-08-04 pass) and DB4 rows 29, 30, 51. [2026-08-04, pass 4] This strengthens the timing basis for my half-sibling hypothesis: the 1820 emancipation act is dated December 11, 1820, just 9 months after Llewellyn Jones's death (March 6, 1820), and both of his sons, John N.S. Jones and Alexander P. Jones, jointly petitioned to free this Ann along with her mother Elizabeth (row 76) and siblings Evelina (row 79) and Shandy (row 78) almost immediately after settling their father's estate -- consistent with an inheritance-driven manumission rather than a routine sale. I am NOT treating this as confirmed proof of paternity; the act itself does not state any father-child relationship. Still a strengthened hypothesis only (see DB4 row 107). [2026-08-04, pass 5 -- plausible but unconfirmed Freedmen's Bureau leads] I found several plausible but unconfirmed Freedmen's Bureau leads that could relate to this Ann, though none are conclusively matched by name to her specifically yet: ""Ann Eliza Jones"" (Huntsville Freedmen's Bureau hospital/medical record, 1 Jun 1866, NARA M1900 Roll 20), ""Ann Jones"" (18 Jul 1867, Huntsville), and ""Julia Ann Jones"" (28 Jun 1867, Huntsville) -- all in the right place (Huntsville, Madison Co., AL) and timeframe, but I have not confirmed any of these as the same Ann named in the 1820 emancipation act. I'm logging these as open, unconfirmed candidate leads, not as a confirmed identity match. This is a separate open question from the half-sibling hypothesis tree claim now logged at DB4 row 107, which places a same-named/same-age Ann Jones (b.1813) as a possible half-sibling of the John N.S. Jones/Alexander P. Jones family -- I am not merging that tree claim with any of these Freedmen's Bureau leads without further verification."
Polly,Jones,,M,F,Possible daughter of APJ &
Anthony,,,,M,"Named in Lewellen Jones's deed of gift to Frances Ann Maria Jones, acknowledged Sept. 23, 1805, Bedford County, Virginia.","Transferred with eleven other named people and their increase; transcription by Todd Donnell Harrison, June 6, 1968, in 6:17:26 scan p. 22. Verify against the original deed."
Ben,,,,M,"Named in Lewellen Jones's deed of gift to Frances Ann Maria Jones, acknowledged Sept. 23, 1805, Bedford County, Virginia.","Transferred with eleven other named people and their increase; transcription by Todd Donnell Harrison, June 6, 1968, in 6:17:26 scan p. 22. Keep distinct from other men named Ben."
Judith,,,,F,"Named in Lewellen Jones's deed of gift to Frances Ann Maria Jones, acknowledged Sept. 23, 1805, Bedford County, Virginia.","Transferred with eleven other named people and their increase; transcription by Todd Donnell Harrison, June 6, 1968, in 6:17:26 scan p. 22."
Meriah,,,,F,"Named as “Meriah” in Lewellen Jones's deed of gift to Frances Ann Maria Jones, acknowledged Sept. 23, 1805.","The transcription spells the name Meriah, not Mariah. Transferred with eleven others and their increase; Todd Donnell Harrison transcription, 6:17:26 scan p. 22."
Big Will,,,,M,"Named in Lewellen Jones's deed of gift to Frances Ann Maria Jones, acknowledged Sept. 23, 1805.","The deed identifies Sarah as his wife. Transferred with eleven other named people and their increase; Todd Donnell Harrison transcription, 6:17:26 scan p. 22."
Sarah,,,,F,"Named in Lewellen Jones's deed of gift to Frances Ann Maria Jones, acknowledged Sept. 23, 1805.","Explicitly identified as Big Will's wife, correcting the prior daughter label. Todd Donnell Harrison transcription, 6:17:26 scan p. 22."
Macon,,,,M,"Named in Lewellen Jones's deed of gift to Frances Ann Maria Jones, acknowledged Sept. 23, 1805, Bedford County, Virginia.","Transferred with eleven other named people and their increase; transcription by Todd Donnell Harrison, June 6, 1968, in 6:17:26 scan p. 22."
Philedsy,,,,F,"Named as “Philedsy” in Lewellen Jones's deed of gift to Frances Ann Maria Jones, acknowledged Sept. 23, 1805.","Corrects the prior Phileday transcription. Transferred with eleven others and their increase; Todd Donnell Harrison transcription, 6:17:26 scan p. 22."
Delphia,,,,F,"Named in Lewellen Jones's deed of gift to Frances Ann Maria Jones, acknowledged Sept. 23, 1805.","Transferred with eleven other named people and their increase; transcription by Todd Donnell Harrison, June 6, 1968, in 6:17:26 scan p. 22."
Edeline,,,,F,"Named as “Edeline” in Lewellen Jones's deed of gift to Frances Ann Maria Jones, acknowledged Sept. 23, 1805.","Transferred with eleven other named people and their increase; Todd Donnell Harrison transcription, 6:17:26 scan p. 22."
Mary Ann,,,,F,"Named in Lewellen Jones's deed of gift to Frances Ann Maria Jones, acknowledged Sept. 23, 1805.","Transferred with eleven other named people and their increase; transcription by Todd Donnell Harrison, June 6, 1968, in 6:17:26 scan p. 22. Keep distinct from other women named Mary Ann."
Polly,,,,F,"Named in Lewellen Jones's deed of gift to Frances Ann Maria Jones, acknowledged Sept. 23, 1805.","Transferred with eleven other named people and their increase; transcription by Todd Donnell Harrison, June 6, 1968, in 6:17:26 scan p. 22. Keep distinct from Polly Jones in row 82."
Jim (commonly called Tom Paul),,,,M,1841 Deed of Gift JNS to Maria Louisa Donnell,"Corrected 2026-09-22 by firsthand read of the deed image (CamScanner singles capture, Ancestry-viewer PDF, Jan 14, 1841 J.N.S. Jones → Maria Louisa Donnell). The deed's third name reads 'Jim (commonly called Tom Paul,)'. The 9/21 'Davy' reading is SUPERSEDED — preserved here as the prior reading, never deleted. Do not merge with any other Jim or Davy without direct evidence."
John,,,,M,1841 Deed of Gift JNS to Maria Louisa Donnell,"Verified 2026-09-22 by firsthand read of the deed image — the second name in the deed's slave list. Deed: Jan 14, 1841, J.N.S. Jones → Maria Louisa Donnell."
Tom (commonly called Tom Caesar),,,,M,1841 Deed of Gift JNS to Maria Louisa Donnell,"Corrected 2026-09-22 by firsthand read of the deed image. The deed reads 'Tom (commonly called Tom Caesar,)'. The 9/21 'Tom Cacks' reading is SUPERSEDED — preserved here as the prior reading. Alias preserved as alias, never a separate person."
Hannah,,,,F,1841 Deed of Gift JNS to Maria Louisa Donnell,"Verified 2026-09-22 by firsthand read of the deed image — named in the Jan 14, 1841 J.N.S. Jones → Maria Louisa Donnell deed."
Rachel,,,,F,1841 Deed of Gift JNS to Maria Louisa Donnell,"Verified 2026-09-22 by firsthand read of the deed image — named in the Jan 14, 1841 J.N.S. Jones → Maria Louisa Donnell deed. Merged with no one."
Lucy,,,,F,1841 Deed of Gift JNS to Maria Louisa Donnell,"Verified 2026-09-22 by firsthand read of the deed image — named in the Jan 14, 1841 J.N.S. Jones → Maria Louisa Donnell deed."
Mary (commonly called Mary Eliza),,,,F,1841 Deed of Gift JNS to Maria Louisa Donnell,"Corrected 2026-09-22 by firsthand read of the deed image. The deed's eighth name reads 'Mary (commonly called Mary Eliza,)'. The 9/21 'Mary Gibson' reading is SUPERSEDED — preserved here as the prior reading. IMPORTANT: the deed names TWO Marys — this one and a plain 'Mary' (DB2 row 1249). Do NOT merge the two Marys."
Frances,,,,F,1841 Deed of Gift JNS to Maria Louisa Donnell,"Verified 2026-09-22 by firsthand read of the deed image — named in the Jan 14, 1841 J.N.S. Jones → Maria Louisa Donnell deed."
Elen,,,,F,1841 Deed of Gift JNS to Maria Louisa Donnell,"Spelling corrected 2026-09-22 by firsthand read of the deed image — the deed's final name is 'Elen'. The 9/21 'Ellen' spelling is SUPERSEDED as a reading, preserved here."
Dan,,,,M,1862 Overseer Receipt & Correspondence
Cato,,,,,1862 Overseer Receipt & Correspondence
Cesor,,,,,1862 Overseer Receipt & Correspondence
Mary,Jones,1812-1865,,F,Cemetery Surveys 1970 & 2014
Anthony,Jones,,,M,Cemetery Surveys 1970 & 2014
Rosa,Jones,,,F,"Thomas McCalley Plantation, Madison County, AL"
Frances,Jones,,,F,"Thomas McCalley Plantation, Madison County, AL / daughter of Rosa"
Leroy,Jones,,,M,"Thomas McCalley Plantation, Madison County, AL / daughter of Rosa"
Sarah,Jones,,,F,"Thomas McCalley Plantation, Madison County, AL / daughter of Rosa"
Emma,Jones,,,F,"Thomas McCalley Plantation, Madison County, AL / daughter of Rosa"
Mum Chloe (laundress),,,,F,"Thomas McCalley Plantation, Madison County, AL / William Jones"
Nellie (seamstestress),,,,F,"Thomas McCalley Plantation, Madison County, AL / William Jones"
Jesse,,,,M,"Thomas McCalley Plantation, Madison County, AL / William Jones"
Sam,,33,,M,"1856 Sheriff's Sale Notice (Talbot County, GA) APJ Sale"
Peter,,30,,M,"1856 Sheriff's Sale Notice (Talbot County, GA) APJ Sale"
Daniel,,25,,M,"1856 Sheriff's Sale Notice (Talbot County, GA) APJ Sale"
Joe,,5,,M,"1856 Sheriff's Sale Notice (Talbot County, GA) APJ Sale"
Fi'son,,22,,M,"1856 Sheriff's Sale Notice (Talbot County, GA) APJ Sale"
Ziphy,,38,,M,"1856 Sheriff's Sale Notice (Talbot County, GA) APJ Sale"
Martin,,22,,M,"1856 Sheriff's Sale Notice (Talbot County, GA) APJ Sale"
Dahnee,,3,,F,"1856 Sheriff's Sale Notice (Talbot County, GA) APJ Sale"
Emily,,12,,F,"1856 Sheriff's Sale Notice (Talbot County, GA) APJ Sale"
John,,12,,M,"1856 Sheriff's Sale Notice (Talbot County, GA) APJ Sale"
Adaline,,7,,F,"1856 Sheriff's Sale Notice (Talbot County, GA) APJ Sale"
Lewis,,1,,M,"1856 Sheriff's Sale Notice (Talbot County, GA) APJ Sale"
Charles,,16,,M,"1846 Indenture of Trust (Chesterfield, VA)"
James,,16,,M,"1846 Indenture of Trust (Chesterfield, VA)"
Letitia,,15,,F,1843 Probate Inventory
Columbus,Jones,about 40 in 1867,"light brown, recorded complexion",M,"Huntsville Freedman’s Bank entry dated October 2, 1867 identifies Turner Moore as his father and Eliza Jones as his mother (register No. 29 — not 31; pixel-verified from the original M816 image, DGS 4098141, September 21, 2026); names brothers Reuben and Turner; gives birthplace and residence about three miles northwest of Huntsville near Athens Pike; occupation blacksmith.","Turner Moore and Eliza Jones are parents, not identified enslavers. No plantation is named in the available transcription. Secondary UAH sources associate Eliza, Columbus, and Reuben with the Jones plantation west of Huntsville, now conventionally called Avalon. The exact legal enslaver of Columbus remains unconfirmed; do not convert this parentage record into a plantation-ownership claim. I found two Freedmen's Bureau labor contract (Employment) records for a Columbus Jones in Ancestry collection 62309: one dated 1867 (https://www.ancestry.com/search/collections/62309/records/2825623, image 007636376_00543) and one dated 16 Feb 1867 (https://www.ancestry.com/search/collections/62309/records/2827251, image 007636376_00658), both NARA Roll 15 ""Fair Copies of Contracts Vol 3, Jan 1867-Jan 1868,"" Huntsville, Madison Co., AL. I think these bracket the Oct 1867 Freedmen's Savings Bank application nicely in time and place, which is encouraging corroboration -- but I haven't opened the actual contract images yet to check for explicit family language, so for now I'm treating this as circumstantial corroboration only, not confirmed proof it's the same Columbus Jones. UPDATE (2026-08-03, direct image review): I opened the actual contract image for record 2827251 (image 007636376_00658, columbus_jones_contract_feb1867_00658.jpg) directly rather than relying on the index. It IS a genuine Feb. 16, 1867 Madison County, AL contract, and it explicitly reads ""...between Columbus Jones and brother Turner Jones of the second part..."" -- this is now direct primary-source confirmation of a Columbus-Turner BROTHER relationship, upgraded from circumstantial to confirmed. Naming nuance I want to flag: this document says ""Turner JONES,"" not ""Turner Moore"" (the surname in the Freedmen's Bank application above). I'm treating this as an open naming discrepancy, not a contradiction -- the same man could go by two names in different records. I also checked image 007636376_00543 (record 2825623) directly: it's actually a name-index ledger page reading ""Jones, Columbus & bro,"" pointing to page 178 -- a citation/cross-reference for the contract above, not a second independent contract. Source: <https://www.ancestry.com/search/collections/62309/records/2827251> (contract); <https://www.ancestry.com/search/collections/62309/records/2825623> (index page). [2026-09-27, voter-registration pass] ADAH 1867 Voter Registration Books, Madison Co. vol. 1 p. 23: Columbus Jones registered June 24, 1867, Precinct 1/District 38, marked ""Colored,"" oath Book 1 p. 109 — same page and day as Turner Jones (p. 76) and ""Jones Ruben"" (p. 94). The triple cluster is the strongest documentary corroboration yet of the Freedman's Bank family group, but the form lists no age or occupation — identity with this account is suggestive, not conclusive; do not merge."
Reuben,Jones,1833-1898,Black,M,"I traced Reuben Jones (1833-1898) further this round -- he has an extremely well-documented Civil War record: he enlisted in the Union Colored Troops on July 14, 1862 in Greensburg, Indiana, and was discharged June 20, 1865. I found census records for 1870/1880/1900, an Alabama voter registration from 1867, U.S. Colored Troops military service records, and Freedman's Bank/Freedmen's Bureau records -- all with images. He worked as a blacksmith, same as his brother Columbus Jones (see row 132/200 above), and Columbus’s Huntsville Freedman’s Bank register (No. 29, pixel-verified) names Turner Moore as his father and Eliza Jones as his mother; Reuben’s own register (No. 1406) is contested on the father’s name — the scholarship’s footnote says Turner Moore, the signed-in image pass read father Simon; pixel audit pending.","His daughter Emily Jones is the connection point to a documented cross-cousin marriage I found this round: Emily's daughter Susan Hatfield married Christofer Columbus Jones, who was Reuben's own nephew (son of his brother Columbus Jones's line) -- see DB1 row 253 for the full family-structure note. I'm noting this as a family-structure finding worth flagging, not drawing further conclusions from it. [2026-09-04, 7.31.26 sweep] Corroborating citation found: 'The Avalon Plantation Marker Story' AHA/Auburn panel transcript (Nov. 10, 2020) independently names this Reuben Jones as a son of Eliza Jones born at Avalon Plantation, half-brother of Shandy Jones, who changed his name, fought for the Union, and became a Madison County Reconstruction-era state representative and 1870-census neighbor of William Hooper Councill -- consistent with and adding narrative/political-history detail to this row's existing Civil War/legislative documentation. Local file: The Avalon Plantation Marker Story_Transcript.pdf (uploaded to Avalon Key Findings Drive folder). [2026-09-21: the half-brother claim is ruled out as stated — see DB1 row 764, DB4 row 252; the transcript’s assertion is preserved here as a cited source claim, not adopted.] [2026-09-27, voter-registration pass] ADAH 1867 registers, Madison Co. vol. 1 p. 23: ""Jones Ruben"" (clerk's spelling) registered June 24, 1867, Precinct 1/District 38, ""Colored,"" oath Book 1 p. 94 — same page and day as Columbus Jones (p. 109) and Turner Jones (p. 76). Suggestive of the bank record's brother Reuben, not conclusive — no direct evidence of identity; do not merge."
John,,,,M,The story of G. W. Jones & Sons 1886–1986 [
Lilly,,,,F,The story of G. W. Jones & Sons 1886–1986 [
Rebecca,,,,F,The story of G. W. Jones & Sons 1886–1986 [
Turner,Moore,,B,M,"I found two Freedmen's Bureau labor contract (Employment) records for a Turner Moore in Ancestry collection 62309 (""U.S., Freedmen's Bureau Records, 1865-1878""): one dated in the 1865-1872 range (https://www.ancestry.com/search/collections/62309/records/2821439, image 007636376_00370) and one dated 1 Jan 1867, both NARA Roll 15 ""Fair Copies of Contracts Vol 2, Jan 1866-Jan 1867,"" Huntsville, Madison Co., AL.","I think these two contracts corroborate (bracket the dates around) the Oct 1867 Freedmen's Savings Bank application where Columbus Jones named Turner Moore as his father (see DB2 row 132/200). I haven't opened the actual contract images yet to check for explicit family-relationship language, so I'm treating this as circumstantial corroboration of the right person/place/time, not confirmed proof. UPDATE (2026-08-03, direct image review): I opened the Columbus Jones contract image (record 2827251, image 007636376_00658) directly and confirmed it names ""brother Turner Jones"" -- explicit family-relationship language, not just date/place bracketing. Naming discrepancy to flag: that contract calls him ""Turner JONES,"" not ""Turner Moore."" I'm not ruling out either identification; the same person could plausibly appear under both surnames across different records. DATA QUALITY FLAG on this row's own Turner Moore contract: I downloaded and directly opened the image saved for record 2821439 (image 007636376_00370), and it does NOT show a Turner Moore contract -- it actually shows unrelated contracts for Preston Munday/Henry Sims, Samuel L. Leary/Mary Umphrey, and Nancy Williams (Morgan Co., AL, not Madison Co.)/Philip Williams. I'm currently re-checking Ancestry directly to find Turner Moore's correct contract image (the correct image number may differ from what was originally saved) -- this is an active re-verification, not a ruled-out lead, and I'm keeping this entry as-is while I re-check. RESOLUTION (2026-08-03): I went back and looked closely at the image tied to this Turner Moore record (2821439, image 007636376_00370) and realized what happened. The image is confirmed correct -- NARA Roll 15 ""Fair Copies of Contracts Vol 2, Jan 1866-Jan 1867,"" Huntsville field office. It's a two-page ledger spread (pages 154-155) bundling multiple contracts/rosters together, not a single dedicated ""Turner Moore"" contract. The left-hand page (154) has a numbered roster of 20 freedpeople, each paired with their contract-holder's surname -- row 18 explicitly reads ""Turner + Moore."" I now think this is almost certainly why Ancestry's automated indexing produced the combined name ""Turner Moore"": the freedman's first name ""Turner"" got concatenated with his employer's surname ""Moore,"" NOT because his actual surname was Moore. This is an important correction to how I should interpret this record going forward. I'm posing an open question rather than forcing a conclusion: is this roster's ""Turner"" the same person as ""Turner Jones,"" brother of Columbus Jones (row 138/DB1 row 19, confirmed via the 16 Feb 1867 contract, record 2827251), or a distinct person? I also found a second Turner Jones record (2827252, dated 16 Feb 1867, image 007636376_00658 -- https://www.ancestry.com/search/collections/62309/records/2827252) that shares the exact same image number as the confirmed Columbus/Turner Jones brother contract (2827251), which I think is strong corroborating evidence they're the same physical document. I'm keeping this Turner Moore entry in place, not ruling it out -- just updating how I understand the name. Source: https://www.ancestry.com/search/collections/62309/records/2821439 [2026-09-22 OCR/CamScanner pass addition: Moore family group — seven freedpeople contracting with J. N. S. Jones, March 1866 (Freedmen's Bureau labor contract). Enslaver: J. N. S. Jones (Limestone Co., AL) — post-emancipation contract employer. Source: Freedmen's Bureau labor contracts, March 1866 (IMG_0923.JPG); Drive folder Avalon/7.14.26, read from local image] [2026-09-24, Rathbun vol. 1 extraction] Rathbun's extraction of Columbus Jones's account 29 gives the father's death: Turner Moore died March 1867 at his son's home — consistent with the tree's 1780-1867 dates, and chronologically compatible with (but not proof of) his being the 1866 Jordan-contract signer. Brother Turner Jones is now a same-generation candidate for that signature; the 1867 voter registration is the sharpest test. See DB1 rows 1718-1719. [2026-09-27, Turner Moore plantation dig] Candidate enslaver named: Benjamin T. Moore (b. NC 1813, lawyer, nephew of Gov. Gabriel Moore, federal then Confederate district court clerk, pardoned 1866). The 1860 slave schedule was read from the manuscript (NARA M653 Roll 30, NW Div, handwritten pp. 14–15 = stamped 487–488): ~95–96 enslaved people, full plantation population, incl. a 60-year-old Black male in Turner's age cohort. Schedules do not name individuals — Turner's presence is UNPROVEN; do NOT merge the father with any of the ~95. Shapiro's pardon-list ""39 slaves"" figure is DISPROVEN by the manuscript — never cite it. Memo: ~/workspace/research_notes/turner-moore-plantation-20260927/memo.md; DB1 1809."
Turner,Jones,,B,M,"I confirmed this is Turner Jones Jr. (Ancestry.com 'Jones Family (Avalon Plantation)' tree, ID 210795668, person ID 302769399186), son of Turner Moore (1780-1867) and Elizabeth Enslaved (1781-1861), born Feb 1843 Madison County, Alabama, died 6 Nov 1919 in Farley, Madison County, Alabama. I built a strong identity confirmation from a consistent Alabama census trail: 1870 (Township 3 Range 1, Huntsville, Madison Co., AL, household with Major Jones and Mariah Jones), 1880 (Madison, AL, household with Major Jones and Maria Jones), 1900 (Monrovia, Madison, AL, household with Eva Jones and Moriah Jones), and 1910 (Monrovia, Madison, AL, household with Maria Jones), plus the Alabama, U.S. Deaths and Burials Index, 1881-1974 and the Alabama, U.S. Death Index, 1908-1959, both showing his death in Madison County in Nov 1919 (one record gives 27 Nov 1919 vs. the tree's 6 Nov 1919 -- I'm treating that as a minor discrepancy, possibly burial vs. death date, not a conflict worth flagging further). I also checked three out-of-state hints -- an Arkansas death certificate, two Washington State death records (associated names James A. Jones and Maria Perkins), and a Tennessee death record -- and I think these belong to a different man who happens to share the name Turner Jones, given they contradict his well-documented Alabama residence and death; I'm noting them as likely unrelated rather than ruling them out completely, since I haven't done a full identity check on that other man.","This is the skeleton entry for Turner Jones Jr. within the Turner Moore/Elizabeth Enslaved cluster (rows 137-145) -- same pattern as row 143 (Isabella), which I supplied evidence for separately. DB4 row 77 already flags this whole cluster as a lead connecting back to the Scruggs family; this entry gives Turner Jones Jr. specifically his own documented paper trail. The recurring associated name 'Maria Perkins' in the Washington State death records is an interesting coincidence given the Perkins slaveholding family's relevance to this project, but I have no basis yet to treat it as more than coincidence for a different, unrelated Turner Jones. [2026-09-24, Rathbun vol. 1 extraction] Rathbun's extraction of Columbus's account 29 independently confirms brother Turner residing with Columbus in October 1867 — matching the 16 Feb 1867 contract's 'brother Turner Jones' language. See DB1 rows 1718-1719. [2026-09-27, voter-registration pass] ADAH 1867 registers, Madison Co. vol. 1 p. 23: Turner Jones registered June 24, 1867, Precinct 1/District 38, ""Colored,"" oath Book 1 p. 76 — same page and day as Columbus Jones and ""Jones Ruben."" Consistent with the brother Turner but not merged — no age or household link on the form. CORRECTION: the register does NOT list age — the number after the name is the loyalty-oath book/page. Zero ""Turner Moore"" in the 1867 registers under any spelling (consistent with the father's March 1867 death); the 1866 contract #586 signer cannot be assigned to father vs. brother from this source."
David,Jones,,B,M
Wade,Jones,,B,M
Elizabeth,Jones,,B,F
"""Queen"" Ann",Jones,,B,F
Isabella,Jones Scruggs,b. abt. 1840,Black,F,"Ancestry.com 'Jones Family (Avalon Plantation)' tree, ID 210795668, person ID 302769399185 — daughter of Turner Moore (1780-1867) and 'Elizabeth Enslaved' (1781-1861); wife of James Scruggs; siblings Turner Jones Jr., Wade Jones, and Elizabeth Jones per the same hint-review session. I also found a U.S. Freedman's Bank Records (1865-1874) entry for ""Betsey Scruggs"" associated with ""John Scruggs"" -- direct link https://www.ancestry.com/imageviewer/collections/8755/images/ALM816_1-0178?pid=5201303&treeid=210795668&personid=302769399185&usePUB=true. I'm reading ""Betsey"" as a plausible nickname for Isabella/Elizabeth, and I still want to work out how this ""John Scruggs"" connects to her husband James Scruggs's family -- possibly the same John Scruggs who shows up in the 1870 census household I flagged as needing further review.","Same individual as the skeleton entry already sitting at row 143 in this sheet (Turner Moore/Elizabeth Jones cluster, rows 137-145) — that row has her name, race, and sex but no evidence or notes filled in. This entry supplies the evidence row 143 was missing rather than duplicating her. Also connects for the first time to Elizabeth 'Enslaved' at row 185, whose existing notes cover only her documented children by Llewellen Jones (Eveline Belmont, Queen Ann, Everlina) — this new Ancestry hint adds a second, previously unlogged relationship: Elizabeth also partnered with Turner Moore and had Isabella by him. Row 185 should be read alongside this entry. Update: I also logged this same Freedman's Bank record (image ALM816_1-0178) in DB1 row 18, with the exact imageviewer URL and pid. [Merged with row 283 (Isabella Jones Scruggs) on 2026-09-24 — row 283's own note identifies this as the same individual; row 283's evidence is now consolidated here.]"
Reuben,Jones,,B,M
Mary Lee,Jones,,B,F
Paul,Jones,,M,M,1860 U.S. Federal Census - Slave Schedules
Lucy Ann,Jones,,,,"U.S., Freedmen's Bureau Records, 1865-1878"
Cyrus,Jones,56,B,F,"1860 U.S. Federal Census - Slave Schedules (Limestone County, Alabama) GH Jones",Value Listed as $300; Farmer; Born in VA
,,1,B,M,"1860 U.S. Federal Census - Slave Schedules (Limestone County, Alabama)",No Name
,,22,B,F,"1860 U.S. Federal Census - Slave Schedules (Limestone County, Alabama)",No Name
,,45,B,M,"1860 U.S. Federal Census - Slave Schedules (Limestone County, Alabama)"
,,45,M,M,"1860 U.S. Federal Census - Slave Schedules (Limestone County, Alabama)"
,,70,B,F,"1860 U.S. Federal Census - Slave Schedules (Limestone County, Alabama)"
Nancy,Jones,56,,F,"1860 U.S. Federal Census - Slave Schedules (Limestone County, Alabama)",Keeping House; Born in VA
James,Jones,24,,M,"1860 U.S. Federal Census - Slave Schedules (Limestone County, Alabama)",Farmer; born in AL
Mariah,Jones,24,,F,"1860 U.S. Federal Census - Slave Schedules (Limestone County, Alabama)",Keeping house; born in AL
Lee,Jones,46,,M,"1860 U.S. Federal Census - Slave Schedules (Limestone County, Alabama)",Farmer; born in AL; value $300
Angelina,Jones,42,,F,"1860 U.S. Federal Census - Slave Schedules (Limestone County, Alabama)",Keeping House; born in AL
Lafayette,Jones,18,,M,"1860 U.S. Federal Census - Slave Schedules (Limestone County, Alabama)",Farm Laborer; born in AL
Major,Jones,8,,M,"1860 U.S. Federal Census - Slave Schedules (Limestone County, Alabama)"
Edmond,Jones,6,,M,"1860 U.S. Federal Census - Slave Schedules (Limestone County, Alabama)"
Eliza,Jones,2,,F,"1860 U.S. Federal Census - Slave Schedules (Limestone County, Alabama)"
Hannah,,50,,F,"Vasser Home, Lovvorn, Vining (Series 7, Box 5, Item 10). Frances Cabaniss Roberts Collection Paul L Jones"
Ben,,32,,M,"Vasser Home, Lovvorn, Vining (Series 7, Box 5, Item 10). Frances Cabaniss Roberts Collection"
Charity,,12,,,"Vasser Home, Lovvorn, Vining (Series 7, Box 5, Item 10). Frances Cabaniss Roberts Collection"
Candance,,,,,"Vasser Home, Lovvorn, Vining (Series 7, Box 5, Item 10). Frances Cabaniss Roberts Collection"
London,,,,,"Vasser Home, Lovvorn, Vining (Series 7, Box 5, Item 10). Frances Cabaniss Roberts Collection"
Morning,,,,,"Vasser Home, Lovvorn, Vining (Series 7, Box 5, Item 10). Frances Cabaniss Roberts Collection"
Sam,,,,,"Vasser Home, Lovvorn, Vining (Series 7, Box 5, Item 10). Frances Cabaniss Roberts Collection"
Rebecca,,,,,"Vasser Home, Lovvorn, Vining (Series 7, Box 5, Item 10). Frances Cabaniss Roberts Collection"
Henry,Peebles Jr.,,,M,Handwritten annotation on an undated regional land-map photograph appears to read Henry Peebles Jr sisters 840 acres near numbered tract 2.,"Land-network lead only. Not identified as enslaved or as a Jones relative. Exact reading, race, dates, sisters, ownership, map date, and parcel source require verification in deeds, tax records, probate, title files, and census records."
Ben,Dickerson,,,M,Handwritten annotation on an undated regional land-map photograph reads Ben Dickerson near Madison and a thick hand-drawn boundary.,"Land-network lead only. Not identified as enslaved or as a Jones relative. Identity, race, dates, ownership, map date, and parcel source require verification in deeds, tax records, probate, title files, and census records."
Henrietta,Fraser,,"free mulatto woman, quoted source language",F,"Described in the John Fraser will synthesis as formerly enslaved on James Smith plantation in Nevis. She was with John Fraser at Findhorn, Moray, when he died in 1818 and is presented as probably the female servant who left Demerara with him in 1817.","Demerara-Nevis-Scotland network, not linked to Avalon. Verify against John Fraser will and Royal Gazette, 22 February 1817. The word probably reflects the secondary author inference and is not established identity proof."
Rose,,,,F,"Described as an enslaved woman on James Smith plantation in Nevis and mother of Elizabeth Fraser, a free coloured girl living in Alnwick, Northumberland, in the John Fraser will synthesis.","Named enslaved mother in the Fraser plantation network. No surname, age, dates, or direct Avalon link established. Obtain John Fraser will and Nevis slave registers to confirm wording, ownership, family members, and fate."
Elizabeth,Fraser,,"free coloured girl, quoted source language",F,"Described in the John Fraser will synthesis as the daughter of Rose, an enslaved woman on James Smith plantation in Nevis, and as living in Alnwick, Northumberland, around 1818.","Free descendant in the Nevis-Scotland Fraser network. No Avalon link established. Verify parentage, age, residence, and later life in the original will, parish, census, and vital records."
James,Fraser,,,M,Described in the John Fraser will synthesis as the son of John Fraser and apparently Henrietta Fraser and as a teacher in Middlesex or Essex around 1818.,Kinship reading follows the secondary synthesis and requires confirmation in the original will. Included as a descendant lead connecting a formerly enslaved Nevis woman to the Fraser family network. No Avalon link established.
Daniel,,,,M,Free People of Color,"Named in Thomas Jones’s 1821 will for future freedom; Elijah and Joshua Stamps later assumed ownership and attempted to sell Daniel. Madison County Probate Record 2, p. 215; Madison County Superior Court, 1811–1825, pp. 281–283. Avalon connection unproven."
Nancy,,,,F,Free People of Color,"Named in Thomas Jones’s 1821 will for future freedom after service to widow Rachael Jones. Madison County Probate Record 2, p. 215; Madison County Superior Court, 1811–1825, pp. 281–283. Avalon connection unproven."
Peter,,,,M,Free People of Color,"Named in Thomas Jones’s 1821 will for future freedom after service to widow Rachael Jones. Madison County Probate Record 2, p. 215; Madison County Superior Court, 1811–1825, pp. 281–283. Avalon connection unproven."
George,,,,M,Free People of Color,"Named in Thomas Jones’s 1821 will for future freedom after service to widow Rachael Jones. Madison County Probate Record 2, p. 215; Madison County Superior Court, 1811–1825, pp. 281–283. Avalon connection unproven."
Zebedee,,,,,Free People of Color,"Named in Thomas Jones’s 1821 will for future freedom after service to widow Rachael Jones. Madison County Probate Record 2, p. 215; Madison County Superior Court, 1811–1825, pp. 281–283. Avalon connection unproven."
Noah,,,,M,Free People of Color,"Named in Thomas Jones’s 1821 will for future freedom after service to widow Rachael Jones. Madison County Probate Record 2, p. 215; Madison County Superior Court, 1811–1825, pp. 281–283. Avalon connection unproven."
Bill,,,M,M,Jail Notice for Runaway Slave 1826
Rachel,,50,B,F,Bill of sale for a slave bought by Dr. Benjamin Rush Jones from Eliza Jones.
Elizabeth,,"b. 1781, d. 1861 (age ~80)","Black (enslaved, per tree label 'Elizabeth Enslaved')",F,"Ancestry.com 'Jones Family (Avalon Plantation)' tree, ID 210795668, listed as partner/second family of Llewellen Jones (1760-1820), founder of Avalon Plantation I also found, during my latest Ancestry hints-review session, a U.S. Freedman's Bank Records (1865-1874) entry for ""Eliza Jones"" naming ""Turner Moore"" and ""Columbus Jones"" as associates -- direct link https://www.ancestry.com/imageviewer/collections/8755/images/ALM816_1-0015?pid=75199984&treeid=210795668&personid=302769398985&usePUB=true. I'm treating this as a strong primary-source find consistent with her identity as Turner Moore's partner and Columbus Jones's mother, though I haven't yet confirmed ""Eliza Jones"" and ""Elizabeth"" are definitely the same woman (see the open parentage question already logged in DB4 row 31).","Mother of Eveline Belmont Jones, Queen Ann Jones, and Everlina Jones by Llewellen Jones. Relationship documented one generation earlier than the existing Alexander P. Jones (son) hypothesis. Everlina's 1834 birth year vs. Elizabeth's 1781 birth year (age 53) is chronologically improbable -- flagged for further verification, may indicate a tree error or that Everlina belongs to a different mother/generation. Update: I logged the same Freedman's Bank record (image ALM816_1-0015) in DB1 row 18 as well, with the exact imageviewer URL and pid. [2026-08-04, pass 5 -- identity cross-check against new tree finding, logged here not as a new row] During this pass I found my tree independently describes this same Elizabeth (b.1781, d.1861, Huntsville, Madison, AL) as ""Elizabeth Enslaved,"" partner of Turner Moore (1780-1867) and mother of Columbus Jones and a SEPARATE ""Alexander P Jones"" (b. abt. 1795, Virginia - d. Huntsville, Madison Co., AL) whose father is recorded as Turner Moore -- a different lineage entirely from the Alexander P. Jones I track throughout this database as Llewellyn Jones's son and the central figure of the A.P. Jones estate probate (see the naming-collision caution now logged at DB4 row 107). I confirmed this is the SAME Elizabeth already logged at this row (matching birth/death years, Turner Moore partnership, and Huntsville death location) -- I am NOT adding a new/duplicate DB2 row for ""Elizabeth Enslaved (1781-1861)."" I also want to explicitly distinguish this row's Elizabeth from a DIFFERENT tree profile, ""Elizabeth (Enslaved) Jones"" (no birth/death dates given), which appears elsewhere in my tree as spouse/partner of Llewellyn Jones AND as mother of Maria Louisa (Jones) Donnell, Paul Llewellyn Jones, Walter Blackstone Jones, John Haywood Jones, Marcella Almira Dearing, Ann Jones (b.1813), and Elizabeth/Evalina Jones (b.1807) -- profile https://www.ancestry.com/family-tree/person/tree/210795668/person/302764465198/facts, now logged at row 76's notes and DB4 row 107. These are two DIFFERENT Elizabeths in my tree (this row's, b.1781-1861/Turner Moore's partner, vs. the undated one linked to Llewellyn/Maria Louisa Donnell), and both are distinct from the primary-source ""Elizabeth"" of the 1820 emancipation act at row 76 (age 40 in 1820, no tree profile). I am tracking all three as distinct individuals pending further verification and will not merge them without direct source evidence. [2026-08-04, round 2] I went back into the tree this round to forward-trace Elizabeth Enslaved and Turner Moore's line and found 16 children listed for the two of them together (see DB1 row 252 for the full line). I want to flag a data quality issue I found directly on this Elizabeth's own profile: her marriage date to Turner Moore is listed as Oct 22, 1792, in Louisa, Virginia -- but that predates her own estimated birth year of 1781. That's an internal tree inconsistency I am flagging, not treating as fact. I also found her profile shows three separate spouse/children groupings in the tree (with Turner Moore, with a ""Llewellen Jones 1760-1820,"" and an unnamed third grouping) -- this looks like merged/duplicated data in the underlying tree, and I am not drawing conclusions from the Llewellen Jones pairing until I can verify it against real sources. I am keeping this as an open data-quality flag, not a resolved conflict."
Eveline,Belmont Jones,"b. 1807, d. 1826 (age ~19)","Black (enslaved, per tree)",F,"Ancestry.com 'Jones Family (Avalon Plantation)' tree, ID 210795668, daughter of Llewellen Jones and Elizabeth",Eldest known child of Llewellen Jones and Elizabeth. Died young (age ~19).
Queen Ann,Jones,b. 1814,"Black (enslaved, per tree)",F,"Ancestry.com 'Jones Family (Avalon Plantation)' tree, ID 210795668, daughter of Llewellen Jones and Elizabeth",No death year given in source tree.
Everlina,Jones,b. 1834,"Black (enslaved, per tree)",F,"Ancestry.com 'Jones Family (Avalon Plantation)' tree, ID 210795668, daughter of Llewellen Jones and Elizabeth",Birth year creates a chronological inconsistency with mother Elizabeth's stated birth year of 1781 (would make Elizabeth ~53 at this birth) -- needs independent verification; possibly a different generation or transcription error in the source tree.
Mary Ann,"""Polly"" Jones",63 (at death),Black,Female,"Ancestry.com ""Jones Family (Avalon Plantation)"" tree, Tree ID 210795668; daughter of Penny (Enslaved) (person ID 302764461713), documented enslaved partner of Alexander P. Jones, owner of Avalon Plantation, Madison Co., AL","Born Feb 1830, Alabama; died 20 Sep 1893, Macon, Powhatan Co., Virginia. Relocation from Alabama to Virginia not yet explained -- may reflect a Reconstruction-era move, sale prior to emancipation, or post-war family relocation. Priority follow-up: search Freedmen's Bureau records and post-war Virginia vital/marriage records for Mary Ann ""Polly"" Jones to trace her life and any descendants."
Simon,,,Black,Male,"Will of John Jones, Orange County, VA, signed 31 May 1758, proved 22 June 1758 (Virginia, U.S., Wills and Probate Records, 1652-1900)","UPDATE (Aug 2, 2026): Further research indicates this John Jones (d. 1758) most likely belonged to a DISTINCT Northumberland Co., VA Jones family line (Robert->Maurice->Swan->Capt. John Jones), per two independent external genealogies (AlliedFamilies, Geni.com) -- NOT the Avalon/Llewellen Jones line. See DB4 row 54. Bequeathed along with five others to the testator's wife, Mary Jones. Listed first among ""Six Negros"" in the will's key clause. Kept in this database per project policy of preserving all identified enslaved names regardless of final lineage determination."
Jo,,,Black,Male,"Will of John Jones, Orange County, VA, signed 31 May 1758, proved 22 June 1758 (Virginia, U.S., Wills and Probate Records, 1652-1900)","UPDATE (Aug 2, 2026): Further research indicates this John Jones (d. 1758) most likely belonged to a DISTINCT Northumberland Co., VA Jones family line (Robert->Maurice->Swan->Capt. John Jones), per two independent external genealogies (AlliedFamilies, Geni.com) -- NOT the Avalon/Llewellen Jones line. See DB4 row 54. Name transcribed as ""Jo"" in the will text; probate index lists a similar name as ""Do"" -- transcription uncertain. Kept in this database per project policy of preserving all identified enslaved names regardless of final lineage determination."
Dick,,,Black,Male,"Will of John Jones, Orange County, VA, signed 31 May 1758, proved 22 June 1758 (Virginia, U.S., Wills and Probate Records, 1652-1900)","UPDATE (Aug 2, 2026): Further research indicates this John Jones (d. 1758) most likely belonged to a DISTINCT Northumberland Co., VA Jones family line (Robert->Maurice->Swan->Capt. John Jones), per two independent external genealogies (AlliedFamilies, Geni.com) -- NOT the Avalon/Llewellen Jones line. See DB4 row 54. Kept in this database per project policy of preserving all identified enslaved names regardless of final lineage determination."
Denah,,"Described as ""great Denah"" -- possibly denoting an elder/senior status or distinguishing from another individual of a similar name; exact meaning not resolved",Black,"Female (probable, based on name)","Will of John Jones, Orange County, VA, signed 31 May 1758, proved 22 June 1758 (Virginia, U.S., Wills and Probate Records, 1652-1900)","UPDATE (Aug 2, 2026): Further research indicates this John Jones (d. 1758) most likely belonged to a DISTINCT Northumberland Co., VA Jones family line (Robert->Maurice->Swan->Capt. John Jones), per two independent external genealogies (AlliedFamilies, Geni.com) -- NOT the Avalon/Llewellen Jones line. See DB4 row 54. Probate index separately lists a similar name as ""Deb[orah?]"" -- may be the same individual. Kept in this database per project policy of preserving all identified enslaved names regardless of final lineage determination."
Emanuel,,,Black,Male,"Will of John Jones, Orange County, VA, signed 31 May 1758, proved 22 June 1758 (Virginia, U.S., Wills and Probate Records, 1652-1900)","UPDATE (Aug 2, 2026): Further research indicates this John Jones (d. 1758) most likely belonged to a DISTINCT Northumberland Co., VA Jones family line (Robert->Maurice->Swan->Capt. John Jones), per two independent external genealogies (AlliedFamilies, Geni.com) -- NOT the Avalon/Llewellen Jones line. See DB4 row 54. Kept in this database per project policy of preserving all identified enslaved names regardless of final lineage determination."
Simon,(second individual of this name),,Black,Male,"Will of John Jones, Orange County, VA, signed 31 May 1758, proved 22 June 1758 (Virginia, U.S., Wills and Probate Records, 1652-1900)","UPDATE (Aug 2, 2026): Further research indicates this John Jones (d. 1758) most likely belonged to a DISTINCT Northumberland Co., VA Jones family line (Robert->Maurice->Swan->Capt. John Jones), per two independent external genealogies (AlliedFamilies, Geni.com) -- NOT the Avalon/Llewellen Jones line. See DB4 row 54. A second, distinct individual also named Simon in the same will (""ditto Simon""). Kept in this database per project policy of preserving all identified enslaved names regardless of final lineage determination."
Harrison,Docks,,Black,Male,"Freedmen's Bank Huntsville register, huntsville.htm -- master Peater Docks, mistress Mattie Docks, Madison Co.","Wife listed as 'Milley Pope' in Married? field but Remarks separately name wife as 'Nancy Docks' -- internal inconsistency, still need to check the microfilm image to sort this out."
Milley,Pope,,,Female,"Freedmen's Bank Huntsville register, huntsville.htm -- listed as wife of Harrison Docks in Married? field"
Nancy,Docks,,,Female,"Freedmen's Bank Huntsville register, huntsville.htm -- named as Harrison Docks's wife in the Remarks field",Conflicts with 'Milley Pope' also being listed as Harrison Docks's wife in the same record. Flagging both names rather than picking one.
Ellcy,Donald,50,Brown,Female,"Freedmen's Bank Huntsville register, huntsville15.htm -- parents John/Delphy, b. Virginia, residence Limestone Co.","Lists plantation as 'Mr. Spot Jones' -- top lead of this batch, possible link to Alexander Spotswood 'Spot' Perkins who inherited Avalon in 1867. Not confirmed yet."
Columbus,Jones,40,Light brown,Male,"Freedmen's Bank Huntsville register, huntsville.htm -- father Turner Moore, mother Eliza Jones","Lived 12 yrs in Tuscaloosa, rest in Huntsville area. Wife Tomietta; children Elizabeth (16), Fanny (14), [name illegible] (8), John Wesley (18); brothers Reuben and Turner. Occupation blacksmith. B. Madison Co. 3 mi NW Huntsville. I logged two Freedmen's Bureau labor contract records I found for a Columbus Jones (1867 and 16 Feb 1867, Huntsville, Madison Co., AL) as corroboration in row 132 -- see that row for the record URLs and details, since this appears to be a duplicate representation of the same person. UPDATE (2026-08-03, direct image review): confirmed via direct review of image 007636376_00658 (record 2827251) that the Feb. 16, 1867 contract explicitly reads ""...between Columbus Jones and brother Turner Jones of the second part..."" -- see row 132 for full detail and the naming-discrepancy note (this contract says ""Turner Jones,"" not ""Turner Moore""). [2026-09-23: children corrected per firsthand FamilySearch read of the bank register (image 16/228, ark 3:1:S3HT-6R7Q-L3V) — John Wesley 18 (the (8) is a separate illegible child); the 'Nancy (14)'/'Paul (20)' readings are superseded.]"
Henry,Hobbs,44,Black,Male,"Freedmen's Bank Huntsville register, huntsville.htm -- Widow Hobbs Plantation, parents Hack/Aggie"
Joseph,Jones,30,Black,Male,"Freedmen's Bank Huntsville register, huntsville2.htm -- parents Thomas Spragan/Tempy, b. Huntsville","Residence 3 mi W of Huntsville. [2026-09-24] Rathbun's 1986 extraction of this same register entry (application 76) adds wife Nellie, children Jerry/King/Mary, brother Anthony (last known Mississippi), and father's death in Limestone County 1862 — see DB1 row 1722."
Woodson,Jones,22,Brown,Male,"Freedmen's Bank Huntsville register, huntsville2.htm -- parents David/Mahala, b. Trianna, Ala.","Transferred from Memphis branch per the record. [2026-09-24] Rathbun's extraction (application 78) adds: age 22, cook at the Washington House (Memphis), sisters Ellon/Emily Mae/Adeline — see DB1 row 1723."
Hampton,Jones,,Yellow,Male,"Freedmen's Bank Huntsville register, huntsville2.htm -- McDanel Plantation, 3 mi from town, b. North Carolina","Listed as 'Rev.' -- father dead, mother living. Worth checking if he shows up in any Black church founding records given the Rev. title. [2026-09-24] Rathbun's extraction (application 99) adds: wife Maria Louisia, children Jery/Cemey/Siler/Jim/Mary (+Maria's son Jim Hunley; 5 children deceased) — see DB1 row 1724."
Lucious,Jones,,Black,Male,"Freedmen's Bank Huntsville register, huntsville2.htm -- parents Rolley Jones/Gilley Jones, b. Madison Co.","Residence Brickle. [2026-09-24] Rathbun renders the name Lucion (application 112, 12 Jun 1868) and adds: porter; brothers William, John Henry, Daniel B, Washington; sister Lucy — all Madison County. William (application 369) names the same parents Rolley/Gilley: brothers confirmed — see DB1 rows 1726/1732."
Hanah,Jones,,Brown,Female,"Freedmen's Bank Huntsville register, huntsville2.htm -- parents unknown/Alee, b. Virginia","Residence near the spring, Huntsville. [2026-09-24] Rathbun's extraction (application 111) adds: washerwoman and ironer; six children named as beneficiaries, incl. Olivar (Cincinnati) and William 'Bill' (Nashville) — see DB1 row 1725."
Nancy,Jones,,,Female,"Freedmen's Bank Huntsville register, huntsville3.htm -- named as mother of depositor Plesants F. Williams","Depositor's residence Jackson County; born Coffee Co., Tenn."
Dolfin,Holden,28,Brown,Male,"Freedmen's Bank Huntsville register, huntsville3.htm -- master Sam Jones, 7 mi from town, parents dead/Gracy","B. Jackson, Miss."
Levert,Jones,27,Black,Male,"Freedmen's Bank Huntsville register, huntsville3.htm -- master Alex Jones, parents Gordon/Malinda","Residence 3.5 mi of Huntsville. [2026-08-04] I found Levert Jones confirmed again in the Smithsonian NMAAHC Freedmen's Bureau Search Portal: 'Register of Claims Forwarded, Huntsville and Athens (Claims Agent), Vol. 1,' dated 12 Feb 1867, Huntsville, Madison, Alabama (https://nmaahc.si.edu/freedmens-bureau/record/fbs-1662423774659-1662425319623-1). I'm logging this as an additional supporting citation for the same individual -- same given name, surname, county, and era as the Freedmen's Bank register entry already on this row. [2026-09-24] Rathbun's extraction (application 179, 12 Nov 1868) adds: farmer on the Alick Jones plantation; wife Sarah; children Alexander and William Gordon (both deceased); brother William; sisters Lizia, Jane, Dafney, Susan; 12th Regiment, Company D — see DB1 row 1727."
Hartwell,Jones,14 (also appears again age 16),Brown,Male,"Freedmen's Bank Huntsville register, huntsville4.htm and huntsville10.htm -- parents Frank/Kathers (or Casham), b. Courtland, Ala.","Two entries for what's probably the same person with slightly different ages/mother's name -- worth checking if these are duplicate registrations or two different people. [2026-09-24] Rathbun's extraction (application 218) adds: age 14, apple pedlar, brother Ben (Florence), sister Liddy — see DB1 row 1728. Not the 1853 runaway Hartwell (row 1803)."
John W.,Jones,42,Yellow,Male,"Freedmen's Bank Huntsville register, huntsville4.htm -- parents Abner/Kitty, b. Green Bottom Inn, Madison Co.",Residence near Huntsville. [2026-09-24] Rathbun's extraction (application 234) adds: carpenter; wife Sophronia (deceased); children Joe/Jessee; brother Jim; sister Mary — see DB1 row 1729.
Lenzy,Jones,13,Yellow,Male,"Freedmen's Bank Huntsville register, huntsville6.htm -- parents Nathan/Sabe, b. Georgia","Residence Huntsville. [2026-09-24] Rathbun renders the name Linzey (application 327, 23 Aug 1869) and adds: age 13, waiter (Huntsville), sister Louisa, brother Columbus — the second, distinct Columbus Jones (row 1990); do not merge with account-29 Columbus — see DB1 rows 1720/1730."
Kity,Jones,75,Yellow,Female,"Freedmen's Bank Huntsville register, huntsville6.htm -- parent unknown/Roney, b. Virginia","Residence Huntsville. [2026-09-24] Rathbun's extraction (application 339) adds: age 75, midwife, children Wesley/James/Mary living — but reads the mother as Teaner vs. this row's Roney; manuscript check needed — see DB1 row 1731."
William,Jones,24,Black,Male,"Freedmen's Bank Huntsville register, huntsville7.htm -- master Jack Eslinger, parents Rolley/Gilly, b. Huntsville","Same parents (Rolley/Gilly) as Lucious Jones above -- likely siblings, worth cross-checking."
Ann,Austin,36,Yellow,Female,"Freedmen's Bank Huntsville register, huntsville8.htm -- in trust for son Daniel, master Dallas Jones, parents Johnson/Marena, b. North Carolina","Residence Dallas Jones plantation, near Steaverson."
Wesly,Atkins,24,Black,Male,"Freedmen's Bank Huntsville register, huntsville8.htm -- master Haywood Jones, parents Wesley/Roseta, b. Madison Co.","Master surname 'Haywood Jones' is worth flagging given Eliza Ann Haywood Jones's documented marriage into the Jones family -- possible naming overlap, not confirmed as the same household."
Dean,Fletcher,25,Dark brown,Male,"Freedmen's Bank Huntsville register, huntsville9.htm -- parents Annstett(?)/Rachel, near Mobile","Residence Limestone Co., near 'Jones Lane.'"
John,Jones,40,,Male,"Freedmen's Bank Huntsville register, huntsville13.htm -- joint entry w/ wife Marthy, parents David/Louisa, b. Limestone Co.","Residence Huntsville, Madison Co."
Marthy,Jones,,,Female,"Freedmen's Bank Huntsville register, huntsville13.htm -- joint entry w/ husband John Jones",Listed together with John Jones in the same account.
Jessie,Jones,13,Dark,,"Freedmen's Bank Huntsville register, huntsville13.htm -- master Edward Spottswood's, parents Westley/Sophronia, b. Madison Co. near Huntsville","One of five depositors naming Edward Spottswood as master -- Spottswood naming overlap with the Jones family's use of 'Spotswood' as a middle name, still just a naming echo not a confirmed link."
Charly,Jones,18,Light Brown,Male,"Freedmen's Bank Huntsville register, huntsville13.htm -- parents David/Milly, b. Huntsville",Residence Huntsville.
May,Jones,,,Female,"Freedmen's Bank Huntsville register, huntsville14.htm -- named as sister of depositor Benjamin Smith","Benjamin Smith's mother listed as Ann Smith; b. Olden Co., Ky."
Ellick,Jones,,,,"Freedmen's Bank Huntsville register, huntsville17.htm -- named as master/plantation for depositor John Smith (for son Jerry Smith)",Residence listed as 'Ellick Jones' -- worth checking if this is a variant spelling of Alex/Alick Jones elsewhere in the register.
Peter,Jones,36,Light,Male,"Freedmen's Bank Huntsville register, huntsville19.htm -- master Eliza A. Steele, parents Alex/Dicy, b. Chesterfield, Va.","Residence Madison Co., Ala."
Willy,Jones,55,Yellow,Male,"Freedmen's Bank Huntsville register, huntsville19.htm -- parents Brinkly/Kisey, b. North Carolina",Residence Huntsville.
Thorton,Wiggins,24,Black,Male,"Freedmen's Bank Huntsville register, huntsville19.htm -- The Ragland Tract, parents Adam/Dolly, b. Madison Co.","Residence listed as 'Jones, the Ragland Tract' -- Jones surname tied to a specific land tract, worth checking against Madison Co. deed records."
Berry,Jones,26,Yellow,Male,"Freedmen's Bank Huntsville register, huntsville20.htm -- Martin Vaugh Plantation, parents Berry/Priscilla, near Triana","Son named 'William Walker' -- interesting cross-surname naming, not confirmed link to Broad River Walker family."
Amanda,Jones,53,Brown,Female,"Freedmen's Bank Huntsville register, huntsville20.htm -- parents George/Delia, b. Virginia (Woodstock, Shando Co.)",Residence Huntsville.
Elert,Jones,About 36,Brown,Male,"Freedmen's Bank Huntsville register, huntsville21.htm -- parents Ned/Amy, b. Huntsville",Residence Huntsville.
Edward,Pope,,,Male,"Freedmen's Bank Huntsville register, huntsville2.htm -- mother Nancy Pope, b. Huntsville","Brothers John, Henry, William, Isac; sisters Ann, Matilda. Also appears in a joint entry with Charley Miller and James Scruggs on huntsville19.htm -- Scruggs surname is worth flagging given Gross Scruggs Sr.'s documented ties to this plantation network."
Nancy,Pope,,,Female,"Freedmen's Bank Huntsville register, huntsville2.htm -- named as mother of depositor Edward Pope",Not otherwise described in the record.
Burges,Pope,,,Male,"Freedmen's Bank Huntsville register, huntsville4.htm -- named as brother of depositor Elias Donegan","Depositor Elias Donegan age 47, Brown, parents Burges/Nelly, residence Huntsville."
Henry,Pope,22,Black,Male,"Freedmen's Bank Huntsville register, huntsville12.htm -- parents Alfred/Sarah, b. Morgan Co., Ala.",Residence Huntsville.
Alfred,Pope,44,Light Brown,Male,"Freedmen's Bank Huntsville register, huntsville13.htm -- parents Randle/Winy, b. Morgan Co. near Somerville",Residence Huntsville; previously identified in prior research per source doc notes.
Burrell,Malone,34,Brown,Male,"Freedmen's Bank Huntsville register, huntsville15.htm -- master Pope McKinney, parents Robin/Joana, b. Petersburgh, Virginia","Residence Athens, Ala."
Charley,Miller,,,,"Freedmen's Bank Huntsville register, huntsville19.htm -- joint/business entry with James Scruggs and Edward Pope",Entry details incomplete in source transcription.
James,Scruggs,,,,"Freedmen's Bank Huntsville register, huntsville19.htm -- joint/business entry with Charley Miller and Edward Pope",Surname Scruggs is notable -- Gross Scruggs Sr. is one of the named individuals connected to this plantation network per the task brief. Worth checking for a family relationship.
Willis,Bibb,38,Yellow,Male,"Freedmen's Bank Huntsville register, huntsville5.htm -- master Porter Bibb, parents Ben/Nelly, b. Madison Station at Betts Plantation","One of three depositors naming Porter Bibb as master -- concentration worth checking against Broad River Bibb family, though given name doesn't match."
William,Jefferson,24,Black,Male,"Freedmen's Bank Huntsville register, huntsville5.htm -- master Porter Bibb, parents Sam/Betsey, b. Middle Tenn.",Second of three Porter Bibb depositors.
Mrs. John B.,Bibb,35,Brown,Female,"Freedmen's Bank Huntsville register, huntsville9.htm -- master Porter Bibb near Morsville, parents Mat/Anes, b. Madison Co.",Third of three Porter Bibb depositors.
Cornelia,Bibb,38,Black,Female,"Freedmen's Bank Huntsville register, huntsville13.htm -- parents Manuel/Sinia, b. Madison Co.",Residence Huntsville; previously identified per source doc notes.
William Henry,Walker,32,Brown,Male,"Freedmen's Bank Huntsville register, huntsville.htm -- born on Buck Dumas Plantation ~3 mi from Huntsville, parents Lawless/Kittie","Residence with widow Bradford, near the Institute. No stated connection to Broad River's John Williams Walker; previously identified per source doc notes."
Anthony,Walker,,,Male,"Freedmen's Bank Huntsville register, huntsville2.htm -- named as son of depositor Samuel Cartwright","Samuel Cartwright age 28, Black, parents Saml./Honor, residence 4 mi N. Huntsville."
Walker,Simmons,,,Male,"Freedmen's Bank Huntsville register, huntsville2.htm -- named as husband of depositor Mrs. Patsy Simmons","Patsy Simmons b. Naples, Virginia, residence Huntsville."
Casse,Walker,,Yellow,,"Freedmen's Bank Huntsville register, huntsville7.htm -- parents Lewis/Rose, b. Madison Co.",Residence Huntsville.
Walker,Pivens,45,Dark,Male,"Freedmen's Bank Huntsville register, huntsville17.htm -- Bell Factory, parents Charles/Polley, b. Virginia","Residence Madison Co., Bell Factory."
Hamlet,McDaniel,84,Black,Male,"Freedmen's Bank Huntsville register, huntsville16.htm -- master General Walker, parents Tone/Silva, b. North Carolina","Master name 'General Walker' -- title doesn't match documented Broad River Walker (John Williams Walker was a Senator, not a general)."
Harrison,Holden,50,Black,Male,"Freedmen's Bank Huntsville register, huntsville3.htm -- Holden Plantation 2 mi from Madison Station, parents Bob/Lila",Child listed with surname Watkins -- residence between Meridianville and Hazel Green.
George,Sanders,21,Black,Male,"Freedmen's Bank Huntsville register, huntsville3.htm -- master Isom Watkins (15 mi), parent Fox/(mother dead)","Residence at Joe Bradley's, Huntsville, Ala."
Harrison,Watkins,11,Brown,Male,"Freedmen's Bank Huntsville register, huntsville4.htm -- parents Gorge/Sharloote, b. Bell Factory, Madison Co.","Residence Huntsville, with mother."
Richmond,Watkins,18,Brown,Male,"Freedmen's Bank Huntsville register, huntsville5.htm -- master Zeb Davis, parents Robert/Caroline, b. Huntsville",Residence with Zeb Davis.
William,Watkins,23,Brown,Male,"Freedmen's Bank Huntsville register, huntsville6.htm -- residence Rogerville, Ala., parents Bartly/Luzena","Father listed as 'Robert Watkins,' South Florida per record (sic) -- closest first-name match in the whole register to Broad River founder William Watkins, though this is the depositor's own name, not a master name."
Jackson,Watkins,43,Black,Male,"Freedmen's Bank Huntsville register, huntsville7.htm -- parents Buck/Lania, b. ~9 mi from Huntsville","Residence Huntsville. A second, incomplete entry for a Jackson Watkins also appears on huntsville15.htm."
Emer,Watkins,,Light brown,Female,"Freedmen's Bank Huntsville register, huntsville9.htm -- parents Frank/Elvira, b. Huntsville",Residence Huntsville.
Robert,Watkins,21,Dark,Male,"Freedmen's Bank Huntsville register, huntsville15.htm -- master Willis Harris, parents Anterway/Louisa, b. Ala. Limestone Co.",Residence Madison Co.
Charlotte,Watkins,,,Female,"Freedmen's Bank Huntsville register, huntsville20.htm -- entry per Jeremiah Watkins, incomplete",Record incomplete in source transcription.
Jeremiah,Watkins,,,Male,"Freedmen's Bank Huntsville register, huntsville20.htm -- filed record on behalf of Charlotte Watkins",Record incomplete in source transcription.
Caesar,Watkins,49,Black,Male,"Freedmen's Bank Huntsville register, huntsville21.htm -- master Paul J. Watkins, parents John/Patty, b. Va. Orange Co.","Residence Ala., Hillsboro. Master name is the other closest first-name-adjacent match to Broad River founder William Watkins."
Isac,Boone,35,Dark,Male,"Freedmen's Bank Huntsville register, huntsville19.htm -- parents Benjamin/Bettey, b. about Meridian, Ala.",Brother 'William Chambers' listed -- residence Huntsville.
William,Chambers,,,Male,"Freedmen's Bank Huntsville register, huntsville19.htm -- named as brother of depositor Isac Boone","Chambers surname is a match for Broad River founder Henry Chambers -- surname only, no first-name confirmation."
Enoch,Cooper,32,Dark brown,Male,"Freedmen's Bank Huntsville register, huntsville.htm -- parents Jackson/Phoebe, b. Athens, Ala.","Son 'Thompson' age 18 listed -- residence Franklin St., cross Dry Creek Bridge. Lived in area 16 yrs per record."
Lewis,Thompson,14,Dark,Male,"Freedmen's Bank Huntsville register, huntsville16.htm -- parents Toliver/Lundnea(?), b. 4 mi of Huntsville","Residence Huntsville, Ala."
Willis,Thompson,26,Brown,Male,"Freedmen's Bank Huntsville register, huntsville19.htm -- master Ben Harris, parents William/Mary, b. Ala. Morgan",Residence Limestone Co.
Bantly,Harris,,Brown,Male,"Freedmen's Bank Huntsville register, huntsville.htm -- master Edward Spottswood, b. Virginia, Powhatan Co.",Residence Edward Spottswood's; one of five depositors naming Edward Spottswood as master.
George Washington,Porter,47,Black,Male,"Freedmen's Bank Huntsville register, huntsville4.htm -- master Edward Spottswood, parents Rath/Elezia, b. Richmond, Virginia",Residence Edward Spottswood's; one of five depositors naming Edward Spottswood as master.
Atkins,Betts,58,Yellow,Male,"Freedmen's Bank Huntsville register, huntsville17.htm -- master Edward Spottswood, parents Betts/Sallie, b. Virginia",Residence Edward Spottswood's; one of five depositors naming Edward Spottswood as master.
Henry,Fachler,,,Male,"Freedmen's Bank Huntsville register, huntsville2.htm -- father 'Spottswood', mother Ellen, b. Huntsville, Ala.",Residence Huntsville Hotel. Father's name recorded only as 'Spottswood' -- fifth of the five Edward Spottswood-adjacent entries.
Alfred,Scruggs,45,Black/Colored,M,"SCC deposition, Huntsville, July 31, 1872 (Freedmen and Southern Society Project, UMD)",Farmer near Huntsville; former slave of James H. Scruggs; hired 1862 to Col. David Kelley; rented land from Mrs. Patteson 1863; farmed 'Mr. Ed Spotswoods place' 4 mi from Huntsville in 1864 -- ties to Edward Spottswood cluster already logged. https://www.freedmen.umd.edu/Scruggs.htm
James H.,Scruggs,,White,M,"SCC deposition of Alfred Scruggs, Huntsville, 1872",Named as Alfred Scruggs's former master/enslaver. Not yet linked to Gross Scruggs Sr. https://www.freedmen.umd.edu/Scruggs.htm
David,Kelley,,,M,"SCC deposition of Alfred Scruggs, Huntsville, 1872",Col. David Kelley -- Alfred Scruggs was hired to him by his master's consent in 1862. https://www.freedmen.umd.edu/Scruggs.htm
,Patteson,,,F,"SCC deposition of Alfred Scruggs, Huntsville, 1872",Mrs. Patteson -- Alfred Scruggs rented ~40 acres from her near Huntsville in 1863. Possibly same as 'Mrs. Patterson near Huntsville' in Harrison Docks's bank register entry (already logged) -- worth verifying spelling variant. https://www.freedmen.umd.edu/Scruggs.htm
Ed,Spotswood,,,M,"SCC deposition of Alfred Scruggs, Huntsville, 1872","Mr. Ed Spotswoods place four miles of Huntsville' where Alfred Scruggs farmed in 1864. Same master name as the Edward Spottswood cluster in the bank register (Bantly Harris, Jessie Jones, etc., already logged). https://www.freedmen.umd.edu/Scruggs.htm"
Richmond,Body,,Black/Colored,M,"Letter to Freedmen's Bureau Subassistant Commissioner at Huntsville, Dec. 6, 1866 (UMD Freedmen and Southern Society Project)",Freedman with a 28-person family; worked land for half-crop near Huntsville; employer seized entire crop share at year's end over a claimed debt. Full letter/employer name not yet located -- only UMD abstract seen so far. https://www.freedmen.umd.edu/sampdocs.htm
Fanny,Tipton,,Black/Colored,F,"Docket of Trials Vol. 84, Huntsville AL Bureau Superintendent, Mar. 24, 1866 (full transcript, UMD)",Field hand hired to Richard Sanford's father since Christmas 1865 for $40/yr + quarters/fuel; struck ~30 times by Richard Sanford (employer's son) for refusing to clean a rabbit; left the next day and filed complaint. https://www.freedmen.umd.edu/Sanford%20case.html
Richard,Sanford,,White,M,"Docket of Trials Vol. 84, Huntsville AL Bureau Superintendent, Mar. 24, 1866","Defendant; struck Fanny Tipton ~30 times with a stick; fined $15 and reprimanded by Col. John B. Callis, paid Mar. 26, 1866. https://www.freedmen.umd.edu/Sanford%20case.html"
Edie,Sanford,,,F,"Docket of Trials Vol. 84, Huntsville AL Bureau Superintendent, Mar. 24, 1866",Witness in Fanny Tipton vs. Richard Sanford; heard the altercation and saw Richard strike Fanny. Likely a household member of the Sanford family. https://www.freedmen.umd.edu/Sanford%20case.html
Samuel,Hollingsworth,,,M,"Docket of Trials Vol. 84, Huntsville AL Bureau Superintendent, Mar. 24, 1866","Witness in Fanny Tipton vs. Richard Sanford; saw Richard Sanford strike Fanny once, was ~30 yards off. https://www.freedmen.umd.edu/Sanford%20case.html"
John B.,Callis,,White,M,"Docket of Trials Vol. 84, Huntsville AL Bureau Superintendent, Mar. 24, 1866",Colonel; Freedmen's Bureau superintendent at Huntsville who heard and decided the Tipton v. Sanford case. https://www.freedmen.umd.edu/Sanford%20case.html
John,Scruggs,24,Brown,M,"Freedmen's Bank Huntsville register, huntsville.htm, application Oct. 17 1867","Born Huntsville; father Sanders White, mother Chana Ann; occupation waiter in dining room; father resides Memphis TN, mother resides 'at Walter Scruggs', Huntsville.' Newly logged Scruggs-cluster individual not in original findings file. https://www.freedmensbureau.com/alabama/huntsville.htm"
Walter,Scruggs,,,M,"Freedmen's Bank Huntsville register, huntsville.htm (referenced in John Scruggs's entry)","Residence anchor named for John Scruggs's mother Chana Ann ('at Walter Scruggs', Huntsville'). Relationship to John Scruggs not stated. https://www.freedmensbureau.com/alabama/huntsville.htm"
Andy,Scruggs,,,M,"Freedmen's Bank Huntsville register, huntsville.htm (referenced in Lewis Hall's entry)","Husband of Ardean, sister of depositor Lewis Hall; living in Huntsville as of Oct. 1867 application. https://www.freedmensbureau.com/alabama/huntsville.htm"
Lewis,Hall,31,Black,M,"Freedmen's Bank Huntsville register, huntsville.htm, application Oct. 2 1867","Born Baltimore MD, brought to Huntsville area as infant; father John, mother Peggy; wife Manda (left him ~8-9 yrs earlier); children Horace, Edy, Dean, Molly; sister Ardean is wife of Andy Scruggs in Huntsville. https://www.freedmensbureau.com/alabama/huntsville.htm"
Isabella,Jones Scruggs — merged into row 143,b. abt. 1840,Black,F,"Evidence consolidated at row 143 (Isabella Jones Scruggs) on 2026-09-24 — same individual per this row's own note; no content lost, all evidence now lives at row 143.",Merged into row 143 on 2026-09-24. See row 143 for the consolidated evidence and notes.
James,Scruggs,"b. abt. 1817/1820 NC, d. 1906 Huntsville",Black,M,"Ancestry.com 'Jones Family (Avalon Plantation)' tree, ID 210795668, person ID 302769461273 — Freedman's Bank Records, 1865-1874; father Harris Scruggs; wife Isabella Jones Scruggs; children include Heywood Scruggs (b. 1852) and Sandy Scruggs (b. 1859).","A James Scruggs already sits at row 237 of this sheet — a joint/business Freedmen's Bank entry (huntsville19.htm) with Charley Miller and Edward Pope, age/race/sex all 'Not stated.' Both entries plausibly point to the same man (same surname, same Huntsville Freedmen's Bank record set, same rough era), but row 237 doesn't carry enough identifying detail to confirm it, so this is logged as a separate, fuller record rather than merged into row 237. If these turn out to be the same Freedmen's Bank entry read two different ways, row 237 should be revisited."
Heywood,Scruggs,b. 1852,Black,M,"Ancestry.com 'Jones Family (Avalon Plantation)' tree, ID 210795668 — son of James Scruggs and Isabella Jones Scruggs, per Ancestry hint-review session dated 2026-08-03.",Not previously logged in this sheet. Checked against DB2 in full before adding — no match on first name Heywood/Haywood paired with Scruggs anywhere else in the sheet.
Sandy,Scruggs,b. 1859,Black,M,"Ancestry.com 'Jones Family (Avalon Plantation)' tree, ID 210795668 — son of James Scruggs and Isabella Jones Scruggs, per Ancestry hint-review session dated 2026-08-03.",Not previously logged in this sheet. Checked against DB2 in full before adding — no match on Sandy Scruggs anywhere else in the sheet.
Columbus,Jones,,Black,M,"WHNT News, Feb. 13, 2025, and Hoksbergen & DeNeefe (2026), 'Keeping Up with the Joneses' — named by living descendant [REDACTED — living person] as great-great(-great)-grandfather; identified as an 1881 Alabama state legislator (Republican) and Madison County educator, central to the 2023-2025 UAH land-dispute reporting.","Rows 132 and 200 already carry a Columbus Jones from the Huntsville Freedmen's Bank register (father Turner Moore, mother Eliza Jones, brothers Reuben and Turner, wife Tomietta, blacksmith) — same name, same rough place and era, and DB4 row 50 already flags this exact overlap as an open hypothesis. This entry is logged separately because the WHNT/UAH land-dispute reporting and the 1881-legislator identification are new information not present in rows 132/200's Freedmen's Bank source; whether all three records describe one man is still open, not confirmed."
Shandy Wesley,Jones,,Black (mulatto per the 1820 act),M,"WHNT News, Feb. 13, 2025; Alabama SJR25 (2017) and HR32 (2025); Wikipedia, 'Shandy W. Jones' — named as Columbus Jones's 'uncle' by living descendant [REDACTED — living person]; identified as an 1881 Alabama state legislator (Republican) and Madison County educator.","Row 78 already carries a Shandy Wesley Jones (age 3 in the 1820 Alabama emancipation act, mother Elizabeth, emancipated by John N.S. Jones and Alexander P. Jones). DB4 row 51 already confirms this is the same individual as the 1868-1870/1881 legislator — logged as a separate entry here to capture the specific WHNT land-dispute framing and the 'uncle to Columbus Jones' family-testimony detail, which isn't in row 78's 1820-act sourcing. Read together with row 78 as one person, not two."
Cisaro,,,Black (enslaved),,"Tennessee State Library and Archives, James Webb Smith Donnell Papers (THS 296), Box 1, Folders 7-10 — named in connection with the Seclusion plantation, Lawrence County, AL, in the John N.S. Jones 'purchase of Negroes' accounts. Corroborated Sept 22, 2026: 'Letters From Another Century' (Huntsville Historical Review 31(1), 2006) reproduces a November 14, 1863 Donnell Papers letter naming 'Cisaro, a slave' (worker-7-14-26 Finding N triage; article pages not yet read firsthand). [2026-09-22 firsthand-read amendment: the article pages are now read in full. The article's editorial framing explicitly identifies 'Cisaro, a slave' in J. W. S. Donnell's November 14, 1863 letter to his wife Maria from Seclusion; the letter asks Jackson to 'repair Cisaro['s] iron axle wagon and bring it home.' The manuscript was cross-checked at 200 dpi (ms-19.10_2-p1-1.jpg) — 'repair,' not 'chain,' superseding the earlier worker's 'chain Cisaro' misreading. DB1 row 1181; paper note [325]; bibliography CV.]"
Spot,,,Black (enslaved),M,"Tennessee State Library and Archives, James Webb Smith Donnell Papers (THS 296) — named alongside Haywood in a Nov. 14, 1863 letter from the Seclusion plantation, Lawrence County, AL, as an enslaved man working under overseer Mr. Weems.","Not previously logged in this sheet under this spelling/context. Note: a distinct 'Mr. Spot Jones' already appears in DB1 row 199 as a plantation/owner name in the Huntsville Freedmen's Bank register — that is almost certainly a different person (an owner name, not an enslaved individual's given name) and should not be merged with this Spot. [2026-09-22 firsthand-read note: the actual Nov 14, 1863 letter (read via the HHR article + 200-dpi manuscript) names Spot — 'you must send Spot or Haywood. Spot I guess would do best' — but does not itself state Spot's status. The 'enslaved man working under overseer Mr. Weems' classification rests on the THS 296 finding-aid summary; flag for source-fidelity review against the finding aid before treating it as letter-established.] [2026-09-27 source-fidelity update: the online THS 296 summary (TSLA mguide08, Mf. 799) is collection-level only and names no one — it cannot be the source of the enslaved-status label. Label needs verification against the in-house THS 296 register or microfilm; TSLA reference email is the next move. Label NOT deleted — awaiting the user's word.]"
Haywood,,,Black (enslaved),M,"Tennessee State Library and Archives, James Webb Smith Donnell Papers (THS 296) — named alongside Spot in a Nov. 14, 1863 letter from the Seclusion plantation, Lawrence County, AL, as an enslaved man working under overseer Mr. Weems.","[Source-fidelity flag 2026-09-27: the enslaved-status label is attributed to 'the THS 296 finding-aid summary,' but the online summary (TSLA mguide08, Mf. 799) is collection-level only and names no one. The Nov 14, 1863 letter itself never says 'slave' for Haywood. Label needs verification against the in-house THS 296 register or microfilm; TSLA reference email is the next move. Label NOT deleted — awaiting the user's word.]"
Guss,,,Black (enslaved),M,"Tennessee State Library and Archives, James Webb Smith Donnell Papers (THS 296) — referred to as 'my boy, Guss' in an 1837 letter, decades earlier than the Cisaro/Spot/Haywood 1863 material from the same collection. Corroborated Sept 22, 2026: 'Letters From Another Century' (Huntsville Historical Review 31(1), 2006) reproduces the October 15, 1837 Donnell letter sending Guss on a flour errand (worker-7-14-26 Finding N triage; article pages not yet read firsthand). [2026-09-22 firsthand-read correction: the letter is NOT a Donnell letter — it is from '? Robinson (page torn)' of LaGrange, Ala., to Mr. Weems, Donnell's steward ('I send my boy, Guss for a lot of flour... 1,000 lbs. from my bro's mill in Limestone Co. You will deliver it to the boy Guss'). Prior text preserved.]","Not previously logged in this sheet. The phrase 'my boy' is the letter-writer's own language (almost certainly John N.S. Jones or a family member), not a factual description of Guss's age — flagging so this doesn't get mistaken for a literal age indicator later. [2026-09-22: the letter-writer is '? Robinson (page torn),' not John N.S. Jones or a Donnell family member — the earlier identification is corrected. 'My boy' remains the letter-writer's own language for Guss, whom the firsthand read classifies as an enslaved boy.]"
Tom,,35,B,M,"1851 sworn statement (Alfred L. Dearing), Donnell Papers Box 3 (""Slaves Bills of Sale"" folder) — gift from J.N.S. Jones to daughter Amarilla A. Jones Dearing, made in 1849 (Rachel gifted at a later date). Ages given as of the 1849 gift."
Cato,,28,B,M,"1851 sworn statement (Alfred L. Dearing), Donnell Papers Box 3 (""Slaves Bills of Sale"" folder) — gift from J.N.S. Jones to daughter Amarilla A. Jones Dearing, made in 1849 (Rachel gifted at a later date). Ages given as of the 1849 gift."
Ross,,10,B,M,"1851 sworn statement (Alfred L. Dearing), Donnell Papers Box 3 (""Slaves Bills of Sale"" folder) — gift from J.N.S. Jones to daughter Amarilla A. Jones Dearing, made in 1849 (Rachel gifted at a later date). Ages given as of the 1849 gift."
Aymara [uncertain reading],,"6, died ~3 months after the gift",B,,"1851 sworn statement (Alfred L. Dearing), Donnell Papers Box 3 (""Slaves Bills of Sale"" folder) — gift from J.N.S. Jones to daughter Amarilla A. Jones Dearing, made in 1849 (Rachel gifted at a later date). Ages given as of the 1849 gift."
Elenston,,1.5 (18 months),B,,"1851 sworn statement (Alfred L. Dearing), Donnell Papers Box 3 (""Slaves Bills of Sale"" folder) — gift from J.N.S. Jones to daughter Amarilla A. Jones Dearing, made in 1849 (Rachel gifted at a later date). Ages given as of the 1849 gift."
Gloucester,,0.1 (1 month),B,M,"1851 sworn statement (Alfred L. Dearing), Donnell Papers Box 3 (""Slaves Bills of Sale"" folder) — gift from J.N.S. Jones to daughter Amarilla A. Jones Dearing, made in 1849 (Rachel gifted at a later date). Ages given as of the 1849 gift."
Paul,,33,B,M,"1851 sworn statement (Alfred L. Dearing), Donnell Papers Box 3 (""Slaves Bills of Sale"" folder) — gift from J.N.S. Jones to daughter Amarilla A. Jones Dearing, made in 1849 (Rachel gifted at a later date). Ages given as of the 1849 gift. Occupation noted: carpenter."
May,,25,B,F,"1851 sworn statement (Alfred L. Dearing), Donnell Papers Box 3 (""Slaves Bills of Sale"" folder) — gift from J.N.S. Jones to daughter Amarilla A. Jones Dearing, made in 1849 (Rachel gifted at a later date). Ages given as of the 1849 gift."
Parilee,,7,B,F,"1851 sworn statement (Alfred L. Dearing), Donnell Papers Box 3 (""Slaves Bills of Sale"" folder) — gift from J.N.S. Jones to daughter Amarilla A. Jones Dearing, made in 1849 (Rachel gifted at a later date). Ages given as of the 1849 gift."
Bill,,3,B,M,"1851 sworn statement (Alfred L. Dearing), Donnell Papers Box 3 (""Slaves Bills of Sale"" folder) — gift from J.N.S. Jones to daughter Amarilla A. Jones Dearing, made in 1849 (Rachel gifted at a later date). Ages given as of the 1849 gift."
Milly [age partly illegible],,,B,F,"1851 sworn statement (Alfred L. Dearing), Donnell Papers Box 3 (""Slaves Bills of Sale"" folder) — gift from J.N.S. Jones to daughter Amarilla A. Jones Dearing, made in 1849 (Rachel gifted at a later date). Ages given as of the 1849 gift."
Isabella,,13,B,F,"1851 sworn statement (Alfred L. Dearing), Donnell Papers Box 3 (""Slaves Bills of Sale"" folder) — gift from J.N.S. Jones to daughter Amarilla A. Jones Dearing, made in 1849 (Rachel gifted at a later date). Ages given as of the 1849 gift."
Rachel,,9,B,F,"1851 sworn statement (Alfred L. Dearing), Donnell Papers Box 3 (""Slaves Bills of Sale"" folder) — gift from J.N.S. Jones to daughter Amarilla A. Jones Dearing, made in 1849 (Rachel gifted at a later date). Ages given as of the 1849 gift. Gifted at a later date than the other twelve, per the statement."
Louis,Moore,80,,M,"I found Louis Moore in the NARA Roll 19 Census of Black Citizens, Huntsville, Madison Co., AL (https://www.ancestry.com/search/collections/62309/records/2831909, image 007636380_00057), occupation Gardening, remark ""Sextn of S. house"" (Sexton of S. house).","I noticed Ancestry's ""Other names"" field on this record cross-links directly to ""H.N. Moore"" (https://www.ancestry.com/search/collections/62309/records/2831910), same age 80 -- I'm confident this is the same individual recorded under two name variants on the same roll."
Andrew,Drake,,,M,"I found Andrew Drake in the NARA Roll 19 Census of Black Citizens, Huntsville, Madison Co., AL (https://www.ancestry.com/search/collections/62309/records/2832523, image 007636380_00071).","I noticed this record is linked on the same household/page as Eliza Drake (occupation Washing, remark ""Midwife,"" https://www.ancestry.com/search/collections/62309/records/2832522) -- I think they're the same household, though I haven't confirmed the exact relationship (spouse vs. other kin)."
Polly,Perkins,,,,"I found Polly Perkins in the NARA Roll 20 ""Register of Sick and Wounded, Jan 1866-Jul 1868,"" Huntsville, Madison Co., AL, 1866-1867 (https://www.ancestry.com/search/collections/62309/records/2795000).","This is one of the first confirmed Perkins-surname individuals I've found among Huntsville freedpeople -- the Perkins name being the Avalon-area slaveholding family's name. I don't yet know whether this person took the Perkins surname from that slaveholding family (a common post-emancipation naming practice) or arrived at it another way, so I'm treating this as an open lead, not a confirmed family connection."
Armsted,Perkins,,,,"I found Armsted Perkins in the NARA Roll 20 ""Register of Sick and Wounded, Jan 1866-Jul 1868,"" Huntsville, Madison Co., AL, 1866-1867 (https://www.ancestry.com/search/collections/62309/records/2795165).","This is one of the first confirmed Perkins-surname individuals I've found among Huntsville freedpeople -- the Perkins name being the Avalon-area slaveholding family's name. I don't yet know whether this person took the Perkins surname from that slaveholding family (a common post-emancipation naming practice) or arrived at it another way, so I'm treating this as an open lead, not a confirmed family connection."
Benjamin,Perkins,,,,"I found Benjamin Perkins in the NARA Roll 20 ""Register of Sick and Wounded, Jan 1866-Jul 1868,"" Huntsville, Madison Co., AL, 1866-1867 (https://www.ancestry.com/search/collections/62309/records/2795166).","This is one of the first confirmed Perkins-surname individuals I've found among Huntsville freedpeople -- the Perkins name being the Avalon-area slaveholding family's name. I don't yet know whether this person took the Perkins surname from that slaveholding family (a common post-emancipation naming practice) or arrived at it another way, so I'm treating this as an open lead, not a confirmed family connection."
Matilda,Perkins,,,,"I found Matilda Perkins in the NARA Roll 20 ""Register of Sick and Wounded, Jan 1866-Jul 1868,"" Huntsville, Madison Co., AL, 1866-1867 (https://www.ancestry.com/search/collections/62309/records/2795167).","This is one of the first confirmed Perkins-surname individuals I've found among Huntsville freedpeople -- the Perkins name being the Avalon-area slaveholding family's name. I don't yet know whether this person took the Perkins surname from that slaveholding family (a common post-emancipation naming practice) or arrived at it another way, so I'm treating this as an open lead, not a confirmed family connection."
Parry Lee,Perkins,,,,"I found Parry Lee Perkins in the NARA Roll 20 ""Register of Sick and Wounded, Jan 1866-Jul 1868,"" Huntsville, Madison Co., AL, 1866-1867 (https://www.ancestry.com/search/collections/62309/records/2795168).","This is one of the first confirmed Perkins-surname individuals I've found among Huntsville freedpeople -- the Perkins name being the Avalon-area slaveholding family's name. I don't yet know whether this person took the Perkins surname from that slaveholding family (a common post-emancipation naming practice) or arrived at it another way, so I'm treating this as an open lead, not a confirmed family connection."
Eliza Jane,Perkins,,,,"I found Eliza Jane Perkins in the NARA Roll 20 ""Register of Sick and Wounded, Jan 1866-Jul 1868,"" Huntsville, Madison Co., AL, 1866-1867 (https://www.ancestry.com/search/collections/62309/records/2795169).","This is one of the first confirmed Perkins-surname individuals I've found among Huntsville freedpeople -- the Perkins name being the Avalon-area slaveholding family's name. I don't yet know whether this person took the Perkins surname from that slaveholding family (a common post-emancipation naming practice) or arrived at it another way, so I'm treating this as an open lead, not a confirmed family connection."
Armstell,Perkins,,,,"I found Armstell Perkins in the NARA Roll 20 ""Register of Sick and Wounded, Jan 1866-Jul 1868,"" Huntsville, Madison Co., AL, 1866-1867 (https://www.ancestry.com/search/collections/62309/records/2795170).","This is one of the first confirmed Perkins-surname individuals I've found among Huntsville freedpeople -- the Perkins name being the Avalon-area slaveholding family's name. I don't yet know whether this person took the Perkins surname from that slaveholding family (a common post-emancipation naming practice) or arrived at it another way, so I'm treating this as an open lead, not a confirmed family connection."
Francis,Perkins,16,,,"I found Francis Perkins in the NARA Roll 20 ""Register of Sick and Wounded, Jan 1866-Jul 1868,"" Huntsville, Madison Co., AL, 1866-1867 (https://www.ancestry.com/search/collections/62309/records/2796044).","This is one of the first confirmed Perkins-surname individuals I've found among Huntsville freedpeople -- the Perkins name being the Avalon-area slaveholding family's name. I don't yet know whether this person took the Perkins surname from that slaveholding family (a common post-emancipation naming practice) or arrived at it another way, so I'm treating this as an open lead, not a confirmed family connection."
Angel,Perkins,12,,,"I found Angel Perkins in the NARA Roll 20 ""Register of Sick and Wounded, Jan 1866-Jul 1868,"" Huntsville, Madison Co., AL, 1866-1867 (https://www.ancestry.com/search/collections/62309/records/2796116).","This is one of the first confirmed Perkins-surname individuals I've found among Huntsville freedpeople -- the Perkins name being the Avalon-area slaveholding family's name. I don't yet know whether this person took the Perkins surname from that slaveholding family (a common post-emancipation naming practice) or arrived at it another way, so I'm treating this as an open lead, not a confirmed family connection."
Francis,Perkins,16,,,"I found Francis Perkins in the NARA Roll 20 ""Register of Sick and Wounded, Jan 1866-Jul 1868,"" Huntsville, Madison Co., AL, 1866-1867 (https://www.ancestry.com/search/collections/62309/records/2796186).","This is a re-entry for the same Francis Perkins already logged from record 2796044 -- I'm keeping it as a separate row since it's a distinct register entry (possibly a repeat visit), but treating it as likely the same person, age 16."
Fortune,,,,M,"I found Fortune, an enslaved man who died in February 1859 at the Seclusion plantation (Lawrence Co., AL, owned by J.W.S. Donnell), named on a surviving tombstone in the plantation's slave cemetery.","I found this in a Limestone Legacy field-trip account of Seclusion plantation, Vol. 20 No. 4, Oct. 1998, Alabama Department of Archives and History hgpub collection item 64200 (https://digital.archives.alabama.gov/digital/collection/hgpub/id/64200). The tombstone inscription reads: ""Fortune...Died February 1859...To the virtues and excellencies of a faithful servant this testimony is erected by his master...J.W.S. Donnell."" This is a rare instance of a surviving grave marker naming an enslaved individual by name, and it directly ties Fortune to the same Seclusion plantation and J.W.S. Donnell already documented elsewhere in this project."
Glasco,Peete,,African-American,M,"I found Glasco Peete registered to vote in the Alabama 1867 Voter Registration Database -- Madison County, African-American, registered July 1867. Item: https://digital.archives.alabama.gov/digital/collection/voter1867/id/117417/rec/1. Repository: Alabama Department of Archives and History.","I'm logging this as a new, MEDIUM-confidence lead connecting to the existing open Benjamin Peete question in DB4 (whether the Limestone Co. Benjamin Peete, d. by Jan. 1835, and the Madison Co./Sussex Co. VA Benjamin Peete of the 1818 bond are the same person). Glasco Peete's surname, Madison County location, race, and 1867 era all line up with a possible descendant of, or a formerly enslaved man once held by, the Peete family -- but I have not found a direct ownership record linking him to a specific Peete enslaver, so I'm treating the relationship as unconfirmed, not established."
Fred,Peete,,African-American,M,"I found Fred Peete registered to vote in the Alabama 1867 Voter Registration Database -- Limestone County, African-American, registered July 1867. Item: https://digital.archives.alabama.gov/digital/collection/voter1867/id/114013/rec/2. Repository: Alabama Department of Archives and History.","I'm logging this as a new, MEDIUM-confidence lead connecting to the existing open Benjamin Peete question in DB4 (whether the Limestone Co. Benjamin Peete, d. by Jan. 1835, and the Madison Co./Sussex Co. VA Benjamin Peete of the 1818 bond are the same person). Fred Peete's surname, Limestone County location (matching the county where the Benjamin Peete estate sale record was recorded), race, and 1867 era all line up with a possible descendant of, or a formerly enslaved man once held by, the Peete family -- but I have not found a direct ownership record linking him to a specific Peete enslaver, so I'm treating the relationship as unconfirmed, not established."
Moses,LeVert,,African-American,M,"I found Moses LeVert registered to vote in the Alabama 1867 Voter Registration Database -- Madison County, African-American, registered July 1867. Item: https://digital.archives.alabama.gov/digital/collection/voter1867/id/111416. Repository: Alabama Department of Archives and History.","LOW CONFIDENCE -- flagged as probably unrelated to this project's Jones/Donnell/Peete research. Here 'LeVert' appears to be a full surname, not a first name, and Alabama has a distinct, well-documented LeVert family of French Creole origin based in Mobile (e.g. Octavia LeVert) -- I think this Moses LeVert most likely belongs to that separate Mobile-area LeVert family line, not to this project's Jones family network. I am explicitly NOT merging or conflating this with the existing 'Levert Jones' entry already in this database (row 209), where 'Levert' is a given name under the Jones surname, sourced from a Freedmen's Bank record (master Alex Jones, parents Gordon/Malinda). I'm logging Moses LeVert here as a separate, low-confidence, probably-unrelated entry per standing instruction to never fully rule out a lead rather than omitting it."
Wayman,Jones,,,,"I found a Wayman Jones in the Smithsonian NMAAHC Freedmen's Bureau Search Portal: 'Receipts for Claims, Huntsville and Athens (Claims Agent),' dated 04 Jul 1867, Huntsville, Madison, Alabama (https://nmaahc.si.edu/freedmens-bureau/record/fbs-1662423774659-1662425318345-1).","NOTE: I could not locate a prior 'Wayman Jones' row in this database, though my task notes referenced one added yesterday with a Tennessee USCT enlistment record at MEDIUM confidence -- I'm flagging this as a possible missing/overwritten prior entry for someone to reconcile. I'm logging this Alabama record fresh here. This directly places a Wayman Jones in Huntsville, Madison County, Alabama in 1867 -- the correct county and era for this project's research -- which I consider a stronger candidate than a Tennessee-only record would be, since it ties him to the right place. I'm calling this MEDIUM-HIGH confidence given the correct-county match, but I have not confirmed this is the same Wayman Jones as any Tennessee USCT record, and I have not established any ownership or family link. Treat as an open, strengthening lead, not a confirmed identity."
Shadrick,Donnell,,,,"I found Shadrick Donnell in the Smithsonian NMAAHC Freedmen's Bureau Search Portal: 'Register of Claims Allowed, Vol. 2,' Huntsville, Madison, Alabama, dated 17 May 1870 (https://nmaahc.si.edu/freedmens-bureau/record/fbs-1662423774659-1662425319314-0).","I'm logging this as a new lead: a formerly enslaved individual who took the Donnell surname in freedom, found in Huntsville, Madison Co. in 1870. This could connect to the J.W.S. Donnell research thread (J.W.S. Donnell of Seclusion plantation, Lawrence Co., married to Maria Louisa Jones), but this record is in Madison County, not Lawrence County where Seclusion was -- this could indicate a different/additional Donnell family holding in Madison Co., or that this individual relocated to Huntsville after emancipation. I have NOT confirmed any ownership link to J.W.S. Donnell specifically -- I'm flagging this as a strong new lead, not a proven connection. Confidence: MEDIUM-HIGH (surname + place + era match; direct ownership link not yet established)."
Elsa,Donnell,,,,"I found Elsa Donnell in the same Smithsonian NMAAHC Freedmen's Bureau Search Portal record as Shadrick Donnell: 'Register of Claims Allowed, Vol. 2,' Huntsville, Madison, Alabama, dated 17 May 1870 (https://nmaahc.si.edu/freedmens-bureau/record/fbs-1662423774659-1662425319314-0).","Same lead/caveats as the Shadrick Donnell row I just added: a formerly enslaved individual who took the Donnell surname, found alongside Shadrick Donnell in the same record. Relationship to J.W.S. Donnell of Seclusion plantation (Lawrence Co.) is UNCONFIRMED -- logging as a strong new lead only. Confidence: MEDIUM-HIGH."
Robert,Donnell,,,,"I found Robert Donnell in the Smithsonian NMAAHC Freedmen's Bureau Search Portal: 'Register of Claimants,' Huntsville, Madison, Alabama, dated 17 May 1870 (https://nmaahc.si.edu/freedmens-bureau/record/fbs-1662423774659-1662425320129-0).","Same date/location as the Shadrick and Elsa Donnell records I just logged (different specific register, same day). I'm treating this as part of the same emerging Donnell-surname freedpeople cluster in Huntsville, Madison Co. Relationship to J.W.S. Donnell of Seclusion plantation (Lawrence Co.) is UNCONFIRMED. Confidence: MEDIUM-HIGH."
S J,Donnell,,,,"I found S J Donnell in the same Smithsonian NMAAHC Freedmen's Bureau Search Portal record as Robert Donnell: 'Register of Claimants,' Huntsville, Madison, Alabama, dated 17 May 1870 (https://nmaahc.si.edu/freedmens-bureau/record/fbs-1662423774659-1662425320129-0).","Same date/location and same register as Robert Donnell. Part of the same emerging Donnell-surname freedpeople cluster in Huntsville, Madison Co. I have NOT confirmed identity of 'S J' beyond initials given in the record, and relationship to J.W.S. Donnell of Seclusion plantation (Lawrence Co.) remains UNCONFIRMED. Confidence: MEDIUM-HIGH."
July Ann,Jones,,,,"I found July Ann Jones in the Smithsonian NMAAHC Freedmen's Bureau Search Portal: 'Fair Copies of Contracts, Huntsville (Subassistant Commissioner), Vol. 2,' appearing 29 Jan 1866 and 17 Feb 1866, Huntsville, Madison, Alabama -- the same record as Shandy Jones (row 78/80/288) (https://nmaahc.si.edu/freedmens-bureau/record/fbs-1662423774659-1662425309892-0).","Brand new name, found in direct association with the already-confirmed Shandy Jones in the same 1866 labor contract record -- worth logging as a potential family/household member given the shared record and Jones surname. I have NOT established the exact relationship to Shandy Jones. Confidence: MEDIUM (new name, correct place/era, direct record association with an already-confirmed individual)."
Dallas,Jones,,,,"I found Dallas Jones in the Smithsonian NMAAHC Freedmen's Bureau Search Portal: 'Fair Copies of Contracts, Huntsville (Subassistant Commissioner), Vol. 2,' appearing 17 Feb 1866, Huntsville, Madison, Alabama -- the same record as Shandy Jones and July Ann Jones (https://nmaahc.si.edu/freedmens-bureau/record/fbs-1662423774659-1662425309892-0).","Brand new name, found in direct association with the already-confirmed Shandy Jones (and July Ann Jones, logged just above) in the same 1866 labor contract record -- worth logging as a potential family/household member given the shared record and Jones surname. I have NOT established the exact relationship. Confidence: MEDIUM (new name, correct place/era, direct record association with an already-confirmed individual)."
Swift,Bradford,,,,"I found Swift Bradford in the Smithsonian NMAAHC Freedmen's Bureau Search Portal: Census of Black Citizens / Register of Bounty Claims, 1865, Madison, Alabama (https://nmaahc.si.edu/freedmens-bureau/record/fbs-1662423774659-1662425318593-0).","Part of a large Bradford family/household cluster I found in Madison County during exactly the right era (1865-1868), which strongly suggests the existing 'Malinda Jones/Bradford' family connection (see William Henry Walker, row 242, residence with widow Bradford) belongs to a substantial extended family that can be further traced. I have NOT established the exact relationship between these individuals and the Walker/Bradford household. Confidence: MEDIUM-HIGH given the volume and consistency of place/era. NOTE: ~76 of 86 Alabama-filtered 'Bradford' results on this portal were not individually opened due to volume -- flagged in DB4 as an open task, likely more Bradford family members remain undiscovered."
Ann,Bradford,,,,"I found Ann Bradford in the same 1865 Census of Black Citizens / Register of Bounty Claims record as Swift Bradford, Madison, Alabama (https://nmaahc.si.edu/freedmens-bureau/record/fbs-1662423774659-1662425318593-0).",Part of the same Bradford family cluster described in the Swift Bradford row above. Exact relationship to the existing Walker/Bradford household connection not established. Confidence: MEDIUM-HIGH.
Nancy,Bradford,,,,"I found Nancy Bradford in the same 1865 Census of Black Citizens / Register of Bounty Claims record, Madison, Alabama (https://nmaahc.si.edu/freedmens-bureau/record/fbs-1662423774659-1662425318593-0).",Part of the same Bradford family cluster described in the Swift Bradford row above. Confidence: MEDIUM-HIGH.
Lelia,Bradford,,,,"I found Lelia Bradford in the same 1865 Census of Black Citizens / Register of Bounty Claims record, Madison, Alabama (https://nmaahc.si.edu/freedmens-bureau/record/fbs-1662423774659-1662425318593-0).",Part of the same Bradford family cluster described in the Swift Bradford row above. Confidence: MEDIUM-HIGH.
Sabra,Bradford,,,,"I found Sabra Bradford in the same 1865 Census of Black Citizens / Register of Bounty Claims record, Madison, Alabama (https://nmaahc.si.edu/freedmens-bureau/record/fbs-1662423774659-1662425318593-0).",Part of the same Bradford family cluster described in the Swift Bradford row above. Confidence: MEDIUM-HIGH.
John,Bradford,,,,"I found John Bradford in the same 1865 Census of Black Citizens / Register of Bounty Claims record, Madison, Alabama (https://nmaahc.si.edu/freedmens-bureau/record/fbs-1662423774659-1662425318593-0).",Part of the same Bradford family cluster described in the Swift Bradford row above. Confidence: MEDIUM-HIGH.
Henderson,Bradford,,,,"I found Henderson Bradford in the Smithsonian NMAAHC Freedmen's Bureau Search Portal: 'Fair Copies of Contracts,' Huntsville, Alabama, dated 01 Jan 1866 (https://nmaahc.si.edu/freedmens-bureau/record/fbs-1662423774659-1662425309245-0).","Part of the same broader Bradford family cluster in Madison County -- this record is a separate 1866 labor contract, distinct from the 1865 census/bounty claims record above, but same surname/place/era. Confidence: MEDIUM-HIGH."
Jackson,Bradford,,,,"I found Jackson Bradford in the same 1866 'Fair Copies of Contracts' record as Henderson Bradford, Huntsville, Alabama, dated 01 Jan 1866 (https://nmaahc.si.edu/freedmens-bureau/record/fbs-1662423774659-1662425309245-0).",Part of the same broader Bradford family cluster. Confidence: MEDIUM-HIGH.
George M,Bradford,,,,"I found George M Bradford in the same 1866 'Fair Copies of Contracts' record as Henderson and Jackson Bradford, Huntsville, Alabama, dated 01 Jan 1866 (https://nmaahc.si.edu/freedmens-bureau/record/fbs-1662423774659-1662425309245-0).",Part of the same broader Bradford family cluster. Confidence: MEDIUM-HIGH.
Wash,Bradford,,,,"I found Wash Bradford in the Smithsonian NMAAHC Freedmen's Bureau Search Portal: Freedmen's Hospital Register, Huntsville, Madison, Alabama, dated 24 Oct 1867 (https://nmaahc.si.edu/freedmens-bureau/record/fbs-1662423774659-1662425299249-0).",Part of the same broader Bradford family cluster in Huntsville/Madison Co. across 1865-1868 -- this is a distinct hospital-register record. Confidence: MEDIUM-HIGH.
David,Bradford,,,,"I found David Bradford in the Smithsonian NMAAHC Freedmen's Bureau Search Portal: Census / Register of Bounty Claims, 1865, Madison, Alabama (https://nmaahc.si.edu/freedmens-bureau/record/fbs-1662423774659-1662425318613-0).","Part of the same broader Bradford family cluster -- this is a second, separate 1865 census/bounty-claims record from the Swift/Ann/Nancy/Lelia/Sabra/John Bradford record. Confidence: MEDIUM-HIGH."
C,Bradford,,,,"I found C Bradford in the same second 1865 Census / Register of Bounty Claims record as David Bradford, Madison, Alabama (https://nmaahc.si.edu/freedmens-bureau/record/fbs-1662423774659-1662425318613-0).",Part of the same broader Bradford family cluster. Only an initial 'C' is given in the source record -- full first name not resolved. Confidence: MEDIUM-HIGH.
Mary Frances,Bradford,,,,"I found Mary Frances Bradford in the same second 1865 Census / Register of Bounty Claims record, Madison, Alabama (https://nmaahc.si.edu/freedmens-bureau/record/fbs-1662423774659-1662425318613-0).",Part of the same broader Bradford family cluster. Confidence: MEDIUM-HIGH.
George Ann,Bradford,,,,"I found George Ann Bradford in the same second 1865 Census / Register of Bounty Claims record, Madison, Alabama (https://nmaahc.si.edu/freedmens-bureau/record/fbs-1662423774659-1662425318613-0).",Part of the same broader Bradford family cluster. Confidence: MEDIUM-HIGH.
Charley,Bradford,,,,"I found Charley Bradford in the same second 1865 Census / Register of Bounty Claims record, Madison, Alabama (https://nmaahc.si.edu/freedmens-bureau/record/fbs-1662423774659-1662425318613-0).",Part of the same broader Bradford family cluster. Confidence: MEDIUM-HIGH.
Elias,Bradford,,,,"I found Elias Bradford in the same second 1865 Census / Register of Bounty Claims record, Madison, Alabama (https://nmaahc.si.edu/freedmens-bureau/record/fbs-1662423774659-1662425318613-0).",Part of the same broader Bradford family cluster. Confidence: MEDIUM-HIGH.
Ben,,,B,M,"Bedford County, VA Chancery Cause 1828-025: Samuel L. Crawford v. John Jones & James C. Jones (dec'd), County Court of Bedford County, VA, 1822-1829 bond dispute (see DB1 row 294, https://drive.google.com/file/d/14C0E0v7TxE0Ft-C9Bhhm9gwBwt5yZZGo/view?usp=drivesdk)","Hired out annually under a $90 bond to James C. Jones in fall/winter 1822 in Bedford Co., VA, along with Milly (below); bond included clothes, a hat, and a blanket per year. Held by the Jones family (John Jones/James C. Jones estate) as of 1822-1829. NOT confirmed to be connected to the Avalon/Madison Co., AL Jones family -- this is an UNCONFIRMED Virginia lead pending migration verification, logged per project policy of preserving all identified enslaved names regardless of final lineage determination. Confidence: Low re: Avalon connection; document itself high confidence."
Milly,,,B,F,"Bedford County, VA Chancery Cause 1828-025: Samuel L. Crawford v. John Jones & James C. Jones (dec'd), County Court of Bedford County, VA, 1822-1829 bond dispute (see DB1 row 294, https://drive.google.com/file/d/14C0E0v7TxE0Ft-C9Bhhm9gwBwt5yZZGo/view?usp=drivesdk)","Hired out annually under a $90 bond to James C. Jones in fall/winter 1822 in Bedford Co., VA, along with Ben (above); bond included clothes, a hat, and a blanket per year. Held by the Jones family (John Jones/James C. Jones estate) as of 1822-1829. NOT confirmed to be connected to the Avalon/Madison Co., AL Jones family -- this is an UNCONFIRMED Virginia lead pending migration verification, logged per project policy of preserving all identified enslaved names regardless of final lineage determination. Confidence: Low re: Avalon connection; document itself high confidence."
George,,,B,M,"Bedford County, VA Chancery Cause No. 828: Robert St. Clair v. Thomas M. Jones et als., Circuit Court of Bedford County, VA, final decree Sept. 29, 1859 (see DB1 row 295, https://drive.google.com/file/d/1eHQKnEss8NGge-J2EFpCSc7mSlgFIpI3/view?usp=drivesdk)","Levied/seized by the Sheriff of Bedford Co., VA on Dec. 3, 1858 as the property of Thomas M. Jones to satisfy a creditor's judgment (writ of fieri facias), alongside 'negro man Moses' (below); restored to Jones's possession when defendants declined to post an indemnifying bond. Held by Thomas M. Jones of Bedford Co. (later Botetourt Co.), VA as of late 1858. NOT confirmed to be connected to the Avalon/Madison Co., AL Jones family -- UNCONFIRMED Virginia lead pending migration verification. Note: a different, unrelated 'George' (Free Person of Color per Thomas Jones's 1821 AL will) is already logged elsewhere in this database; these are two distinct individuals. Confidence: Low re: Avalon connection; document itself high confidence."
Moses,,,B,M,"Bedford County, VA Chancery Cause No. 828: Robert St. Clair v. Thomas M. Jones et als., Circuit Court of Bedford County, VA, final decree Sept. 29, 1859 (see DB1 row 295, https://drive.google.com/file/d/1eHQKnEss8NGge-J2EFpCSc7mSlgFIpI3/view?usp=drivesdk)","Levied/seized by the Sheriff of Bedford Co., VA on Dec. 3, 1858 as the property of Thomas M. Jones to satisfy a creditor's judgment (writ of fieri facias), alongside 'negro George' (above); restored to Jones's possession when defendants declined to post an indemnifying bond. Held by Thomas M. Jones of Bedford Co. (later Botetourt Co.), VA as of late 1858. NOT confirmed to be connected to the Avalon/Madison Co., AL Jones family -- UNCONFIRMED Virginia lead pending migration verification. Note: a different, unrelated 'Moses LeVert' is already logged elsewhere in this database; these are two distinct individuals. Confidence: Low re: Avalon connection; document itself high confidence."
Nancy,Jones,~40-45 (in 1877),Black,F,"Southern Claims Commission, Nancy Jones (Colored), Claim No. 2753/51261, Madison Co., AL","Formerly enslaved by Alexander P. Jones; husband Marshall Jones; farmed ~80 acres of corn on Jones's land post-emancipation; claim for wartime property losses (corn, hogs, cow, oxen, mare) largely disallowed by SCC. See DB1 row 350. [2026-09-08, 6.20.26 folder sweep integration] My own Lit Review.docx draft (6.20.26 folder) independently corroborates this same claim, describing it as 'an oral agreement with Alexander P. Jones' -- consistent with the Alexander P. Jones tie already logged here from the SCC claim file itself."
Marshall,Jones,,Black,M,"Southern Claims Commission, Nancy Jones (Colored) claim, Claim No. 2753/51261, Madison Co., AL","Formerly enslaved by Alexander P. Jones; described as ""head man"" on the plantation; wife Nancy Jones; told by Alex Jones early in the war he was free and given liberty to trade/own property. See DB1 row 350. [2026-09-23 TRACK 4 deeper-pass detail (row_ref DB2-SCC-06A; same man as this row — amended, not duplicated): 'About forty eight or fifty years' (his 1876 deposition); master's head man: 'I done the most of his business for him and traded and sold and bought for him' for Massa Spottswood (Spotswood Perkins); allowed to own property and trade in his own name; testified to the takings of corn, hogs, bacon, beef, cow, and mare in his wife's SCC file. Marshall Jones deposition in Nancy Jones SCC file No. 2753 (examined Jul 13, 1876; certified Feb 18, 1876, James H. Done, Special Commissioner); John A. Hilliard corroboration. Son: Zachariah Jones (live row 351); wife: Nancy Jones (live row 1411). Verified — deposition and Hilliard corroboration read at 150-200 dpi, 2026-09-22. DB1-SCC-03A; DB4-SCC Marshall Jones person row.]"
Zachariah,Jones,~25-26 (in claim testimony),Black,M,"Southern Claims Commission, Zachariah Jones (colored man), Claim No. 2273, Madison Co., AL; also witness in Nancy Jones claim","Son of Nancy and Marshall Jones, enslaved by Alexander P. Jones; own SCC claim for a mule and two horses (USD 365) disallowed for lack of vouchers, explicitly attributed to enforced illiteracy under slavery. See DB1 rows 350-351. [2026-09-23 TRACK 4 deeper-pass detail (row_ref DB2-SCC-08A; same man as this row — amended, not duplicated): 'About twenty five or six years old' (deposition, 1876); 'Nancy and Marshal Jones are my mother and father'; living with his parents ~6 miles west of Huntsville; corroborated the cow receipt ('a write... a statement she could show after the ending of the war'), the corn cabin (~20 x 18 ft, 'full of corn in the slip shucks'), ~75 acres of corn, the pork ('fresh, not smoked'), the hogs, cow ('worth about forty dollars'), 3 young cattle ('$14 a piece'), and the mare ('about one hundred and twenty five dollars'); 'could not tell a Captain from a Colonel'. Zachariah Jones deposition in Nancy Jones SCC file No. 2753 (deposition pp. 12-19). Parents: Marshall Jones (live row 350), Nancy Jones (live row 1411). Verified — deposition read at 150-200 dpi, 2026-09-22. DB1-SCC-03A; DB4-SCC Zachariah Jones person row.]"
Wilson,Jones,64 (b. ~1810),Black,M,"Southern Claims Commission, Seaborn M. Jones claim file, Madison Co., AL (loyalty witness testimony)"
Robert,Criner,,"Black (""colored"")",M,"Southern Claims Commission, Estate of Seaborn Jones claim file, Madison Co., AL (property witness)","Listed as a property witness, New Market, Madison Co., in the white Seaborn Jones family's estate claim; status (enslaved vs. free) during the war not established. See DB1 row 1167."
Doll,,,Black (enslaved),,"1816 Will of John Echols, Madison Co., Mississippi Territory (Frances Cabaniss Roberts Collection, Series 8, Box 1, Folder 4, image r08_01-04-000-0658)","Named as enslaved individuals in John Echols's will dated Nov. 5, 1816; index card reading only -- full will text not yet transcribed. Not established as connected to the Avalon/Alexander P. Jones network; logged as a Madison County record for cross-reference."
Sarah,,,Black (enslaved),,"1816 Will of John Echols, Madison Co., Mississippi Territory (Frances Cabaniss Roberts Collection, Series 8, Box 1, Folder 4, image r08_01-04-000-0658)","Named as enslaved individuals in John Echols's will dated Nov. 5, 1816; index card reading only -- full will text not yet transcribed. Not established as connected to the Avalon/Alexander P. Jones network; logged as a Madison County record for cross-reference."
Glasgow,,,Black (enslaved),,"1816 Will of John Echols, Madison Co., Mississippi Territory (Frances Cabaniss Roberts Collection, Series 8, Box 1, Folder 4, image r08_01-04-000-0658)","Named as enslaved individuals in John Echols's will dated Nov. 5, 1816; index card reading only -- full will text not yet transcribed. Not established as connected to the Avalon/Alexander P. Jones network; logged as a Madison County record for cross-reference."
Silva (boy),,,Black (enslaved),,"1816 Will of John Echols, Madison Co., Mississippi Territory (Frances Cabaniss Roberts Collection, Series 8, Box 1, Folder 4, image r08_01-04-000-0658)","Named as enslaved individuals in John Echols's will dated Nov. 5, 1816; index card reading only -- full will text not yet transcribed. Not established as connected to the Avalon/Alexander P. Jones network; logged as a Madison County record for cross-reference."
Harsener,,,Black (enslaved),,"1816 Will of John Echols, Madison Co., Mississippi Territory (Frances Cabaniss Roberts Collection, Series 8, Box 1, Folder 4, image r08_01-04-000-0658)","Named as enslaved individuals in John Echols's will dated Nov. 5, 1816; index card reading only -- full will text not yet transcribed. Not established as connected to the Avalon/Alexander P. Jones network; logged as a Madison County record for cross-reference."
James,,,Black (enslaved),,"1816 Will of John Echols, Madison Co., Mississippi Territory (Frances Cabaniss Roberts Collection, Series 8, Box 1, Folder 4, image r08_01-04-000-0658)","Named as enslaved individuals in John Echols's will dated Nov. 5, 1816; index card reading only -- full will text not yet transcribed. Not established as connected to the Avalon/Alexander P. Jones network; logged as a Madison County record for cross-reference."
Jonathan,,,Black (enslaved),,"1816 Will of John Echols, Madison Co., Mississippi Territory (Frances Cabaniss Roberts Collection, Series 8, Box 1, Folder 4, image r08_01-04-000-0658)","Named as enslaved individuals in John Echols's will dated Nov. 5, 1816; index card reading only -- full will text not yet transcribed. Not established as connected to the Avalon/Alexander P. Jones network; logged as a Madison County record for cross-reference."
Lucy,,,Black (enslaved),,"1816 Will of John Echols, Madison Co., Mississippi Territory (Frances Cabaniss Roberts Collection, Series 8, Box 1, Folder 4, image r08_01-04-000-0658)","Named as enslaved individuals in John Echols's will dated Nov. 5, 1816; index card reading only -- full will text not yet transcribed. Not established as connected to the Avalon/Alexander P. Jones network; logged as a Madison County record for cross-reference."
Pompy,,,Black (enslaved),,"1816 Will of John Echols, Madison Co., Mississippi Territory (Frances Cabaniss Roberts Collection, Series 8, Box 1, Folder 4, image r08_01-04-000-0658)","Named as enslaved individuals in John Echols's will dated Nov. 5, 1816; index card reading only -- full will text not yet transcribed. Not established as connected to the Avalon/Alexander P. Jones network; logged as a Madison County record for cross-reference."
Silvia,,,Black (enslaved),,"1816 Will of John Echols, Madison Co., Mississippi Territory (Frances Cabaniss Roberts Collection, Series 8, Box 1, Folder 4, image r08_01-04-000-0658)","Named as enslaved individuals in John Echols's will dated Nov. 5, 1816; index card reading only -- full will text not yet transcribed. Not established as connected to the Avalon/Alexander P. Jones network; logged as a Madison County record for cross-reference."
Silva (girl),,,Black (enslaved),,"1816 Will of John Echols, Madison Co., Mississippi Territory (Frances Cabaniss Roberts Collection, Series 8, Box 1, Folder 4, image r08_01-04-000-0658)","Named as enslaved individuals in John Echols's will dated Nov. 5, 1816; index card reading only -- full will text not yet transcribed. Not established as connected to the Avalon/Alexander P. Jones network; logged as a Madison County record for cross-reference."
Ada,,,Black (enslaved),F (per note context),"1860 promissory note involving Charles P. Cabaniss and J.B. Cabaniss, Huntsville, AL (Frances Cabaniss Roberts Collection, Series 8, Box 1, Folder 29, image r08_01-29-000-0136)","Named as enslaved individuals in a Feb. 6, 1860 promissory note; index card reading only. Not established as connected to Avalon/Alexander P. Jones network."
Alabama,,,Black (enslaved),F (per note context),"1860 promissory note involving Charles P. Cabaniss and J.B. Cabaniss, Huntsville, AL (Frances Cabaniss Roberts Collection, Series 8, Box 1, Folder 29, image r08_01-29-000-0136)","Named as enslaved individuals in a Feb. 6, 1860 promissory note; index card reading only. Not established as connected to Avalon/Alexander P. Jones network."
Betty,,,Black (enslaved),F (per note context),"1860 promissory note involving Charles P. Cabaniss and J.B. Cabaniss, Huntsville, AL (Frances Cabaniss Roberts Collection, Series 8, Box 1, Folder 29, image r08_01-29-000-0136)","Named as enslaved individuals in a Feb. 6, 1860 promissory note; index card reading only. Not established as connected to Avalon/Alexander P. Jones network."
Caledonia,,,Black (enslaved),F (per note context),"1860 promissory note involving Charles P. Cabaniss and J.B. Cabaniss, Huntsville, AL (Frances Cabaniss Roberts Collection, Series 8, Box 1, Folder 29, image r08_01-29-000-0136)","Named as enslaved individuals in a Feb. 6, 1860 promissory note; index card reading only. Not established as connected to Avalon/Alexander P. Jones network."
Harriet,,,Black (enslaved),F (per note context),"1860 promissory note involving Charles P. Cabaniss and J.B. Cabaniss, Huntsville, AL (Frances Cabaniss Roberts Collection, Series 8, Box 1, Folder 29, image r08_01-29-000-0136)","Named as enslaved individuals in a Feb. 6, 1860 promissory note; index card reading only. Not established as connected to Avalon/Alexander P. Jones network."
Marthy,,,Black (enslaved),F,"1845 bill of sale, Alexander Ewing to E.W. Warren, Huntsville, AL (Frances Cabaniss Roberts Collection, Series 8, Box 1, Folder 17, image r08_01-17-000-0966)","Named as an enslaved woman sold Feb. 3, 1845; a companion image (0967) records the same transaction with the name spelled ""Martha,"" sold by James Clemens to Alexander/Elijah W. Warren -- treat as the same individual with a spelling variant pending verification."
Hasina,,,Black (enslaved),,"1846 Madison County Circuit Court case, Ewing v. Standefer/Echols, Aug. 11, 1846 (Frances Cabaniss Roberts Collection, Series 8, Box 1, Folder 17, image r08_01-17-000-0936/0957)",Named as enslaved individuals in an 1846 Madison County circuit court case; index card reading only. Not established as connected to Avalon/Alexander P. Jones network.
Sarah,,,Black (enslaved),,"1846 Madison County Circuit Court case, Ewing v. Standefer/Echols, Aug. 11, 1846 (Frances Cabaniss Roberts Collection, Series 8, Box 1, Folder 17, image r08_01-17-000-0936/0957)",Named as enslaved individuals in an 1846 Madison County circuit court case; index card reading only. Not established as connected to Avalon/Alexander P. Jones network.
Jim,,,Black (enslaved),,"1846 Madison County Circuit Court case, Ewing v. Standefer/Echols, Aug. 11, 1846 (Frances Cabaniss Roberts Collection, Series 8, Box 1, Folder 17, image r08_01-17-000-0936/0957)",Named as enslaved individuals in an 1846 Madison County circuit court case; index card reading only. Not established as connected to Avalon/Alexander P. Jones network.
Willis,,,Black (enslaved),,"1846 Madison County Circuit Court case, Ewing v. Standefer/Echols, Aug. 11, 1846 (Frances Cabaniss Roberts Collection, Series 8, Box 1, Folder 17, image r08_01-17-000-0936/0957)",Named as enslaved individuals in an 1846 Madison County circuit court case; index card reading only. Not established as connected to Avalon/Alexander P. Jones network.
John,,,Black (enslaved),,"1846 Madison County Circuit Court case, Ewing v. Standefer/Echols, Aug. 11, 1846 (Frances Cabaniss Roberts Collection, Series 8, Box 1, Folder 17, image r08_01-17-000-0936/0957)",Named as enslaved individuals in an 1846 Madison County circuit court case; index card reading only. Not established as connected to Avalon/Alexander P. Jones network.
Lucinda,,,Black (enslaved),,"1846 Madison County bond, Ashford/Graves/Routt/Speaks & Patteson, Feb. 17/23, 1846 (Frances Cabaniss Roberts Collection, Series 8, Box 1, Folder 17, image r08_01-17-000-0940/0942)",Named as enslaved individuals in an 1846 Madison County bond and claim; index card reading only. Not established as connected to Avalon/Alexander P. Jones network.
Robert,,,Black (enslaved),,"1846 Madison County bond, Ashford/Graves/Routt/Speaks & Patteson, Feb. 17/23, 1846 (Frances Cabaniss Roberts Collection, Series 8, Box 1, Folder 17, image r08_01-17-000-0940/0942)",Named as enslaved individuals in an 1846 Madison County bond and claim; index card reading only. Not established as connected to Avalon/Alexander P. Jones network.
Mary,,,Black (enslaved),,"1846 Madison County bond, Ashford/Graves/Routt/Speaks & Patteson, Feb. 17/23, 1846 (Frances Cabaniss Roberts Collection, Series 8, Box 1, Folder 17, image r08_01-17-000-0940/0942)",Named as enslaved individuals in an 1846 Madison County bond and claim; index card reading only. Not established as connected to Avalon/Alexander P. Jones network.
Patsy,,,Black (enslaved),,"1846 Madison County bond, Ashford/Graves/Routt/Speaks & Patteson, Feb. 17/23, 1846 (Frances Cabaniss Roberts Collection, Series 8, Box 1, Folder 17, image r08_01-17-000-0940/0942)",Named as enslaved individuals in an 1846 Madison County bond and claim; index card reading only. Not established as connected to Avalon/Alexander P. Jones network.
Washington,,,Black (enslaved),,"1846 Madison County bond, Ashford/Graves/Routt/Speaks & Patteson, Feb. 17/23, 1846 (Frances Cabaniss Roberts Collection, Series 8, Box 1, Folder 17, image r08_01-17-000-0940/0942)",Named as enslaved individuals in an 1846 Madison County bond and claim; index card reading only. Not established as connected to Avalon/Alexander P. Jones network.
Eliza,,,Black (enslaved),F,"1825-26 Madison County circuit court deposition, King v. Walton (Frances Cabaniss Roberts Collection, Series 8, Box 1, Folder 7, images r08_01-07-000-0011, 0035)","Named as an enslaved woman in a Madison County circuit court dispute between Harman/Hermon/Elijah King and Robert Walton, 1825-1826; index card reading only. Not established as connected to Avalon/Alexander P. Jones network."
Dolly,,,Black (enslaved),F,"1825 Madison County deposition, Cannon/Hodges/Meals, Sept. 5, 1825 (Frances Cabaniss Roberts Collection, Series 8, Box 1, Folder 7, image r08_01-07-000-0037)",Named as an enslaved woman in an 1825 Madison County deposition; index card reading only. Not established as connected to Avalon/Alexander P. Jones network.
Lucy,,,Black (enslaved),F,"1825 Madison County attachment, Graham v. Pruitt, Feb. 12, 1825 (Frances Cabaniss Roberts Collection, Series 8, Box 1, Folder 7, images r08_01-07-000-0022, 0027)","Named as an enslaved woman subject to an 1825 Madison County property attachment; index card reading only; possibly, but not confirmed to be, the same individual named ""Lucy"" in the 1816 Echols will logged separately above. Not established as connected to Avalon/Alexander P. Jones network."
Johnny,,,Black (enslaved),M,"""G. W. Jones & Sons Story"" booklet (1986), founding narrative (Frances Cabaniss Roberts Collection, Series 4, Subseries A, Box 14, Folder 10, image r04a14-10-000-0112)","Named as an enslaved individual in the founding-era household narrative of the G.W. Jones & Sons engineering firm family (a distinct Jones family from the Alexander P. Jones/Avalon lineage), early 1800s Huntsville context; index card reading only."
Lily,,,Black (enslaved),F,"""G. W. Jones & Sons Story"" booklet (1986), founding narrative (Frances Cabaniss Roberts Collection, Series 4, Subseries A, Box 14, Folder 10, image r04a14-10-000-0112)","Named as an enslaved individual in the founding-era household narrative of the G.W. Jones & Sons engineering firm family (a distinct Jones family from the Alexander P. Jones/Avalon lineage), early 1800s Huntsville context; index card reading only."
Charity,,"approx. 85 years enslaved before emancipation per obituary (d. Jan. 13, 1897)","Black (enslaved, then free)",F,"[Unidentified Huntsville social-history/memoir volume, tentatively Changing Huntsville 1890-1899] (DB1 row 28 source), ocr_master_CLEAN.txt lines 1390-1444 (6:17:26 folder, CamScanner 6-19-26 21.18_31.pdf/_32.pdf), quoting an obituary/memorial from The Huntsville Weekly Democrat (dated Jan. 20, 1897 per footnote 22; body text cites Aug. 29, 1894 -- source has an internal date inconsistency needing verification)","Known as ""Mammy Charity""/""Aunt Charity."" Per the obituary, belonged to a family of enslaved people held by the Withers family for ""a hundred and fifty years or more"" collectively; enslaved to the Withers family personally for 85 years before/through emancipation. After emancipation (or before, unclear) became lifelong servant of Mrs. Daniel Coleman, having nursed Mrs. Claude Levert Coleman (""her Babe"") through infancy, girlhood, and motherhood; message to ""her white children"" Levert and Veredot Coleman recorded in the obituary. Died Wed. Jan 13, 1897 of pneumonia. Funeral held at the African Methodist Church, Rev. E. W. Williams officiating, choir from ""the Normal"" (likely State Normal School, Huntsville, AL A&M predecessor). Buried beside husband ""Uncle"" Jim Withers (d. 1884); headstone inscribed ""An honest man is the noblest work of God."" Also the subject of a poem (""Charity"") by Huntsville poet Howard Weeden. Surname convention (""Withers"") reflects the enslaving family's name. Not yet established as directly connected to the Avalon/Alexander P. Jones network; cross-check Withers and Coleman family land/probate records in Madison County recommended. Corrects/supersedes prior DB2 row 386 draft, which mis-cited this as Sellers-derived; source is actually the Huntsville memoir volume at DB1 row 28."
Jim,Withers,,Black (enslaved),M,"[Unidentified Huntsville social-history/memoir volume, tentatively Changing Huntsville 1890-1899] (DB1 row 28 source), ocr_master_CLEAN.txt lines 1390-1444 (6:17:26 folder, CamScanner 6-19-26 21.18_31.pdf/_32.pdf), quoting Huntsville Weekly Democrat obituary of his wife Charity","Known as ""Uncle Jim Withers."" Husband of Charity (""Mammy Charity""/""Aunt Charity""); died 1884, predeceasing her. Buried with headstone inscribed ""An honest man is the noblest work of God."" Part of a family enslaved by the Withers family for roughly 150 years collectively per the source. Surname ""Withers"" reflects the enslaving family's name per period convention, not a confirmed independent post-emancipation surname choice. Not yet established as directly connected to the Avalon/Alexander P. Jones network. Corrects/supersedes prior DB2 row 387 draft, which mis-cited this as Sellers-derived; source is actually the Huntsville memoir volume at DB1 row 28."
Kate,,,"Black (free, formerly enslaved era household)",F,"[Unidentified Huntsville social-history/memoir volume, tentatively Changing Huntsville 1890-1899] (DB1 row 28 source), ocr_master_CLEAN.txt lines 1057-1101 (6:17:26 folder, CamScanner 6-19-26 21.18_22.pdf/_23.pdf)","""Trusted maid"" of Mrs. Milton Humes (Abingdon Place, Huntsville). Married c. 1895 in a wedding held in the Humes' back parlor, officiated by Byrd Chapman (Negro Baptist preacher); Felicia Hubbard played the wedding march. Reception/banquet served on the back porch, attended by the white Humes family and friends. Provides detailed post-emancipation-era social/community-formation evidence for a domestic worker in white Huntsville society. Not yet established as connected to the Avalon/Alexander P. Jones network."
Pearl,Macklin,,Black,M,"[Unidentified Huntsville social-history/memoir volume, tentatively Changing Huntsville 1890-1899] (DB1 row 28 source), ocr_master_CLEAN.txt lines 1057-1079 (6:17:26 folder, CamScanner 6-19-26 21.18_22.pdf/_23.pdf)","Described as ""coal-black Negro man cook"" for Mrs. Milton Humes at Abingdon Place, Huntsville; overheard by the author in a recorded (and racially stereotyped/dialect-rendered) exchange with Kate about her upcoming marriage, c. 1895. Not yet established as connected to the Avalon/Alexander P. Jones network."
Lilia,Tucker,,Black,F,"[Unidentified Huntsville social-history/memoir volume, tentatively Changing Huntsville 1890-1899] (DB1 row 28 source), ocr_master_CLEAN.txt line 1070 (6:17:26 folder, CamScanner 6-19-26 21.18_22.pdf)","Identified as Mrs. Rosalie Chapman's cook in Huntsville, Alabama; cited by the author (in a footnote reflecting the author's own racialized editorializing, not Tucker's own words as directly quoted) regarding views on morality. Not yet established as connected to the Avalon/Alexander P. Jones network."
Leah,,,"Black (free, formerly enslaved era household)",F,"[Unidentified Huntsville social-history/memoir volume, tentatively Changing Huntsville 1890-1899] (DB1 row 28 source), ocr_master_CLEAN.txt lines 1090-1096 (6:17:26 folder, CamScanner 6-19-26 21.18_23.pdf), citing The Democrat (Huntsville) for original wedding coverage","Maid of Mrs. George Turner, Huntsville. Married Brewster Townsend (to whom a Mr. Wilson had left all of his property) in a wedding covered by The Democrat; Turner home parlors decorated with Jackson vine and smilax, gifts displayed, banquet afterward. Provides further post-emancipation social/community-formation evidence. Not yet established as connected to the Avalon/Alexander P. Jones network."
Brewster,Townsend,,Black,M,"[Unidentified Huntsville social-history/memoir volume, tentatively Changing Huntsville 1890-1899] (DB1 row 28 source), ocr_master_CLEAN.txt lines 1090-1096 (6:17:26 folder, CamScanner 6-19-26 21.18_23.pdf), citing The Democrat (Huntsville)","Married Leah (maid of Mrs. George Turner) in a Huntsville wedding covered by The Democrat. Noted as having been left ""all of his property"" by a Mr. Wilson -- suggests a former enslaver-beneficiary relationship or employer bequest worth further investigation. Surname Townsend should NOT be conflated without further evidence with the Samuel/Edmund Townsend planter family of Madison County (DB1 row 301) -- flagged only as a possible research lead, not an established connection. Not yet established as connected to the Avalon/Alexander P. Jones network."
Nanny,,,"Black (free, formerly enslaved era household)",F,"[Unidentified Huntsville social-history/memoir volume, tentatively Changing Huntsville 1890-1899] (DB1 row 28 source), ocr_master_CLEAN.txt lines 1097-1109 (6:17:26 folder, CamScanner 6-19-26 21.18_23.pdf)","Maid to Mrs. Milton Humes (Abingdon Place). Married Jackson Turner (headwaiter) in 1892 in a documented church wedding at the Primitive Baptist Church (Negro), Spring Street, Huntsville -- engraved invitations, Negro ushers in dress suits, bridal party in long-trained light dresses, a section of the church reserved for white attendees which was filled to capacity. Rich primary-adjacent detail on Black community wedding customs and interracial social attendance in 1890s Huntsville. Not yet established as connected to the Avalon/Alexander P. Jones network."
Jackson,Turner,,Black,M,"[Unidentified Huntsville social-history/memoir volume, tentatively Changing Huntsville 1890-1899] (DB1 row 28 source), ocr_master_CLEAN.txt lines 1097-1109 (6:17:26 folder, CamScanner 6-19-26 21.18_23.pdf)","Headwaiter (occupation, employer not specified in this passage); married Nanny (maid to Mrs. Milton Humes) in 1892 at the Primitive Baptist Church, Spring Street, Huntsville. Not yet established as connected to the Avalon/Alexander P. Jones network."
Byrd,Chapman,,Black,M,"[Unidentified Huntsville social-history/memoir volume, tentatively Changing Huntsville 1890-1899] (DB1 row 28 source), ocr_master_CLEAN.txt line 1082 (6:17:26 folder, CamScanner 6-19-26 21.18_23.pdf)",Negro Baptist preacher; performed the c.1895 wedding ceremony of Kate (maid to Mrs. Milton Humes) at the Humes home. Possible research lead re: identity/pastorate of a Black Baptist congregation in 1890s Huntsville. Not yet established as connected to the Avalon/Alexander P. Jones network.
Felicia,Hubbard,,Black,F,"[Unidentified Huntsville social-history/memoir volume, tentatively Changing Huntsville 1890-1899] (DB1 row 28 source), ocr_master_CLEAN.txt line 1087 (6:17:26 folder, CamScanner 6-19-26 21.18_23.pdf)","Played the wedding march and Schubert's Serenade at Kate's c.1895 wedding at the Humes home, Huntsville -- indicates musical training/education. Not yet established as connected to the Avalon/Alexander P. Jones network."
Margaret,,,Black,F,"[Unidentified Huntsville social-history/memoir volume, tentatively Changing Huntsville 1890-1899] (DB1 row 28 source), ocr_master_CLEAN.txt line 366 (6:17:26 folder, CamScanner 6-19-26 21.18_9.pdf approx.)","Referred to as ""Aunt Margaret, an old Negress on Gladstone Place"" (Huntsville); noted anecdotally by the author, reportedly skilled at raising turkeys, in an anecdote dated by context to c.1898. Already referenced generically in DB1 row 28's book-level description; logged here individually per DB2 practice of naming enslaved/formerly-enslaved people by name. Not yet established as connected to the Avalon/Alexander P. Jones network."
Amanda,,,Enslaved woman (as described in the case transcription),F,"Alabama Department of Archives and History transcription of Turrentine, Administrator v. Perkins et al. (SC00287), p. 18: Bettie F. Perkins claimed Amanda as her separate property and claimed $1,000 proceeds from Amanda’s 1862 sale.","Surname, age, sale location/purchaser, and post-emancipation identity are not supplied. Connection is to Bettie/Elizabeth Perkins and Alexander S. Perkins’s Limestone County estate litigation; not yet shown to be directly connected to Avalon. Underlying case images still need review. https://archives.alabama.gov/research/docs/collections/supreme-court/SC00287_Turrentine_v_Perkins_transcription.pdf"
Jim,Jones,46 (b. abt. 1869),Negro (Colored),M,"Alabama Dept. of Corrections/Board of Control & Economy, ""Record of Convicts"" ledger, Madison County, via Ancestry.com collection 1742, ""Alabama, U.S., Convict Records, 1886-1952,"" image 31779_647680_0009-00915, https://www.ancestry.com/imageviewer/collections/1742/images/31779_647680_0009-00915 (viewed/saved 5 Aug. 2026; logged 8 Sept. 2026).","Convicted ""Murder 1st,"" sentenced 22 Oct. 1915, Madison Co., term Life; died in custody 7-7-1923 at Wetumpka (Alabama state penitentiary) of tuberculosis. KINSHIP TO AVALON/ALEXANDER P. JONES NETWORK UNCONFIRMED -- surname-only match; ""Jones"" is an extremely common surname among Madison County's post-emancipation Black population (1,982 Ancestry convict-record results for surname ""Jones"" in Madison Co. alone). Logged for completeness/future cross-referencing; see DB1 row 465."
Eli,Jones,,,M,"Alabama State Board of Control & Economy, Convict Dept. correspondence inserted into Madison County convict ledger p. 500, via Ancestry.com collection 1742, image 31779_647680_0009-00505, https://www.ancestry.com/imageviewer/collections/1742/images/31779_647680_0009-00505 (viewed/saved 5 Aug. 2026; logged 8 Sept. 2026).","Convict No. 2889, Madison-Jefferson Co. 1921 Acting Warden Frank J. Chapman character letter to State Warden General Wm. F. Feagin describes him as ""an unusually good prisoner""; references an approx. 3-month absence treated leniently rather than as a disciplinary infraction. Base descriptive-list fields (age, race, crime, sentence) obscured by the overlaid letter image; companion ledger image not yet obtained. KINSHIP TO AVALON/JONES NETWORK UNCONFIRMED -- surname-only match; see DB1 row 466."
Shady,Jones,39 (b. abt. 1897),Negro,M,"Alabama Board of Control & Economy convict ledger, Madison County, via Ancestry.com collection 1742, ""Alabama, U.S., Convict Records, 1886-1952"" (accessed/saved 5 Aug. 2026; logged 8 Sept. 2026).","Ledger No. 938, Serial No. 34338, Court No. 5541. Crime: Incest. Sentence began 7 Feb. 1936, term 2 to 2.5 years; received 2-11-1936; min.-time discharge 2-7-1938 (Camp C, Tr. Book 103, p.375). Documented REPEAT offender -- prior conviction as #4012, Madison Co., sentenced 3-12-1933, 2 to 2.5 yrs. SENSITIVE CONTENT: handle per project humanizing-language standards; do not present as reflecting on the broader Jones family absent a confirmed genealogical link. KINSHIP TO AVALON/JONES NETWORK UNCONFIRMED -- surname-only match; see DB1 row 467."
Peter,,22 in 1853 (b. c.1831),Enslaved (Black),M,"FamilySearch, ""Madison, Alabama, United States records,"" Alabama Circuit Court (Madison County), IGN 005220111, image 778 of 928, https://www.familysearch.org/ark:/61903/3:1:33S7-LBRV-1VH?view=fullText","""A negro boy named Peter, 22 years of age"" -- given by George T. Jones (Sr.) to his son John T. Jones as part of a 28 Dec. 1853 advance-inheritance agreement, Madison Co., AL, along with 240+ acres of land. Not yet traced forward post-emancipation. Kinship to Avalon/Jones network unconfirmed."
Cesar,,~44-45 (1843),Enslaved (Black),M,"FamilySearch, IGN 005178550, image 153 of 1234 (bill of sale) and image 94 of 1234 (1843 indenture), https://www.familysearch.org/ark:/61903/3:1:33S7-8BQW-Q1R?view=fullText","Purchased by Elizabeth Jones from J. H. Roberts (Coffee Co., TN) for $200, 15 March 1843; held in Madison Co., AL as of the 1853 Elizabeth Jones v. Samuel G. Berry injunction case. Part of an enslaved family/household group with Nancy, Mary Ann, Jim/Sim, John, Jesse, Sam, William. Kinship to Avalon/Jones network unconfirmed."
Nancy,,37-39 (1843),Enslaved (Black),F,"FamilySearch, IGN 005178550, image 137 of 1234 (injunction bond/enslaved persons list), https://www.familysearch.org/ark:/61903/3:1:33S7-9BQW-WQS?view=fullText","Likely mother of the enslaved family group listed with Mary Ann, Jim/Sim, John, Jesse, Sam, William in the 1853 Elizabeth Jones v. Samuel G. Berry case, Madison Co., AL. Kinship to Avalon/Jones network unconfirmed."
Mary Ann,,15 (1843),Enslaved (Black),F,"FamilySearch, IGN 005178550, image 137 of 1234, https://www.familysearch.org/ark:/61903/3:1:33S7-9BQW-WQS?view=fullText","Part of the Nancy family group, Elizabeth Jones v. Samuel G. Berry case, Madison Co., AL, 1853 (ages given as of 25 May 1843). Kinship to Avalon/Jones network unconfirmed."
"Jim (also OCR'd ""Sim"")",,14 (1843),Enslaved (Black),M,"FamilySearch, IGN 005178550, image 137 of 1234, https://www.familysearch.org/ark:/61903/3:1:33S7-9BQW-WQS?view=fullText","Part of the Nancy family group, Elizabeth Jones v. Samuel G. Berry case, Madison Co., AL, 1853. Name renders as both ""Jim"" and ""Sim"" across near-duplicate OCR copies -- needs image verification. Possible name overlap with other project-tracked ""Jim"" (different household/era, no confirmed link). Kinship to Avalon/Jones network unconfirmed."
John,,7 (1843),Enslaved (Black),M,"FamilySearch, IGN 005178550, image 137 of 1234, https://www.familysearch.org/ark:/61903/3:1:33S7-9BQW-WQS?view=fullText","Part of the Nancy family group, Elizabeth Jones v. Samuel G. Berry case, Madison Co., AL, 1853. Kinship to Avalon/Jones network unconfirmed."
Jesse,,5 (1843),Enslaved (Black),M,"FamilySearch, IGN 005178550, image 137 of 1234, https://www.familysearch.org/ark:/61903/3:1:33S7-9BQW-WQS?view=fullText","Part of the Nancy family group, Elizabeth Jones v. Samuel G. Berry case, Madison Co., AL, 1853. Kinship to Avalon/Jones network unconfirmed."
Sam,,3 (1843),Enslaved (Black),M,"FamilySearch, IGN 005178550, image 137 of 1234, https://www.familysearch.org/ark:/61903/3:1:33S7-9BQW-WQS?view=fullText","Part of the Nancy family group, Elizabeth Jones v. Samuel G. Berry case, Madison Co., AL, 1853. Kinship to Avalon/Jones network unconfirmed."
William,,1 (1843),Enslaved (Black),M,"FamilySearch, IGN 005178550, image 137 of 1234, https://www.familysearch.org/ark:/61903/3:1:33S7-9BQW-WQS?view=fullText","Part of the Nancy family group, Elizabeth Jones v. Samuel G. Berry case, Madison Co., AL, 1853. Possible name overlap with other project-tracked ""William"" (different household/era, no confirmed link). Kinship to Avalon/Jones network unconfirmed."
Henderson,,,Enslaved (Black),M,"FamilySearch, IGN 005178550, image 137 of 1234, https://www.familysearch.org/ark:/61903/3:1:33S7-9BQW-WQS?view=fullText","Named alongside the Nancy family group, Elizabeth Jones v. Samuel G. Berry case, Madison Co., AL, 1853; age not given. Kinship to Avalon/Jones network unconfirmed."
Little Nancy,,,Enslaved (Black),F,"FamilySearch, IGN 005178550, image 137 of 1234, https://www.familysearch.org/ark:/61903/3:1:33S7-9BQW-WQS?view=fullText","Named alongside the Nancy family group (distinct from the elder Nancy, 37-39), Elizabeth Jones v. Samuel G. Berry case, Madison Co., AL, 1853; age not given. Kinship to Avalon/Jones network unconfirmed."
Eliza,,,Enslaved (Black),F,"FamilySearch, IGN 005178550, image 137 of 1234, https://www.familysearch.org/ark:/61903/3:1:33S7-9BQW-WQS?view=fullText","Named alongside the Nancy family group, Elizabeth Jones v. Samuel G. Berry case, Madison Co., AL, 1853; age not given. Kinship to Avalon/Jones network unconfirmed."
Unnamed child,,,Enslaved (Black),,"FamilySearch, IGN 005178550, image 218 of 1234, https://www.familysearch.org/ark:/61903/3:1:33S7-9BQW-WM2?view=fullText","Referenced only as ""one of the children"" in an 1840 letter -- mortgaged by/for Elizabeth Jones to creditor John Bell as debt security, Madison/Jackson Co., AL. No name given in the OCR'd text; may be identifiable among the Nancy family group's children upon image review."

























































































































































































































































































































































































































































































































































































































Jerry,Robinson,,Black,M,"Named in Virgil Carrington Jones, “Quietdale” (1992; text dated 1969). Described as having run away from a first enslaver to Huntsville and later being leased by William “Black Bill” Robinson. Jerry recalled skilled work as a brickmaker and pit-sawyer and credited his knowledge with helping create Robinson’s wealth. He later worked for Dr. William Burritt, Robinson’s grandson and owner of a Big Cove plantation. No connection to Avalon or the Jones lineage is established. Research census, Freedmen’s Bureau, lease, probate, Burritt/Robinson papers, church, city-directory, and death records.","Citation: Jones, Virgil Carrington. “Quietdale.” The Historic Huntsville Quarterly 18, no. 3, article 15 (1992). https://louis.uah.edu/historic-huntsville-quarterly/vol18/iss3/15"
Edward,,,Black,,"Listed in WikiTree’s summary of James Manning’s 1841 probate among people directed to remain at The Grove with Sophia Manning. No surname is entered because the page says the modern compiler assigned “Manning” where the record supplied none. Verify spelling, age, kinship, and disposition in the original probate.","WikiTree, “The Grove Plantation, Huntsville, Alabama,” https://www.wikitree.com/wiki/Space:The_Grove_Plantation%2C_Huntsville%2C_Alabama; primary leads: Madison County Probate Records, vol. 8–9, pp. 446–448, image 566/666; Estate of James Manning, vol. 16, pp. 229–235, image 120/266."
Wesley,,,Black,,"Listed in WikiTree’s summary of James Manning’s 1841 probate among people directed to remain at The Grove with Sophia Manning. No surname is entered because the page says the modern compiler assigned “Manning” where the record supplied none. Verify spelling, age, kinship, and disposition in the original probate.","WikiTree, “The Grove Plantation, Huntsville, Alabama,” https://www.wikitree.com/wiki/Space:The_Grove_Plantation%2C_Huntsville%2C_Alabama; primary leads: Madison County Probate Records, vol. 8–9, pp. 446–448, image 566/666; Estate of James Manning, vol. 16, pp. 229–235, image 120/266."
Elben,,,Black,,"Listed in WikiTree’s summary of James Manning’s 1841 probate among people directed to remain at The Grove with Sophia Manning. No surname is entered because the page says the modern compiler assigned “Manning” where the record supplied none. Verify the unusual spelling, age, kinship, and disposition in the original probate.","WikiTree, “The Grove Plantation, Huntsville, Alabama,” https://www.wikitree.com/wiki/Space:The_Grove_Plantation%2C_Huntsville%2C_Alabama; primary leads: Madison County Probate Records, vol. 8–9, pp. 446–448, image 566/666; Estate of James Manning, vol. 16, pp. 229–235, image 120/266."
Polly,,,Black,,Listed in WikiTree’s summary of James Manning’s 1841 probate among people directed to remain at The Grove with Sophia Manning. No surname is entered because the page says the modern compiler assigned “Manning” where the record supplied none. This may or may not be the same Polly found in other network records; do not merge without age and kinship evidence.,"WikiTree, “The Grove Plantation, Huntsville, Alabama,” https://www.wikitree.com/wiki/Space:The_Grove_Plantation%2C_Huntsville%2C_Alabama; primary leads: Madison County Probate Records, vol. 8–9, pp. 446–448, image 566/666; Estate of James Manning, vol. 16, pp. 229–235, image 120/266."
Louisa,,,Black,,"Listed in WikiTree’s summary of James Manning’s 1841 probate among people directed to remain at The Grove with Sophia Manning. No surname is entered because the page says the modern compiler assigned “Manning” where the record supplied none. Verify spelling, age, kinship, and disposition in the original probate.","WikiTree, “The Grove Plantation, Huntsville, Alabama,” https://www.wikitree.com/wiki/Space:The_Grove_Plantation%2C_Huntsville%2C_Alabama; primary leads: Madison County Probate Records, vol. 8–9, pp. 446–448, image 566/666; Estate of James Manning, vol. 16, pp. 229–235, image 120/266."
Ellen,,,Black,,Listed in WikiTree’s summary of James Manning’s 1841 probate among people directed to remain at The Grove with Sophia Manning. No surname is entered because the page says the modern compiler assigned “Manning” where the record supplied none. This may or may not be the same Ellen found in other network records; do not merge without age and kinship evidence.,"WikiTree, “The Grove Plantation, Huntsville, Alabama,” https://www.wikitree.com/wiki/Space:The_Grove_Plantation%2C_Huntsville%2C_Alabama; primary leads: Madison County Probate Records, vol. 8–9, pp. 446–448, image 566/666; Estate of James Manning, vol. 16, pp. 229–235, image 120/266."
Peggy,,,Black,,"Listed in WikiTree’s summary of James Manning’s 1841 probate among people directed to remain at The Grove with Sophia Manning. No surname is entered because the page says the modern compiler assigned “Manning” where the record supplied none. Verify spelling, age, kinship, and disposition in the original probate.","WikiTree, “The Grove Plantation, Huntsville, Alabama,” https://www.wikitree.com/wiki/Space:The_Grove_Plantation%2C_Huntsville%2C_Alabama; primary leads: Madison County Probate Records, vol. 8–9, pp. 446–448, image 566/666; Estate of James Manning, vol. 16, pp. 229–235, image 120/266."
Margaret,,,Black,,"Listed in WikiTree’s summary of James Manning’s 1841 probate among people directed to remain at The Grove with Sophia Manning. No surname is entered because the page says the modern compiler assigned “Manning” where the record supplied none. Verify spelling, age, kinship, and disposition in the original probate.","WikiTree, “The Grove Plantation, Huntsville, Alabama,” https://www.wikitree.com/wiki/Space:The_Grove_Plantation%2C_Huntsville%2C_Alabama; primary leads: Madison County Probate Records, vol. 8–9, pp. 446–448, image 566/666; Estate of James Manning, vol. 16, pp. 229–235, image 120/266."
Celia,,,Black,,"Listed in WikiTree’s summary of James Manning’s 1841 probate among people directed to remain at The Grove with Sophia Manning. No surname is entered because the page says the modern compiler assigned “Manning” where the record supplied none. Verify spelling, age, kinship, and disposition in the original probate.","WikiTree, “The Grove Plantation, Huntsville, Alabama,” https://www.wikitree.com/wiki/Space:The_Grove_Plantation%2C_Huntsville%2C_Alabama; primary leads: Madison County Probate Records, vol. 8–9, pp. 446–448, image 566/666; Estate of James Manning, vol. 16, pp. 229–235, image 120/266."
Ben,,,Black,,Listed in WikiTree’s summary of James Manning’s 1841 probate among people directed to remain at The Grove with Sophia Manning. No surname is entered because the page says the modern compiler assigned “Manning” where the record supplied none. This may or may not be the same Ben found in other network records; do not merge without age and kinship evidence.,"WikiTree, “The Grove Plantation, Huntsville, Alabama,” https://www.wikitree.com/wiki/Space:The_Grove_Plantation%2C_Huntsville%2C_Alabama; primary leads: Madison County Probate Records, vol. 8–9, pp. 446–448, image 566/666; Estate of James Manning, vol. 16, pp. 229–235, image 120/266."
Solomon,,,Black,,"Listed in WikiTree’s summary of James Manning’s 1841 probate among people directed to remain at The Grove with Sophia Manning. No surname is entered because the page says the modern compiler assigned “Manning” where the record supplied none. Verify spelling, age, kinship, and disposition in the original probate.","WikiTree, “The Grove Plantation, Huntsville, Alabama,” https://www.wikitree.com/wiki/Space:The_Grove_Plantation%2C_Huntsville%2C_Alabama; primary leads: Madison County Probate Records, vol. 8–9, pp. 446–448, image 566/666; Estate of James Manning, vol. 16, pp. 229–235, image 120/266."
Syke,,,Black,,"Listed in WikiTree’s summary of James Manning’s 1841 probate among people directed to remain at The Grove with Sophia Manning. No surname is entered because the page says the modern compiler assigned “Manning” where the record supplied none. Verify the unusual spelling, age, kinship, and disposition in the original probate.","WikiTree, “The Grove Plantation, Huntsville, Alabama,” https://www.wikitree.com/wiki/Space:The_Grove_Plantation%2C_Huntsville%2C_Alabama; primary leads: Madison County Probate Records, vol. 8–9, pp. 446–448, image 566/666; Estate of James Manning, vol. 16, pp. 229–235, image 120/266."
Talbott,,,Black,,"Listed in WikiTree’s summary of James Manning’s 1841 probate among people directed to remain at The Grove with Sophia Manning. No surname is entered because the page says the modern compiler assigned “Manning” where the record supplied none. Verify spelling, age, kinship, and disposition in the original probate.","WikiTree, “The Grove Plantation, Huntsville, Alabama,” https://www.wikitree.com/wiki/Space:The_Grove_Plantation%2C_Huntsville%2C_Alabama; primary leads: Madison County Probate Records, vol. 8–9, pp. 446–448, image 566/666; Estate of James Manning, vol. 16, pp. 229–235, image 120/266."
Lizzie,,,Black,,"Listed in WikiTree’s summary of James Manning’s 1841 probate among people directed to remain at The Grove with Sophia Manning, together with her unnamed children. No surname is entered because the page says the modern compiler assigned “Manning” where the record supplied none. Verify the children’s number, names, ages, kinship, and disposition in the original probate.","WikiTree, “The Grove Plantation, Huntsville, Alabama,” https://www.wikitree.com/wiki/Space:The_Grove_Plantation%2C_Huntsville%2C_Alabama; primary leads: Madison County Probate Records, vol. 8–9, pp. 446–448, image 566/666; Estate of James Manning, vol. 16, pp. 229–235, image 120/266."
,,Children of Lizzie; number and ages not stated in the secondary summary,Black,,"Aggregate lead for Lizzie’s unnamed children, listed with her among people directed to remain at The Grove with Sophia Manning. Do not assign names or a surname. The original probate may identify the children individually and should be transcribed before further analysis.","WikiTree, “The Grove Plantation, Huntsville, Alabama,” https://www.wikitree.com/wiki/Space:The_Grove_Plantation%2C_Huntsville%2C_Alabama; primary leads: Madison County Probate Records, vol. 8–9, pp. 446–448, image 566/666; Estate of James Manning, vol. 16, pp. 229–235, image 120/266."
Washington,,,Black,,"Listed in WikiTree’s summary of James Manning’s 1841 probate among people directed to remain at The Grove with Sophia Manning. No surname is entered because the page says the modern compiler assigned “Manning” where the record supplied none. Verify spelling, age, kinship, and disposition in the original probate.","WikiTree, “The Grove Plantation, Huntsville, Alabama,” https://www.wikitree.com/wiki/Space:The_Grove_Plantation%2C_Huntsville%2C_Alabama; primary leads: Madison County Probate Records, vol. 8–9, pp. 446–448, image 566/666; Estate of James Manning, vol. 16, pp. 229–235, image 120/266."
Nelson,,,Black,,"Listed in WikiTree’s summary of James Manning’s 1841 probate among people directed to remain at The Grove with Sophia Manning. No surname is entered because the page says the modern compiler assigned “Manning” where the record supplied none. Verify spelling, age, kinship, and disposition in the original probate.","WikiTree, “The Grove Plantation, Huntsville, Alabama,” https://www.wikitree.com/wiki/Space:The_Grove_Plantation%2C_Huntsville%2C_Alabama; primary leads: Madison County Probate Records, vol. 8–9, pp. 446–448, image 566/666; Estate of James Manning, vol. 16, pp. 229–235, image 120/266."
Fortune,Black,,,M,"Secondary-source lead: Butch Walker states that Fortune was an enslaved man and personal servant of James Webb Smith Donnell at Seclusion Plantation, Lawrence County, Alabama, and that Fortune died in February 1859. Walker reproduces a reported grave inscription: “Fortune, died Feb. 1859. To the virtues and excellencies of a faithful servant this testimony is erected by his master J.W.S. Donnell.” Verify in Cotton Was King, Lawrence/Colbert Counties, Volume III; the Donnell Papers; cemetery surveys or photographs; deeds, probate, accounts, church and medical records; and the 1850/1860 slave schedules. Do not assign the surname Jones or Donnell without evidence.","Butch Walker, “Seclusion Plantation history and owners,” Facebook, January 7, https://www.facebook.com/butch.walker.5/posts/the-seclusion-plantation-near-town-creek-in-lawrence-county-was-initially-owned-/25558835063773865/; citing Cotton Was King, Lawrence/Colbert Counties, Volume III."
Minerva,,,,F,Free People of Color,"Named as an additional complainant in the 1828 freedom action after having been held in bondage to Thomas Jones. Madison County Probate Record 2, p. 215; Madison County Superior Court, 1811–1825, pp. 281–283; Book D, pp. 266–268. Thomas Jones’s connection to the Avalon family is unproven; keep separate."
Sally,,,,F,Free People of Color,"Named as an additional complainant in the 1828 freedom action after having been held in bondage to Thomas Jones. Madison County Probate Record 2, p. 215; Madison County Superior Court, 1811–1825, pp. 281–283; Book D, pp. 266–268. Thomas Jones’s connection to the Avalon family is unproven; keep separate."
Cornelius,,,,M,Free People of Color,"Named as an additional complainant in the 1828 freedom action after having been held in bondage to Thomas Jones. Madison County Probate Record 2, p. 215; Madison County Superior Court, 1811–1825, pp. 281–283; Book D, pp. 266–268. Thomas Jones’s connection to the Avalon family is unproven; keep separate."
Luke,,about 22,Black,M,"1821 Peter Blow deed of trust to John N. S. Jones, Madison County Deed Book G, pp. 163-165; transcribed in Valley Leaves, March 1989, p. 144.; manuscript deed read firsthand against the pixels Sept 22, 2026 (Madison probate corpus image 1314/p-100; matches deed index G 163, 1821) — names and ages confirmed.","One of eight people pledged with land as security for a $2,000 note. The article presumes, but the deed does not prove, that Solomon and Hannah were parents of the younger people. Firsthand corroboration, Sept 22, 2026: the manuscript deed of trust (image 1314/p-100) was read against the pixels and confirms Luke, about 22, among the eight. Grantors Peter Blow & John N.S. Jones; trustees Suggs Scruggs Sr. & Alexander P. Jones; secures $2,000 owed by Blow to J.N.S. Jones at 8%, payable at the Huntsville land office; witness Mills Cook; acknowledged before Thomas Brandon, Clerk. The Scruggs name reaches the Bedford 1840-017 Scruggs case — a cross-county FAN thread. See DB1 row 938."
Will,,about 21,Black,M,"1821 Peter Blow deed of trust to John N. S. Jones, Madison County Deed Book G, pp. 163-165; transcribed in Valley Leaves, March 1989, p. 144.; manuscript deed read firsthand against the pixels Sept 22, 2026 (Madison probate corpus image 1314/p-100; matches deed index G 163, 1821) — names and ages confirmed.","One of eight people pledged with land as security for a $2,000 note. Keep distinct from Big Will in the 1805 Jones-Perkins deed. Firsthand corroboration, Sept 22, 2026: the manuscript deed of trust (image 1314/p-100) was read against the pixels and confirms Will, about 21, among the eight. Grantors Peter Blow & John N.S. Jones; trustees Suggs Scruggs Sr. & Alexander P. Jones; secures $2,000 owed by Blow to J.N.S. Jones at 8%, payable at the Huntsville land office; witness Mills Cook; acknowledged before Thomas Brandon, Clerk. The Scruggs name reaches the Bedford 1840-017 Scruggs case — a cross-county FAN thread. See DB1 row 938."
Sam,,about 20,Black,M,"1821 Peter Blow deed of trust to John N. S. Jones, Madison County Deed Book G, pp. 163-165; transcribed in Valley Leaves, March 1989, pp. 144-145.; manuscript deed read firsthand against the pixels Sept 22, 2026 (Madison probate corpus image 1314/p-100; matches deed index G 163, 1821) — names and ages confirmed.","The article identifies this Sam as Sam Blow, the man later known as Dred Scott. He is not the separate 16-year-old boy named Dred in the same deed. Verify identity and age in the original deed and Blow probate. Firsthand corroboration, Sept 22, 2026: the manuscript deed of trust (image 1314/p-100) was read against the pixels and confirms Sam, about 20, among the eight. Grantors Peter Blow & John N.S. Jones; trustees Suggs Scruggs Sr. & Alexander P. Jones; secures $2,000 owed by Blow to J.N.S. Jones at 8%, payable at the Huntsville land office; witness Mills Cook; acknowledged before Thomas Brandon, Clerk. The Scruggs name reaches the Bedford 1840-017 Scruggs case — a cross-county FAN thread. See DB1 row 938."
Dred,,about 16,Black,M,"1821 Peter Blow deed of trust to John N. S. Jones, Madison County Deed Book G, pp. 163-165; transcribed in Valley Leaves, March 1989, p. 144.; manuscript deed read firsthand against the pixels Sept 22, 2026 (Madison probate corpus image 1314/p-100; matches deed index G 163, 1821) — names and ages confirmed.","A separate boy from Sam, whom the article identifies as the future Dred Scott. The article theorizes this Dred was a younger brother who died or disappeared before later Blow records; kinship is not proved by the deed. Firsthand corroboration, Sept 22, 2026: the manuscript deed of trust (image 1314/p-100) was read against the pixels and confirms Dred, about 16, among the eight. Grantors Peter Blow & John N.S. Jones; trustees Suggs Scruggs Sr. & Alexander P. Jones; secures $2,000 owed by Blow to J.N.S. Jones at 8%, payable at the Huntsville land office; witness Mills Cook; acknowledged before Thomas Brandon, Clerk. The Scruggs name reaches the Bedford 1840-017 Scruggs case — a cross-county FAN thread. See DB1 row 938."
Isaac,,about 13,Black,M,"1821 Peter Blow deed of trust to John N. S. Jones, Madison County Deed Book G, pp. 163-165; transcribed in Valley Leaves, March 1989, p. 144.; manuscript deed read firsthand against the pixels Sept 22, 2026 (Madison probate corpus image 1314/p-100; matches deed index G 163, 1821) — names and ages confirmed.","One of eight people pledged with land as security for a $2,000 note. No further trace was reported in the article after 1821. Firsthand corroboration, Sept 22, 2026: the manuscript deed of trust (image 1314/p-100) was read against the pixels and confirms Isaac, about 13, among the eight. Grantors Peter Blow & John N.S. Jones; trustees Suggs Scruggs Sr. & Alexander P. Jones; secures $2,000 owed by Blow to J.N.S. Jones at 8%, payable at the Huntsville land office; witness Mills Cook; acknowledged before Thomas Brandon, Clerk. The Scruggs name reaches the Bedford 1840-017 Scruggs case — a cross-county FAN thread. See DB1 row 938."
Phillis,,about 17,Black,F,"1821 Peter Blow deed of trust to John N. S. Jones, Madison County Deed Book G, pp. 163-165; transcribed in Valley Leaves, March 1989, p. 144.; manuscript deed read firsthand against the pixels Sept 22, 2026 (Madison probate corpus image 1314/p-100; matches deed index G 163, 1821) — names and ages confirmed.","One of eight people pledged with land as security for a $2,000 note. No further trace was reported in the article after 1821. Firsthand corroboration, Sept 22, 2026: the manuscript deed of trust (image 1314/p-100) was read against the pixels and confirms Phillis, about 17, among the eight. Grantors Peter Blow & John N.S. Jones; trustees Suggs Scruggs Sr. & Alexander P. Jones; secures $2,000 owed by Blow to J.N.S. Jones at 8%, payable at the Huntsville land office; witness Mills Cook; acknowledged before Thomas Brandon, Clerk. The Scruggs name reaches the Bedford 1840-017 Scruggs case — a cross-county FAN thread. See DB1 row 938."
Hannah,,about 45,Black,F,"1821 Peter Blow deed of trust to John N. S. Jones, Madison County Deed Book G, pp. 163-165; transcribed in Valley Leaves, March 1989, p. 144.; manuscript deed read firsthand against the pixels Sept 22, 2026 (Madison probate corpus image 1314/p-100; matches deed index G 163, 1821) — names and ages confirmed.","The article presumes Hannah and Solomon were parents of the five boys and one girl, but the deed itself does not state the relationship. Keep distinct from other women named Hannah. Firsthand corroboration, Sept 22, 2026: the manuscript deed of trust (image 1314/p-100) was read against the pixels and confirms Hannah, about 45, among the eight. Grantors Peter Blow & John N.S. Jones; trustees Suggs Scruggs Sr. & Alexander P. Jones; secures $2,000 owed by Blow to J.N.S. Jones at 8%, payable at the Huntsville land office; witness Mills Cook; acknowledged before Thomas Brandon, Clerk. The Scruggs name reaches the Bedford 1840-017 Scruggs case — a cross-county FAN thread. See DB1 row 938."
Solomon,,about 60,Black,M,"1821 Peter Blow deed of trust to John N. S. Jones, Madison County Deed Book G, pp. 163-165; transcribed in Valley Leaves, March 1989, p. 144.; manuscript deed read firsthand against the pixels Sept 22, 2026 (Madison probate corpus image 1314/p-100; matches deed index G 163, 1821) — names and ages confirmed.","The article presumes Solomon and Hannah were parents of the five boys and one girl, but the deed itself does not state the relationship. Keep distinct from other men named Solomon. Firsthand corroboration, Sept 22, 2026: the manuscript deed of trust (image 1314/p-100) was read against the pixels and confirms Solomon, about 60, among the eight. Grantors Peter Blow & John N.S. Jones; trustees Suggs Scruggs Sr. & Alexander P. Jones; secures $2,000 owed by Blow to J.N.S. Jones at 8%, payable at the Huntsville land office; witness Mills Cook; acknowledged before Thomas Brandon, Clerk. The Scruggs name reaches the Bedford 1840-017 Scruggs case — a cross-county FAN thread. See DB1 row 938."
Elvira,,,Black,F,"Bill of sale dated Richmond, Virginia, June 2, 1831, item J-52, James Webb Smith Donnell Papers, Mf. ac. no. 799, Tennessee State Library and Archives.",Purchased by John N. S. Jones from Benjamin Parker for $325. The receipt warrants her sound and healthy. Name reading is high confidence.
Jordan,,,Black,M,"Bill of sale dated Richmond, Virginia, June 2, 1831, item J-52, James Webb Smith Donnell Papers, Mf. ac. no. 799, Tennessee State Library and Archives.",Purchased by John N. S. Jones from Benjamin Parker for $300. The receipt warrants him sound and healthy. Name reading is high confidence.
Judice,,,Black,M,"Bill of sale dated Richmond, Virginia, June 2, 1831, item J-52, James Webb Smith Donnell Papers, Mf. ac. no. 799, Tennessee State Library and Archives.",Purchased by John N. S. Jones from Benjamin Parker for $385. The receipt warrants him sound and healthy. Given name is provisional and may read Judia or Judith; verify against the original.
Levin,,,Black,M,"Bill of sale dated Richmond, Virginia, June 2, 1831, item J-52, James Webb Smith Donnell Papers, Mf. ac. no. 799, Tennessee State Library and Archives.",Purchased by John N. S. Jones from Benjamin Parker for $390. The receipt warrants him sound and healthy. Given name is provisional and may read Lewis or Leon; verify against the original.
Levert,Jones,27,Black,M,"Freedmen's Savings and Trust Company Huntsville depositor register, November 12, 1868: plantation and residence ""Alex Jones""; born 3 1/2 miles from Huntsville; farmer.","Direct post-emancipation plantation-network record. Parents Gordon and Malinda; wife Sarah Jones; two deceased sons Alexander and William; brother William Jones; sisters Lizia, Jane, Dafney, and Susan. Confirm whether Alex Jones is Alexander P. Jones from the original M816 roll 1 account image. [2026-08-04] I re-confirmed this full family detail (wife Sarah Jones, brother William Jones, sisters Lizia, Jane, Dafney, Susan) directly against the source page during my convict-leasing/Freedmen’s Bureau expanded search and I’m citing the exact URL here: https://www.freedmensbureau.com/alabama/huntsville3.htm. I’m enriching this existing row rather than creating a third Levert Jones entry -- see also row 209, an earlier near-duplicate entry for the same man that I’m leaving alone per standing instruction pending a future cleanup pass. I still have not found Levert/Lavert Jones in any convict-leasing source I could access -- I’m not treating that as ruling out a leasing record, just as not yet found. [2026-08-04, round 3] I want to flag clearly: I’m treating Levert’s named family members here -- Gordon, Malinda, Sarah, William, Lizia, Jane, Dafney, and Susan -- as CANDIDATES for people enslaved at Avalon, not confirmed, since I still haven’t confirmed whether the ‘Alex Jones’ plantation/residence named in this record is Alexander P. Jones of Avalon specifically (see DB4). I’m following up on this identification against 1870/1880 census records as my next step."
Wesly,Atkins,24,Black,M,"Freedmen's Savings and Trust Company Huntsville depositor register, February 28, 1870: plantation and residence ""Haywood Jones""; born Madison County; farmer; 15th Regiment, Company D.","Direct post-emancipation plantation-network record. Parents Wesley and Roseta; wife Charity; child Marthy; brother Mayyo; sisters Martiller, Harrett, Emir, and deceased Julia. Verify spellings and identify Haywood Jones from the original M816 roll 1 account image."
Mary,Terrell,,Black,F,"Huntsville Colored Census, 1865, NARA Microfilm Publication M1900, roll 19, pages 40-41: former owner ‘A. Jones’; occupation seamstress; Madison County, Alabama.","Direct post-emancipation plantation-network lead. Listed directly below Richmond Terrell, who is recorded as free and a barber. The source does not identify which A. Jones; do not assign Mary specifically to Alexander P. Jones without corroboration."
Penny,,,,F,Ancestry.com Avalon Jones tree (tree ID 210795668) shows Penny (enslaved) with a 'spouse and children' relationship to enslaver Alexander P. Jones; listed mother of Mary Ann 'Polly' Jones (1830-1893). Profile: https://www.ancestry.com/family-tree/person/tree/210795668/person/302764461713/facts,Tree-only/unsourced -- only citation attached to her profile is 'Ancestry Family Tree' (no original record). The tree's own timeline text literally reads 'Death of husband Alexander Perkins/Pickney/Pinkney Jones' -- do NOT characterize this as a marriage; she was enslaved. Same tree-labeling problem already flagged for Elizabeth (row 76).
Mary Ann,Jones (called 'Polly'),,,F,,"Tree-only, unsourced beyond the Ancestry Family Tree entry. Profile: https://www.ancestry.com/family-tree/person/tree/210795668/person/302764461713/facts (listed as child on Penny's profile)."
Bishop John Henry Moore,,,Mulatto (per tree),M,"d. 1951. Listed in Ancestry tree as a child of Turner Moore and Elizabeth (enslaved), part of the family group tagged to the 'Avalon Plantation Enslavement' Network (UAH Research).",Not independently verified beyond the tree's relationship list; no original record checked for this individual specifically. Profile group: https://www.ancestry.com/family-tree/person/tree/210795668/person/302769399042/facts (Turner Moore's family).
Eveline Belmont,Jones,,,F,"1807-1826. Ancestry tree shows her as a daughter of Elizabeth (enslaved), listed alternately as a child under both Llewellyn Jones's profile and under Turner Moore's profile -- likely duplicate/conflated tree data rather than two distinct people.","Possibly the same person as 'Evelina' already recorded at row 79 (age 13 in the 1820 Alabama emancipation act, daughter of Elizabeth) -- do not treat as confirmed-distinct without further verification. Profiles: Llewellyn https://www.ancestry.com/family-tree/person/tree/210795668/person/302764461714/facts ; Elizabeth https://www.ancestry.com/family-tree/person/tree/210795668/person/302769398985/facts"
Queen Ann,Jones,,,F,"Ancestry tree shows TWO entries with different birth years (1814- and 1835-1918), both as a daughter of Elizabeth (enslaved), appearing under both the Llewellyn Jones and Turner Moore 'spouse and children' groupings -- likely a duplicate/split tree profile for the same person rather than two daughters.","Possibly the same person as 'Ann' already recorded (age 6 in the 1820 Alabama emancipation act, daughter of Elizabeth). Do not treat as two distinct daughters without further verification. Tree data-quality issue, not a new confirmed individual."
Everlina,Jones,,,F,"b. abt 1834, d. 1899, Lee Co., Arkansas. Ancestry tree shows her as a daughter of Elizabeth (enslaved), appearing under both Llewellyn Jones's and Turner Moore's 'spouse and children' listings.","Likely conflated/duplicate with Evelina/Eveline Belmont Jones in the tree; treat migration to Lee Co., Arkansas as the one distinguishing fact pending further verification. Profile: https://www.ancestry.com/family-tree/person/tree/210795668/person/302769398985/facts"
Louisa,Jones,,,F,"Ancestry tree lists her as a child of Turner Moore and Elizabeth (enslaved), part of the family group tagged to the 'Avalon Plantation Enslavement' Network (UAH Research).","NOT the same person as the 'Louisa' already recorded at row 1021, who is tied to The Grove Plantation/James Manning estate (a different family/plantation entirely) -- keep these two Louisas distinct. Profile group: https://www.ancestry.com/family-tree/person/tree/210795668/person/302769399042/facts"
Dave,,boy/child (age not given),B,M,"Bill of sale, Matthew Jones (Wilkinson County, Georgia) to John P. Blackmon, for ""Dave, a boy."" Already cataloged as a primary source in the Avalon Research Database (DB1), row 23.","Connection to the Avalon/Madison County Jones family is NOT established. This bill involves a different Jones (Matthew Jones of Wilkinson County, Georgia), part of a separate small collection of bills where John P. Blackmon of Georgia was purchaser. Logged per the more names is better than less policy; do not treat as confirmed Avalon-line enslaved without further evidence."
Nancoo James,,"boy (""lad"")",B,M,"1797 estate appraisal of James Read, deceased, Bedford County, Virginia: ""To 1 Negro lad Nancoo James...80.0.0"".","Connection to the Avalon/Madison County Jones family is NOT established -- this is James Read's estate, not a Jones estate. Logged per the more-names-is-better-than-less policy since it was found in Bedford County, VA in the same record collection as the John Jones will search. [2026-09-22: the 'Also logged as context in DB1 row 155' pointer is withdrawn — the 1797 James Read estate appraisal was never logged in DB1 (full sheet scan: no Nancoo James or James Read record in any DB1 row). DB1 row 155 is the Robert A. Jones 1817–1828 account-book finding aid (UNC); it contains nothing about this appraisal. Source record still needed.]"
Sampson,,adult,,M,"1841-1842 parish baptismal register (location unconfirmed): ""Sampson, col'd servant of Archibald Brown - one adult.""",Parish/location and any Jones-family connection are unconfirmed. [2026-09-22: the 'See DB1 row 156' pointer is withdrawn — the 1841–1842 parish baptismal register was never logged in DB1. DB1 row 156 is the Roberts Founding of Alabama book record (the Lewellen Jones Case 223 settlement split to row 163); neither is the register. Source record still needed.]
Cornelius,,,,M,"1841-1842 parish baptismal register (location unconfirmed): ""Cornelius, col'd man serv. of F. Kendal.""",Parish/location and any Jones-family connection are unconfirmed. [2026-09-22: the 'See DB1 row 156' pointer is withdrawn — the 1841–1842 parish baptismal register was never logged in DB1. DB1 row 156 is the Roberts Founding of Alabama book record (the Lewellen Jones Case 223 settlement split to row 163); neither is the register. Source record still needed.]
Samuel,,,,M,"1841-1842 parish baptismal register (location unconfirmed): ""Samuel, col'd man serv. of [surname illegible].""",Parish/location and any Jones-family connection are unconfirmed. [2026-09-22: the 'See DB1 row 156' pointer is withdrawn — the 1841–1842 parish baptismal register was never logged in DB1. DB1 row 156 is the Roberts Founding of Alabama book record (the Lewellen Jones Case 223 settlement split to row 163); neither is the register. Source record still needed.]















Wilson,Jones,,,M,"Thesis draft: enslaved miller at the George T. Jones mill, cited as an example of specialized labor giving an enslaved man a measure of economic independence within the plantation economy.","Only sourced from my own thesis draft so far -- still need to pull whatever underlying record (probate, mill account, or family paper) this came from."
Sandy,Bynum,,,M,"Thesis draft: a ""quasi-free"" livery stable operator connected to the Jones plantation network, cited alongside Wilson Jones as an example of Black economic agency built on technical skill.",Only sourced from my own thesis draft so far -- need the underlying record.
Anthony,Jones,,,M,"Thesis draft: signed his own name -- rather than an X-mark -- on his 1871 Southern Claims Commission filing, cited as evidence that literacy functioned as a form of resistance to Alabama's 1832 Education Prohibition.",Possibly the same Anthony Jones already logged at row 108 (Cemetery Surveys 1970 & 2014) -- worth checking whether that cemetery record and this SCC filing point to the same man before merging them.
Zachariah,Jones,,,,"Southern Claims Commission, Claim No. 2273 -- claimed livestock valued at $365; disallowed because he lacked written vouchers, a direct consequence of enforced illiteracy under slavery (cited in my thesis draft).","I only have this from my own thesis citation right now, not the original claim file. Need to pull the actual SCC record and check for any tie to Alexander P. Jones or Llewellen Jones."
Wiley,Jones,,,,"Southern Claims Commission, Claim No. 13503 -- cited in my thesis draft as an example of the ""constant loyalty"" standard used to deny reparations to small farmers whose wartime actions were dictated by survival.",Need the original SCC claim file -- not yet pulled.
William,Jones,,,,"Southern Claims Commission, Claim No. 18997 -- cited in my thesis draft alongside Wiley Jones's claim on the same loyalty-standard point.","This is a different William Jones from the one already logged at row 214 (Freedmen's Bank register, master Jack Eslinger, parents Rolley/Gilly) -- that entry has no SCC connection recorded. Keeping these two separate until proven otherwise."
Charles,Jones,,,M,"Elected Black alderman in Huntsville, 1890, alongside Lucien Ware -- cited in my thesis draft as an example of Reconstruction-era Black political leadership that subsequent municipal charter restructuring worked to undercut.",Only sourced from my own thesis draft so far. Need the original election/municipal record and to check whether this Charles is connected to Columbus or Reuben Jones's branch.
Lucien,Ware,,,M,"Elected Black alderman in Huntsville, 1890, alongside Charles Jones (see above).",Only sourced from my own thesis draft so far. Need the original election/municipal record.
Bob,Jude,,,M,"Tenant under the I. Schiffman & Co. lien system; signed a 1930 authorization letter with an ""X-Mark,"" cited in my thesis draft as a primary artifact of the structural illiteracy and economic dependency the tenant-lien system depended on.","Need to locate the actual Schiffman & Co. letter -- right now this is only in my own thesis draft, not independently verified in the catalog."
Joseph,Jones,,Black,M,"1870 non-population agricultural schedule, Madison County -- listed with documented acreage and crop production (cited in my thesis draft).","Possibly the same Joseph Jones already logged at row 201 (Freedmen's Bank, parents Thomas Spragan/Tempy) -- worth pulling the actual agricultural schedule directly rather than assuming same or different."
Syrus,Jones,,Black,M,"1870 non-population agricultural schedule, Madison County -- listed with documented acreage and crop production (cited in my thesis draft).",Need to pull the actual schedule -- not yet independently verified.
Turner,Jones,,Black,M,"1870 non-population agricultural schedule, Madison County -- listed with documented acreage and crop production (cited in my thesis draft).","Possible overlap with the ""Turner"" named as Columbus Jones's brother in the 1867 Freedmen's Bank entry (row 132) -- worth checking whether this is the same Turner before treating them as separate people."
Paul,Jones,,Black,M,"1870 non-population agricultural schedule, Madison County -- listed with documented acreage and crop production (cited in my thesis draft).",Need to pull the actual schedule -- not yet independently verified.
Marshal,Jones,,Black,M,"1870 non-population agricultural schedule, Madison County -- listed with documented acreage and crop production (cited in my thesis draft).",Need to pull the actual schedule -- not yet independently verified.
Bryer,Cesar,,,,"1870 non-population agricultural schedule, Madison County -- listed as a freedperson alongside the Black Jones farmers above (cited in my thesis draft).",Need to pull the actual schedule -- not yet independently verified.
Henry,,,,,"Named in my thesis draft (citing Glass, n.d.) as one of several individuals -- along with Dennis, Buck, and Milus -- connected to the Jones family network.","This is a different Henry from Henry Peebles Jr. (row 170) and from the ""Henry"" in the Buck Dumas Plantation Freedmen's Bank entry. Source is Glass, n.d. -- I need to track that citation down since it's only in my thesis draft right now."
Dennis,,,,,"Named in my thesis draft (citing Glass, n.d.) alongside Henry, Buck, and Milus as connected to the Jones family network.","Source is Glass, n.d. -- need the original."
Buck,,,,,"Named in my thesis draft (citing Glass, n.d.) alongside Henry, Dennis, and Milus as connected to the Jones family network.","Different from the ""Buck Dumas Plantation"" already logged from a Freedmen's Bank entry. Source is Glass, n.d. -- need the original."
Milus,,,,,"Named in my thesis draft (citing Glass, n.d.) alongside Henry, Dennis, and Buck as connected to the Jones family network.","Source is Glass, n.d. -- need the original."
Reuben,Jones,,,M,"October 1872 Madison County marriage record -- Reuben Jones married Mollie Richardson, cited in my thesis draft as evidence of Black family formation and legal recognition in the post-emancipation period.","Cross-reference against the other Reuben Jones entries already logged (rows 133, 144, and the 1867 Freedmen's Bank entry at row 132 naming him as Columbus's brother) -- almost certainly the same person, this is just a new source (the marriage record itself, not yet pulled)."
Mollie,Richardson,,,F,"October 1872 Madison County marriage record -- married Reuben Jones (see above), cited in my thesis draft.","New name, not previously logged. Need to pull the actual marriage record."
Wayman,Jones,18,Black,M,"afroamcivilwar.org USCT soldier database entry: 15th U.S. Colored Infantry, Company D; born Alabama; enlisted December 31, 1863, Shelbyville, Tennessee; occupation farmer. https://afroamcivilwar.org/soldier/jones-wayman-age-18-year-1864-15th-us-colored-infantry/","I found this USCT service record during my expanded Freedmen's Bureau/convict-leasing search and I think it's a plausible match to my existing Wayman Jones lead based on the name, age, era, and Alabama birth -- but I want to flag MEDIUM confidence only: the enlistment location is Shelbyville, Tennessee, not Alabama, and the record does not state a plantation or owner, so I have NOT confirmed a connection to the Jones/Donnell plantation network. I'm logging this as a new row rather than merging it into an unconfirmed match. I have not found any convict-leasing record for this man in an accessible source -- I'm not treating that as ruling out a leasing record, just as not yet found."

Albert,Jones,,Black,M,"1865 Huntsville 'Free People of Color' census, Appendix II, under former owner 'Alex. Jones'/'A. Jones,' East side Church St.; occupation blacksmith/farming. https://huntsvillehistorycollection.org/hhc/docs/pdf/book2/Free_People_of_Color.pdf","I found this as part of a five-person household/grouping under 'Alex. Jones'/'A. Jones' in the 1865 Huntsville census (with Beals, John, Martha, and Tom Jones, all on Holmes St. except Albert on Church St.). I'm flagging MEDIUM-HIGH confidence that this 'Alex. Jones'/'A. Jones' is Alexander P. Jones of Avalon -- it's a candidate match to the '~15 individuals in 1865 census' reference I already have -- but I have NOT verified this against the original NARA microfilm, so I'm not treating it as confirmed."
Beals,Jones,,Black (formerly enslaved; freed 1865) [folded from row 1205],,"1865 Huntsville 'Free People of Color' census, Appendix II, under former owner 'Alex. Jones'/'A. Jones,' Holmes St. https://huntsvillehistorycollection.org/hhc/docs/pdf/book2/Free_People_of_Color.pdf; see DB1 row 458 [folded from row 1205]","Same household/grouping as Albert, John, Martha, and Tom Jones under 'Alex. Jones'/'A. Jones.' MEDIUM-HIGH confidence candidate match to Alexander P. Jones of Avalon; unverified against original NARA microfilm."
John,Jones,,Black (formerly enslaved; freed 1865) [folded from row 1206],M,"1865 Huntsville 'Free People of Color' census, Appendix II, under former owner 'Alex. Jones'/'A. Jones,' Holmes St. https://huntsvillehistorycollection.org/hhc/docs/pdf/book2/Free_People_of_Color.pdf; see DB1 row 458 [folded from row 1206]","Same household/grouping as Albert, Beals, Martha, and Tom Jones under 'Alex. Jones'/'A. Jones.' MEDIUM-HIGH confidence candidate match to Alexander P. Jones of Avalon; unverified against original NARA microfilm."
Martha,Jones,,Black (formerly enslaved; freed 1865) [folded from row 1207],F,"1865 Huntsville 'Free People of Color' census, Appendix II, under former owner 'Alex. Jones'/'A. Jones,' Holmes St.; occupation farming. https://huntsvillehistorycollection.org/hhc/docs/pdf/book2/Free_People_of_Color.pdf; see DB1 row 458 [folded from row 1207]","Same household/grouping as Albert, Beals, John, and Tom Jones under 'Alex. Jones'/'A. Jones.' MEDIUM-HIGH confidence candidate match to Alexander P. Jones of Avalon; unverified against original NARA microfilm."
Tom,Jones,,Black (formerly enslaved; freed 1865) [folded from row 1208],M,"1865 Huntsville 'Free People of Color' census, Appendix II, under former owner 'Alex. Jones'/'A. Jones,' Holmes St. https://huntsvillehistorycollection.org/hhc/docs/pdf/book2/Free_People_of_Color.pdf; see DB1 row 458 [folded from row 1208]","Same household/grouping as Albert, Beals, John, and Martha Jones under 'Alex. Jones'/'A. Jones.' MEDIUM-HIGH confidence candidate match to Alexander P. Jones of Avalon; unverified against original NARA microfilm."
Adeline,Jones,,Black,F,"1865 Huntsville 'Free People of Color' census, Appendix II, under former owner 'Fred Jones.' https://huntsvillehistorycollection.org/hhc/docs/pdf/book2/Free_People_of_Color.pdf","I found this household listed separately under 'Fred Jones' (with Milly, Mingo, and Violet), NOT under 'Alex. Jones'/'A. Jones.' I'm flagging clearly that this may be a DIFFERENT Jones slaveholder entirely -- I am NOT conflating this with Alexander P. Jones of Avalon. Logging per the more-names-is-better-than-less policy."
Milly,Jones,,Black,F,"1865 Huntsville 'Free People of Color' census, Appendix II, under former owner 'Fred Jones.' https://huntsvillehistorycollection.org/hhc/docs/pdf/book2/Free_People_of_Color.pdf","Same 'Fred Jones' household as Adeline, Mingo, and Violet -- a possibly different Jones slaveholder from Alexander P. Jones of Avalon. Not conflating without further verification."
Mingo,Jones,,Black,M,"1865 Huntsville 'Free People of Color' census, Appendix II, under former owner 'Fred Jones.' https://huntsvillehistorycollection.org/hhc/docs/pdf/book2/Free_People_of_Color.pdf","Same 'Fred Jones' household as Adeline, Milly, and Violet -- a possibly different Jones slaveholder from Alexander P. Jones of Avalon. Not conflating without further verification."
Violet,Jones,,Black,F,"1865 Huntsville 'Free People of Color' census, Appendix II, under former owner 'Fred Jones.' https://huntsvillehistorycollection.org/hhc/docs/pdf/book2/Free_People_of_Color.pdf","Same 'Fred Jones' household as Adeline, Milly, and Mingo -- a possibly different Jones slaveholder from Alexander P. Jones of Avalon. Not conflating without further verification."
Kate,Jones,,Black,F,"1865 Huntsville 'Free People of Color' census, Appendix II, under former owner 'Wash. Jones.' https://huntsvillehistorycollection.org/hhc/docs/pdf/book2/Free_People_of_Color.pdf","I found Kate listed under a third, separate former-owner heading, 'Wash. Jones' -- I'm flagging clearly that this is likely yet another different Jones slaveholder, not confirmed to be Alexander P. Jones of Avalon. Not conflating with the Alex./A. Jones or Fred Jones households above."
Malinda,Jones/Bradford,,Black,Female,"I found Malinda named as mother of Levert/Lavert Jones in the U.S. Freedman's Bank Records, 1865-1874, Huntsville branch depositor register (associated names Gordan Jones and Levent Jones on the linked record) -- the same register already logged for her son at DB2 rows 209 and 1050.","I'm logging Malinda as her own row because she's named directly as a parent in her son Levert/Lavert Jones's Freedmen's Bank record and ties into the Jones family research I've been doing. I haven't yet found a Freedmen's Bank application specifically in Malinda's own name -- this entry is based on her appearing as a named parent on Levert's application. I still need to check whether she has her own separate depositor record. [2026-08-04] I re-confirmed this same parent/mother detail during my expanded Freedmen's Bureau search and I'm adding the exact source URL here: https://www.freedmensbureau.com/alabama/huntsville3.htm (husband/father named as Gordon). I checked this sheet for a separate standalone Malinda entry before adding anything new and found this row already existed, so I enriched it here instead of creating a duplicate."
Napoleon Benjamin,Jones,1879-1963,Black,M,Ancestry.com 'Jones Family (Avalon Plantation)' tree (Tree ID 210795668); 1910/1920/1930/1940 U.S. Federal Census; 1917 WWI draft registration card,"I downloaded Napoleon Benjamin Jones's 1917 WWI draft registration card this round: registered Sept 12, 1918, Noxubee Co., MS, showing physical description, occupation 'Farmer,' employer W.J. Hurtord, nearest relative Mary Willie Jones (wife). Uploaded to Avalon Drive: https://drive.google.com/file/d/1iqrBmuwh1OPDOLQ19vOW8ceyEeEe6sLh/view?usp=drivesdk. He's a son of William Henry Jones (1839-1912) and grandson of Shandy Wesley Jones (1816-1886); this reaches a 5th generation from Shandy, with the youngest child I found, Luther Jones, born in 1935. I found three spouse/children groupings for him in the tree (Viola Jones, Mary Willie Jones, and an unnamed third grouping) -- flagging as possible data entry duplication rather than confirmed successive marriages, not ruling anything out. See DB1 row 258 for the full family-line note."
Georgia Anna,Jones Samuels,1842-1911,Black,F,"Ancestry.com 'Jones Family (Avalon Plantation)' tree (Tree ID 210795668); 1902 Dawes Census Card, Mississippi Choctaw Indians tribal enrollment","I found and downloaded a genuinely remarkable document this round: an 1902 Dawes Census Card for the Mississippi Choctaw Indians tribal enrollment, where Georgia Samuels (age 58) applied along with a nephew and niece. The application was REJECTED, with the decision dated October 1902. Uploaded to Avalon Drive: https://drive.google.com/file/d/1yx3HwN4XAq2gqcYy9zjyzy-wbn-FGZCz/view?usp=drivesdk. I think this deserves its own flag as evidence of the family's complex racial/tribal history in this period -- I'm treating the REJECTED status as a negative/unsuccessful enrollment result, not as proof the family had no Choctaw ancestry. She's a daughter of Shandy Wesley Jones (1816-1886), married James Edwin Samuels in 1870, and moved to Pass Christian, Mississippi. See DB1 row 256."
Val Henry,O'Rourke,b. 14 May 1913,White or unspecified (per tree; son of Carrie Lillie Jones O'Rourke),M,1940 WWII draft registration card; Ancestry.com 'Jones Family (Avalon Plantation)' tree (Tree ID 210795668)
Christofer Columbus,Jones,1872-1939,Black,M,"Ancestry.com 'Jones Family (Avalon Plantation)' tree (Tree ID 210795668); 1880/1910/1920/1930 U.S. Federal Census; 1925 Madison County, AL marriage record","I downloaded Christofer Columbus Jones's 1925 marriage record this round -- Madison County, AL marriage record book, full two-page license/certificate. Uploaded to Avalon Drive: https://drive.google.com/file/d/1DFeLU_2TyojKJsfeYrOah1Ah_nZ-GY0W/view?usp=drivesdk. He's the grandson of Columbus Jones (1827-1869) via son Paul Jones Sr (1847-1918); one of the best-documented people in the whole tree (census images, newspaper index entries, cemetery records, Social Security applications). I found his wife Susan Hatfield was the daughter of Emily Jones, herself a daughter of Reuben Jones (Columbus's brother) -- a documented cross-cousin marriage within the extended family. This branch reaches into the late 20th century: granddaughter Vera Katharine Jones (d.1996, Fredericksburg, VA) and grandson Bethel Hill Jones (d.2013). Data quality flag: I'm seeing duplicate spouse entries with identical marriage dates for him in the tree -- not drawing conclusions from this until verified. See DB1 row 253."
Shandy Wesley,Jones,1816-1886,Black,M,Ancestry.com 'Jones Family (Avalon Plantation)' tree (Tree ID 210795668); 1850/1860/1870 census; Alabama marriage index; Alabama state census; voter registration; Freedman's Bank/Freedmen's Bureau records; 1873 Southern Claims Commission affidavit,"I downloaded Shandy Wesley Jones's 1873 Southern Claims Commission affidavit this round -- a power-of-attorney authorizing attorneys Lewis & Fullerton (Washington, D.C.) to prosecute a Civil War-era property claim; signed/sworn Jan 1873, Madison Co., AL, witnessed in Huntsville. Uploaded to Avalon Drive: https://drive.google.com/file/d/16UgXBM2G_LAHb-I46g5A2a8cs8N8kxGA/view?usp=drivesdk. This is a genuinely rare record type -- Southern Claims Commission records document formerly enslaved and Southern Unionist people's claims for property the Union Army took or used during the Civil War, so this is a significant primary source for our project. He was a barber in Huntsville, married Evalina Love Jones in 1837 in Tuscaloosa County; one of the best-documented individuals in the entire tree. Note: this Madison Co. affidavit is a distinct record from a separately-logged Limestone Co. SCC filing (DB1 row 217) -- not merging the two until I confirm whether they're the same man. See DB1 row 255."
Margaret Parilee,Jones,1844-1911,Black,F,"Ancestry.com ""Jones Family (Avalon Plantation)"" tree (Tree ID 210795668), cfpid 302764583087; child of Shandy Wesley Jones & Evalina Love Jones","I went back through Shandy Wesley Jones and Evalina Love Jones's unchecked children this round and traced Margaret Parilee Jones (1844-1911) as one of their 9 children. I'm logging her as a newly-traced person, not yet independently source-verified beyond the tree."
Evelina,Jones McGuire,1848-1924,Black,F,"Ancestry.com ""Jones Family (Avalon Plantation)"" tree (Tree ID 210795668), cfpid 302764583075; child of Shandy Wesley Jones & Evalina Love Jones","I found Evelina Jones McGuire (1848-1924) this round while tracing Shandy Wesley Jones and Evalina Love Jones's children. I'm keeping her name distinct from her mother Evalina Love Jones and from the 1820-act ""Evelina"" (row 79) -- these are three separate people I'm not conflating."
Mariah Elizabeth,Jones,1849-?,Black,F,"Ancestry.com ""Jones Family (Avalon Plantation)"" tree (Tree ID 210795668), cfpid 302764583083; child of Shandy Wesley Jones & Evalina Love Jones",I traced Mariah Elizabeth Jones (b.1849) this round as one of Shandy Wesley Jones and Evalina Love Jones's 9 children. No death date found yet in the tree -- logging as an open lead.
Charles Wesley,Jones,1851-?,Black,M,"Ancestry.com ""Jones Family (Avalon Plantation)"" tree (Tree ID 210795668), cfpid 302764583092; child of Shandy Wesley Jones & Evalina Love Jones",I traced Charles Wesley Jones (b.1851) this round as one of Shandy Wesley Jones and Evalina Love Jones's 9 children. No death date found yet in the tree -- logging as an open lead.
John Spottswood Beall,Jones,1852-1917,Black,M,"Ancestry.com ""Jones Family (Avalon Plantation)"" tree (Tree ID 210795668), cfpid 302769601385; child of Shandy Wesley Jones & Evalina Love Jones","I traced John Spottswood Beall Jones (1852-1917) this round as one of Shandy Wesley Jones and Evalina Love Jones's 9 children. I'm noting his middle names echo the Donnell/Beall family names already elsewhere in the tree -- worth a second look someday, not drawing conclusions yet."
Haywood,Jones,1856-?,Black,M,"Ancestry.com ""Jones Family (Avalon Plantation)"" tree (Tree ID 210795668), cfpid 302769601380; child of Shandy Wesley Jones & Evalina Love Jones",I traced Haywood Jones (b.1856) this round as one of Shandy Wesley Jones and Evalina Love Jones's 9 children. I'm keeping him distinct from J. Haywood Jones and J. Haywood Jones Jr. elsewhere in this database until I can confirm any relationship.
Virginia,Jones,1858-1899,Black,F,"Ancestry.com ""Jones Family (Avalon Plantation)"" tree (Tree ID 210795668), cfpid 302769601379; child of Shandy Wesley Jones & Evalina Love Jones",I traced Virginia Jones (1858-1899) this round as one of Shandy Wesley Jones and Evalina Love Jones's 9 children.
Thomas Summers,Jones,1863-?,Black,M,"Ancestry.com ""Jones Family (Avalon Plantation)"" tree (Tree ID 210795668), cfpid 302769601378; child of Shandy Wesley Jones & Evalina Love Jones",I traced Thomas Summers Jones (b.1863) this round as one of Shandy Wesley Jones and Evalina Love Jones's 9 children. No death date found yet in the tree -- logging as an open lead.
Clinton,Jones,1867-?,Black,M,"Ancestry.com ""Jones Family (Avalon Plantation)"" tree (Tree ID 210795668), cfpid 302769601377; child of Shandy Wesley Jones & Evalina Love Jones",I traced Clinton Jones (b.1867) this round as the youngest of Shandy Wesley Jones and Evalina Love Jones's 9 children I found. No death date found yet in the tree -- logging as an open lead.
Mariah,Jones,,Black,F,"Ancestry.com ""Jones Family (Avalon Plantation)"" tree (Tree ID 210795668); child of William Henry Jones & Hanna Jones, Noxubee Co., MS","I went back through William Henry Jones and Hanna Jones's (Noxubee Co., MS) children this round -- grandchildren of Shandy Wesley Jones -- and traced Mariah Jones as one of the 10. I'm keeping her distinct from the other Mariah/Maria-named women already in this database (e.g. row 156) since I have not confirmed they're the same person."
Sarah,Jones,,Black,F,"Ancestry.com ""Jones Family (Avalon Plantation)"" tree (Tree ID 210795668); child of William Henry Jones & Hanna Jones, Noxubee Co., MS","I traced Sarah Jones this round as one of William Henry Jones and Hanna Jones's (Noxubee Co., MS) 10 children, a grandchild of Shandy Wesley Jones. I'm keeping her distinct from the other Sarah Jones entries already in this database (e.g. row 112, Levert Jones's wife Sarah) since I have not confirmed any relationship."
Georgia Ann,Jones,,Black,F,"Ancestry.com ""Jones Family (Avalon Plantation)"" tree (Tree ID 210795668); child of William Henry Jones & Hanna Jones, Noxubee Co., MS","I traced Georgia Ann Jones this round as one of William Henry Jones and Hanna Jones's (Noxubee Co., MS) 10 children, a grandchild of Shandy Wesley Jones. Keeping distinct from Georgia Anna Jones Samuels (row 1115), a different generation and person."
Maria,Jones Geeter,,Black,F,"Ancestry.com ""Jones Family (Avalon Plantation)"" tree (Tree ID 210795668); child of William Henry Jones & Hanna Jones, Noxubee Co., MS","I traced Maria Jones Geeter this round as one of William Henry Jones and Hanna Jones's (Noxubee Co., MS) 10 children, a grandchild of Shandy Wesley Jones."
Hannah,Jones Harmon,,Black,F,"Ancestry.com ""Jones Family (Avalon Plantation)"" tree (Tree ID 210795668); child of William Henry Jones & Hanna Jones, Noxubee Co., MS","I traced Hannah Jones Harmon this round as one of William Henry Jones and Hanna Jones's (Noxubee Co., MS) 10 children, a grandchild of Shandy Wesley Jones. I noticed two daughters both named 'Fannie' under her in the tree, which looks like a likely duplicate -- I'm flagging this rather than quietly fixing it myself. I'm also keeping her distinct from the other Hannah entries already in this database (rows 98, 163, 1044) since I have not confirmed any relationship. [2026-08-04 round 4] I went back and checked this -- the two 'Fannie' daughters are CONFIRMED as two genuinely separate, fully-documented people, not a duplicate. Resolving this flag; see DB4 new row (row 144) for the full note."
Robert,Jones,b. 1868,Black,M,"Ancestry.com ""Jones Family (Avalon Plantation)"" tree (Tree ID 210795668); child of William Henry Jones & Hanna Jones, Noxubee Co., MS","I traced Robert Jones (b.1868) this round as one of William Henry Jones and Hanna Jones's (Noxubee Co., MS) 10 children, a grandchild of Shandy Wesley Jones. I found there are two full brothers both named Robert Jones (1868 and 1888) -- I'm flagging that I should double check both against the original census images so I don't conflate them, and I'm logging them as two separate rows for that reason."
Lucy,Jones,,Black,F,"Ancestry.com ""Jones Family (Avalon Plantation)"" tree (Tree ID 210795668); child of William Henry Jones & Hanna Jones, Noxubee Co., MS","I traced Lucy Jones this round as one of William Henry Jones and Hanna Jones's (Noxubee Co., MS) 10 children, a grandchild of Shandy Wesley Jones. Keeping distinct from the Lucy Jones already noted at DB1 row 92 (1866 Avalon estate sale buyer) since I have not confirmed any relationship."
William Henry,Jones Jr,1871-1963,Black,M,"Ancestry.com ""Jones Family (Avalon Plantation)"" tree (Tree ID 210795668), cfpid 302765317793; child of William Henry Jones & Hanna Jones, Noxubee Co., MS","I traced William Henry Jones Jr (1871-1963) this round as one of William Henry Jones and Hanna Jones's (Noxubee Co., MS) 10 children, a grandchild of Shandy Wesley Jones -- this one has the most serious data problems of the batch. His profile has duplicate 'Minnie Jones' spouse entries, plus his own daughter appears to be mis-categorized as a spouse in the tree. I noticed a pattern I need to flag rather than quietly fix: a run of geographically-implausible source hints (Oklahoma Dawes Census Cards, Iowa/Virginia marriage records, Ohio death records) attached to him and several siblings with no plausible connection -- I think these are erroneous Ancestry hint-acceptances from the common 'Jones' surname, and I should go clean these up in the tree myself at some point rather than treat them as real leads. [2026-08-04 round 4] I went back and checked these flags: the duplicate 'Minnie Jones' spouse entries are now CONFIRMED as duplicates, and his own timeline text confirms Lucy Lee Triplett is his daughter, not a spouse -- she is mis-filed and should be moved to child status. I also found 3 concrete examples of the geographically-implausible hint problem (an Ohio death record, an Iowa/Oklahoma/Virginia record set on him, and an Oklahoma Dawes Card on a sister), confirming this is a systemic surname-collision issue. See DB4 new rows (rows 143 and 145) for full notes."
Wesley T,Jones,,Black,M,"Ancestry.com ""Jones Family (Avalon Plantation)"" tree (Tree ID 210795668); child of William Henry Jones & Hanna Jones, Noxubee Co., MS","I traced Wesley T Jones this round as one of William Henry Jones and Hanna Jones's (Noxubee Co., MS) 10 children, a grandchild of Shandy Wesley Jones."
Robert,Jones,1888-1950,Black,M,"Ancestry.com ""Jones Family (Avalon Plantation)"" tree (Tree ID 210795668); child of William Henry Jones & Hanna Jones, Noxubee Co., MS","I traced Robert Jones (1888-1950) this round as one of William Henry Jones and Hanna Jones's (Noxubee Co., MS) 10 children, a grandchild of Shandy Wesley Jones. This is the second of two full brothers both named Robert Jones (1868 and 1888) -- see the other Robert Jones row above. I'm flagging that I should double check both against the original census images so I don't conflate them."
James,Scruggs,,,Male,"Freedmen's Bank Huntsville register, huntsville4.htm or huntsville5.htm -- brothers Charles Scruggs, Thomas Scruggs, and William Henry Scruggs","I found James Scruggs on one of the previously unread Huntsville Freedmen's Bank register pages (4, 5, 8) this round. Worth checking against Alfred Scruggs (SCC claimant) and James H. Scruggs (his former master, DB1 row 206) for a possible family connection -- not confirmed."
Thomas,Scruggs,,,Male,"Freedmen's Bank Huntsville register, huntsville4.htm or huntsville5.htm -- brothers James Scruggs, Charles Scruggs, and William Henry Scruggs",I found Thomas Scruggs on the same previously unread register page as his brother James this round. Not confirmed as connected to my Jones line.
Charles,Scruggs,,,Male,"Freedmen's Bank Huntsville register, huntsville4.htm or huntsville5.htm -- brothers James Scruggs, Thomas Scruggs, and William Henry Scruggs",I found Charles Scruggs listed as a brother of James and Thomas Scruggs on the same register page this round. Not confirmed as connected to my Jones line.
William Henry,Scruggs,,,Male,"Freedmen's Bank Huntsville register, huntsville4.htm or huntsville5.htm -- brothers James Scruggs, Thomas Scruggs, and Charles Scruggs","I'm flagging this name carefully -- 'William Henry Scruggs' is a new possible naming overlap with my own William Henry Jones (Noxubee Co., MS, DB2 rows 1128-1137). I want to be careful not to confuse these two men; this Scruggs individual is from the Huntsville Freedmen's Bank register, not the Noxubee County branch, and I have no evidence they are related. Not confirmed either way."
Jacob,Moore,,,Male,"Freedmen's Bank Huntsville register, huntsville8.htm -- Limestone Co., brothers Thomas, Westly, Austin, Henry, and Richardson Moore","I found Jacob Moore on the previously unread register page 8 this round, Limestone County. Worth checking against Turner Moore (row 252, DB1) for a possible family connection -- not confirmed."
Thomas,Moore,,,Male,"Freedmen's Bank Huntsville register, huntsville8.htm -- Limestone Co., brothers Jacob, Westly, Austin, Henry, and Richardson Moore","I found Thomas Moore on the same previously unread register page 8 this round, Limestone County. Not confirmed as connected to Turner Moore's family."
Westly,Moore,,,Male,"Freedmen's Bank Huntsville register, huntsville8.htm -- Limestone Co., brother of Jacob and Thomas Moore","I found Westly Moore listed as a brother of Jacob and Thomas Moore on the same register page this round, Limestone County. Not confirmed as connected to Turner Moore's family."
Austin,Moore,,,Male,"Freedmen's Bank Huntsville register, huntsville8.htm -- Limestone Co., brother of Jacob and Thomas Moore","I found Austin Moore listed as a brother of Jacob and Thomas Moore on the same register page this round, Limestone County. Not confirmed as connected to Turner Moore's family."
Henry,Moore,,,Male,"Freedmen's Bank Huntsville register, huntsville8.htm -- Limestone Co., brother of Jacob and Thomas Moore","I found Henry Moore listed as a brother of Jacob and Thomas Moore on the same register page this round, Limestone County. Not confirmed as connected to Turner Moore's family."
Richardson,Moore,,,Male,"Freedmen's Bank Huntsville register, huntsville8.htm -- Limestone Co., brother of Jacob and Thomas Moore","I found Richardson Moore listed as a brother of Jacob and Thomas Moore on the same register page this round, Limestone County. Not confirmed as connected to Turner Moore's family."
Elizabeth,(surname not recorded; associated with Jones estate),About 40 (in 1820),Black,Female,"Manumitted by Alabama Legislature act, 11 Dec 1820, along with her three children, from the estate/household of Lewellen Jones (d. 1818/1820), Madison Co. AL Territory. Named in the 1820 manumission act and in Pinkard & Clark, Descendants of Shandy Wesley Jones and Evalina Love Jones (1993).","Mother of Evalina, Ann, and Shandy (later Shandy Wesley Jones). Manumission occurred the same year the Lewellen Jones estate was being divided between heirs John N.S. Jones and Alexander P. Jones -- possible connection between the estate settlement and the manumission act still needs to be confirmed against the original SJR25 act text. [2026-09-04, 7.31.26 sweep] Corroborating citation found: 'The Avalon Plantation Marker Story' AHA/Auburn panel transcript (Nov. 10, 2020) refers to this same mother as 'Eliza Jones' (rather than 'Elizabeth') and states she and her three biracial children were manumitted in 1820 upon Lewellen Jones's death; panelists speculate (unproven) that the children's father was either Alexander Jones or Lewellen Jones. Treating 'Eliza' here as the same individual as 'Elizabeth' in this row pending further confirmation. Local file: The Avalon Plantation Marker Story_Transcript.pdf (uploaded to Avalon Key Findings Drive folder). [2026-09-24] The act read verbatim this pass: 'An Act to authorize John N. S. Jones and Alexander P. Jones to emancipate certain slaves therein named,' Acts Passed at the Second Session of the General Assembly of Alabama (Cahawba, 1820), approved Dec 11, 1820 (Internet Archive OCR) — a mulatto woman named Elizabeth, aged 40; a mulatto girl named Evelina, aged 13; a mulatto girl named Ann, aged 6; and a mulatto child named Shandy, 3 — on the single condition that the two Joneses post bond to the Madison County court chief justice, approved by the county court, securing that none of the four ever becomes chargeable to Alabama or any county or town therein. Legislative manumission, not self-purchase. The act states no kinship, names no father, gives no gender for Shandy, and gives no surnames. CORRECTION to the pending 'Eliza = Elizabeth' treatment above: do NOT merge — Elizabeth (b. ~1780, 40 in 1820) is not Eliza Jones, mother of Columbus (d. fall 1861 at her son's home); the age math makes the identification remote (Elizabeth would have been ~47 at Columbus's ~1827 birth, ~53 at Reuben's, ~63 at Turner's). Also do NOT merge with Elizabeth wf Jerry McCauley, the deceased Elizabeth Jones (both named in Columbus's 1867 bank account), or Elizabeth, 11, in Shandy's 1860 Tuscaloosa household (his daughter). Post-1820: no record found — absent from Boucher's 1830/1840/1850 Madison free-negro head lists. Parents unresolved; children's father unresolved; prior ownership within Lewellen Jones's estate is a strong lead (scholarship + timing — will recorded Apr 1820, act passed Dec 1820), not proven. SJR25 (2017) gives the emancipation as Dec 1, 1820 — one day off the act's printed Dec 11; flag, don't adopt."
Evalina,(surname not recorded at time of manumission),,Black,Female,"Manumitted with mother Elizabeth and siblings Ann and Shandy by Alabama Legislature act, 11 Dec 1820, Madison Co. AL. Named in Pinkard & Clark (1993).","Daughter of Elizabeth. [2026-09-24] The act (Dec 11, 1820) names 'a mulatto girl, named Evelina, aged thirteen years' — b. ~1807. The act states no kinship; daughter/sister relationships rest on the ages plus tradition, not the text. HARD do-not-merge: this Evelina is not Evalina Love (b. ~1823 GA, d/o Zadoc Love, Shandy's wife, m. Dec 5, 1837). Post-1820 whereabouts unresolved; 'Eveline Dickson, 46, washerwoman' in 1850 Madison is a weak lead only (age, Tennessee birthplace, and Dickson surname all mismatch)."
Ann,(surname not recorded at time of manumission),6 (in 1820),Black,Female,"Manumitted with mother Elizabeth and siblings Evalina and Shandy by Alabama Legislature act, 11 Dec 1820, Madison Co. AL. Named in Pinkard & Clark (1993).","Daughter of Elizabeth. [2026-09-24] The act (Dec 11, 1820) names 'a mulatto girl named Ann, aged six years' — b. ~1814. No kinship stated in the act. Post-1820: no record found. Keep distinct from later Anns (Queen Ann Jones et al.) unless a record joins them."
Shandy,"Jones (later, as a free man; became Shandy Wesley Jones)",3 (in 1820),Black,Male,"Manumitted with mother Elizabeth and sisters Evalina and Ann by Alabama Legislature act, 11 Dec 1820, Madison Co. AL. Grew up to become a barber, itinerant AME Zion minister, educator, abolitionist, Alabama state legislator, and U.S. Customs Inspector at Mobile; married Evalina Love. Documented at length in Pinkard & Clark, Descendants of Shandy Wesley Jones and Evalina Love Jones (Baltimore: Gateway Press, 1993).","Genealogist Elizabeth Shown Mills's paternity analysis suggests John N.S. Jones was likely his biological father (per prior research notes) -- not yet independently verified in this session. [2026-09-04, 7.31.26 sweep] Corroborating citation found: 'The Avalon Plantation Marker Story' AHA/Auburn panel transcript (Nov. 10, 2020) independently corroborates that Shandy Jones was born/manumitted at Avalon Plantation (~age 4, 1820), grew up literate as a free man of color, and became the first Black state representative from Tuscaloosa County -- consistent with this row's Shandy Wesley Jones documentation. Local file: The Avalon Plantation Marker Story_Transcript.pdf (uploaded to Avalon Key Findings Drive folder)."
George,Jones,,Black,Male,Ex-slave of Dr. Alexander P. Jones (owner of the Avalon/Jones plantation); gave a statement in 1872 referenced in connection with the Jones family history.,Statement content and full citation not yet located in this session's source review -- needs follow-up to confirm original repository.
Jack,(surname not recorded; belonging to Lucy Jones),,"Black (recorded as ""negro"")",Male,"Register of St. Peter's Parish, New Kent County, Virginia, 1684-1786 (Richmond: Division of Purchase and Printing, 1937), burial entry: ""Jack a negro belonging to Lucy Jones Died June 22 1721"" -- excerpt reproduced in Chapter 3 (""3-Orlando"") of Harrison & Cape family history.",Recorded in the same parish register that documents Orlando Jones (father of the direct Avalon ancestral line) and his family circa 1707-1719. Lucy Jones's relationship to Orlando Jones is not yet established -- she may be a kinswoman in the same New Kent Co. Jones network; needs further research to confirm connection to the direct lineage.
Susanna,(surname not recorded; belonging to Thomas Jackson),,"Black (recorded as ""negro girl"")",Female,"Register of St. Peter's Parish, New Kent County, Virginia, 1684-1786, birth entry: ""Susanna a negro girl belonging to Tho Jackson born 20 May 1707"" -- excerpt reproduced in Chapter 3 (""3-Orlando"").","Jackson family appears repeatedly alongside Jones/Johnson entries in the same register pages; not yet confirmed as directly kin-linked to the Avalon Jones line, but documents enslaved people in the same parish/timeframe as Orlando Jones's household."
Sarah,(surname not recorded; belonging to Robert Jarrott),,"Black (recorded as ""Negro Girl"")",Female,"Register of St. Peter's Parish, New Kent County, Virginia, 1684-1786, birth entry: ""Sarah a Negro Girl belonging to M'r Rob't Jarrott born Aug't 1708"" -- excerpt reproduced in Chapter 3 (""3-Orlando"").",Recorded in the same register pages as Orlando Jones's son Lane's 1707 birth entry.
Jemy,(surname not recorded; belonging to Thomas Jackson),,"Black (recorded as ""Negro"")",,"Register of St. Peter's Parish, New Kent County, Virginia, 1684-1786, burial entry: ""Jemy a Negro belonging to Tho: Jackson Died [November] 20th 1718"" -- excerpt reproduced in Chapter 3 (""3-Orlando"").",Same Jackson household as Susanna and Will (below); recorded in the same parish register as the Orlando Jones family.
Will,(surname not recorded; belonging to Mary Jackson),,"Black (recorded as ""negro"")",Male,"Register of St. Peter's Parish, New Kent County, Virginia, 1684-1786, burial entry: ""Will a negro of Mary Jacksons died April 14 1721"" -- excerpt reproduced in Chapter 3 (""3-Orlando"").",Same Jackson household as Susanna and Jemy.
Frank,"(surname not recorded; belonging to Mary Jones, Orlando Jones's 2nd wife)",,"Mulatto (""molatto woman"")",Female,"Bequeathed to Mary Jones ""and to her heirs forever... Molatto woman Slave named Frank with all her increase from this date."" Orlando Jones will, dated June 4, 1719, proved Nov. 16, 1719, York County, VA Court Records, Book 15, p. 517; published in William & Mary College Quarterly Historical Magazine, vol. 8 (1899-1900), 191-193; reproduced in Harrison & Cape, Captain Llewellen Jones, ch. 4 (""4-Macon.pdf"").","Given to Orlando's widow/2nd wife Mary Jones (not the mother of Lane/Frances). ""Increase"" clause means any future children of Frank were also bound to Mary Jones's line. Not confirmed as connected to the later Madison Co., AL branch."
Hannah,(surname not recorded; bequeathed to Lane Jones),,Not specified in will (enslaved),Female (typical for name),"Bequeathed to Lane Jones (direct Avalon-line ancestor, later father of Frances Barber Jones): ""the following Slaves Viz: Hannah Ned David Sarah Selton great Jenney Warwick Jemmy Old Jack at Cohoke."" Orlando Jones will, dated June 4, 1719, proved Nov. 16, 1719, York County, VA Court Records, Book 15, p. 517; published in William & Mary College Quarterly Historical Magazine, vol. 8 (1899-1900), 191-193; reproduced in Harrison & Cape, Captain Llewellen Jones, ch. 4 (""4-Macon.pdf"").","One of 9 people bequeathed to Lane Jones, the direct ancestor of the Madison Co., AL Jones line via his daughter Frances Barber Jones -> Lewellen Jones. No later record yet found tracing this individual forward or westward to Alabama."
Ned,(surname not recorded; bequeathed to Lane Jones),,Not specified in will (enslaved),Male (typical for name),"Bequeathed to Lane Jones along with Hannah, David, Sarah, Selton, great Jenney, Warwick, Jemmy, and Old Jack. Orlando Jones will, dated June 4, 1719, proved Nov. 16, 1719, York County, VA Court Records, Book 15, p. 517; published in William & Mary College Quarterly Historical Magazine, vol. 8 (1899-1900), 191-193; reproduced in Harrison & Cape, Captain Llewellen Jones, ch. 4 (""4-Macon.pdf"").","See Hannah (same bequest, same gap in forward-tracing to Alabama)."
David,(surname not recorded; bequeathed to Lane Jones),,Not specified in will (enslaved),Male (typical for name),"Bequeathed to Lane Jones along with Hannah, Ned, Sarah, Selton, great Jenney, Warwick, Jemmy, and Old Jack. Orlando Jones will, dated June 4, 1719, proved Nov. 16, 1719, York County, VA Court Records, Book 15, p. 517; published in William & Mary College Quarterly Historical Magazine, vol. 8 (1899-1900), 191-193; reproduced in Harrison & Cape, Captain Llewellen Jones, ch. 4 (""4-Macon.pdf"").","See Hannah (same bequest, same gap in forward-tracing to Alabama)."
Sarah,"(surname not recorded; bequeathed to Lane Jones, 1719)",,Not specified in will (enslaved),Female (typical for name),"Bequeathed to Lane Jones along with Hannah, Ned, David, Selton, great Jenney, Warwick, Jemmy, and Old Jack. Orlando Jones will, dated June 4, 1719, proved Nov. 16, 1719, York County, VA Court Records, Book 15, p. 517; published in William & Mary College Quarterly Historical Magazine, vol. 8 (1899-1900), 191-193; reproduced in Harrison & Cape, Captain Llewellen Jones, ch. 4 (""4-Macon.pdf"").","CAUTION: a different ""Sarah"" is already logged in this database (St. Peter's Parish Register, b. Aug. 1708, belonging to Robert Jarrott) -- these are two distinct individuals sharing a common given name; do not conflate."
Selton,(surname not recorded; bequeathed to Lane Jones),,Not specified in will (enslaved),,"Bequeathed to Lane Jones along with Hannah, Ned, David, Sarah, great Jenney, Warwick, Jemmy, and Old Jack. Orlando Jones will, dated June 4, 1719, proved Nov. 16, 1719, York County, VA Court Records, Book 15, p. 517; published in William & Mary College Quarterly Historical Magazine, vol. 8 (1899-1900), 191-193; reproduced in Harrison & Cape, Captain Llewellen Jones, ch. 4 (""4-Macon.pdf"").",Name is unusual and may be an OCR/transcription variant (compare both source transcriptions if the original court record can be consulted); sex not indicated by name alone.
Jenney,"(""great Jenney""; surname not recorded; bequeathed to Lane Jones)",,Not specified in will (enslaved),Female (typical for name),"Bequeathed to Lane Jones as ""great Jenney,"" distinguishing her from a different Jenney/Jenny bequeathed to Frances Jones in the same will. Orlando Jones will, dated June 4, 1719, proved Nov. 16, 1719, York County, VA Court Records, Book 15, p. 517; published in William & Mary College Quarterly Historical Magazine, vol. 8 (1899-1900), 191-193; reproduced in Harrison & Cape, Captain Llewellen Jones, ch. 4 (""4-Macon.pdf"").","CAUTION: at least two other people named Jenny/Jenney appear in this same will (Frances Jones's unnamed ""Girl Jenney,"" Kate's daughter) -- treat as distinct individuals despite the shared name."
Warwick,(surname not recorded; bequeathed to Lane Jones),,Not specified in will (enslaved),Male (typical for name),"Bequeathed to Lane Jones along with Hannah, Ned, David, Sarah, Selton, great Jenney, and Jemmy and Old Jack. Orlando Jones will, dated June 4, 1719, proved Nov. 16, 1719, York County, VA Court Records, Book 15, p. 517; published in William & Mary College Quarterly Historical Magazine, vol. 8 (1899-1900), 191-193; reproduced in Harrison & Cape, Captain Llewellen Jones, ch. 4 (""4-Macon.pdf"").","See Hannah (same bequest, same gap in forward-tracing to Alabama). Name may reflect a place-name-derived naming pattern common among enslaved individuals in colonial Virginia."
Jemmy,"(surname not recorded; bequeathed to Lane Jones, 1719)",,Not specified in will (enslaved),Male (typical for name),"Bequeathed to Lane Jones along with Hannah, Ned, David, Sarah, Selton, great Jenney, and Warwick and Old Jack. Orlando Jones will, dated June 4, 1719, proved Nov. 16, 1719, York County, VA Court Records, Book 15, p. 517; published in William & Mary College Quarterly Historical Magazine, vol. 8 (1899-1900), 191-193; reproduced in Harrison & Cape, Captain Llewellen Jones, ch. 4 (""4-Macon.pdf"").","CAUTION: a second, distinct ""Jemmy"" is bequeathed to Frances Jones in the same will (see separate row) -- two different enslaved individuals share this name in the same document."
Jack,"(""Old Jack""; surname not recorded; bequeathed to Lane Jones, ""at Cohoke"")",,Not specified in will (enslaved),Male,"Bequeathed to Lane Jones: ""Old Jack at Cohoke[s]"" -- likely residing at or associated with the Cohoke(s) quarter/plantation. Orlando Jones will, dated June 4, 1719, proved Nov. 16, 1719, York County, VA Court Records, Book 15, p. 517; published in William & Mary College Quarterly Historical Magazine, vol. 8 (1899-1900), 191-193; reproduced in Harrison & Cape, Captain Llewellen Jones, ch. 4 (""4-Macon.pdf"").","CAUTION: a different ""Jack"" is already logged in this database (St. Peter's Parish Register, d. June 22, 1721, belonging to ""Lucy Jones"") -- these are two distinct individuals; do not conflate despite the shared name and same family surname context."
Nanny,"(""Nanny Cohoke""; surname not recorded; bequeathed to Frances Jones)",,Not specified in will (enslaved),Female (typical for name),"Bequeathed to Frances Jones (Orlando's daughter, m. Col. John Dandridge -- collateral, non-Avalon branch; grandmother of Martha Washington): ""the following Slaves Viz Nanny Cohoke, Jemmy, Gabril Poll Johnny Dinah Kate & her Girl Jenney... & John Ried."" Orlando Jones will, dated June 4, 1719, proved Nov. 16, 1719, York County, VA Court Records, Book 15, p. 517; published in William & Mary College Quarterly Historical Magazine, vol. 8 (1899-1900), 191-193; reproduced in Harrison & Cape, Captain Llewellen Jones, ch. 4 (""4-Macon.pdf"").","Part of the Dandridge-Washington collateral branch, not the direct Avalon (Lane Jones) line. ""Cohoke"" likely denotes the Cohoke(s) plantation/quarter, matching ""Old Jack at Cohoke"" in the same will."
Jemmy,"(surname not recorded; bequeathed to Frances Jones, 1719)",,Not specified in will (enslaved),,"Bequeathed to Frances Jones along with Nanny, Gabriel, Poll, Johnny, Dinah, Kate, Kate's Girl Jenney, Dick, and John Ried. Orlando Jones will, dated June 4, 1719, proved Nov. 16, 1719, York County, VA Court Records, Book 15, p. 517; published in William & Mary College Quarterly Historical Magazine, vol. 8 (1899-1900), 191-193; reproduced in Harrison & Cape, Captain Llewellen Jones, ch. 4 (""4-Macon.pdf"").","CAUTION: distinct from the ""Jemmy"" bequeathed to Lane Jones in the same will (see separate row). Part of the Dandridge-Washington collateral branch, not the direct Avalon line."
Gabriel,(surname not recorded; bequeathed to Frances Jones),,Not specified in will (enslaved),Male (typical for name),"Bequeathed to Frances Jones along with Nanny, Jemmy, Poll, Johnny, Dinah, Kate, Kate's Girl Jenney, Dick, and John Ried. Orlando Jones will, dated June 4, 1719, proved Nov. 16, 1719, York County, VA Court Records, Book 15, p. 517; published in William & Mary College Quarterly Historical Magazine, vol. 8 (1899-1900), 191-193; reproduced in Harrison & Cape, Captain Llewellen Jones, ch. 4 (""4-Macon.pdf"").","Part of the Dandridge-Washington collateral branch, not the direct Avalon line."
Poll,(surname not recorded; bequeathed to Frances Jones),,Not specified in will (enslaved),Female (typical for name; diminutive of Mary),"Bequeathed to Frances Jones along with Nanny, Jemmy, Gabriel, Johnny, Dinah, Kate, Kate's Girl Jenney, Dick, and John Ried. Orlando Jones will, dated June 4, 1719, proved Nov. 16, 1719, York County, VA Court Records, Book 15, p. 517; published in William & Mary College Quarterly Historical Magazine, vol. 8 (1899-1900), 191-193; reproduced in Harrison & Cape, Captain Llewellen Jones, ch. 4 (""4-Macon.pdf"").","Part of the Dandridge-Washington collateral branch, not the direct Avalon line."
Johnny,(surname not recorded; bequeathed to Frances Jones),,Not specified in will (enslaved),Male (typical for name),"Bequeathed to Frances Jones along with Nanny, Jemmy, Gabriel, Poll, Dinah, Kate, Kate's Girl Jenney, Dick, and John Ried. Orlando Jones will, dated June 4, 1719, proved Nov. 16, 1719, York County, VA Court Records, Book 15, p. 517; published in William & Mary College Quarterly Historical Magazine, vol. 8 (1899-1900), 191-193; reproduced in Harrison & Cape, Captain Llewellen Jones, ch. 4 (""4-Macon.pdf"").","Part of the Dandridge-Washington collateral branch, not the direct Avalon line."
Dinah,(surname not recorded; bequeathed to Frances Jones),,Not specified in will (enslaved),Female (typical for name),"Bequeathed to Frances Jones along with Nanny, Jemmy, Gabriel, Poll, Johnny, Kate, Kate's Girl Jenney, Dick, and John Ried. Orlando Jones will, dated June 4, 1719, proved Nov. 16, 1719, York County, VA Court Records, Book 15, p. 517; published in William & Mary College Quarterly Historical Magazine, vol. 8 (1899-1900), 191-193; reproduced in Harrison & Cape, Captain Llewellen Jones, ch. 4 (""4-Macon.pdf"").","Part of the Dandridge-Washington collateral branch, not the direct Avalon line."
Kate,"(surname not recorded; bequeathed to Frances Jones, with her daughter/girl)",,Not specified in will (enslaved),Female,"Bequeathed to Frances Jones ""...Kate & her Girl Jenney"" along with Nanny, Jemmy, Gabriel, Poll, Johnny, Dinah, Dick, and John Ried. Orlando Jones will, dated June 4, 1719, proved Nov. 16, 1719, York County, VA Court Records, Book 15, p. 517; published in William & Mary College Quarterly Historical Magazine, vol. 8 (1899-1900), 191-193; reproduced in Harrison & Cape, Captain Llewellen Jones, ch. 4 (""4-Macon.pdf"").","Mother of the ""Girl Jenney"" listed separately below. Part of the Dandridge-Washington collateral branch, not the direct Avalon line."
Jenney,"(""her Girl Jenney""; daughter of Kate; surname not recorded; bequeathed to Frances Jones)",Child (unspecified age),Not specified in will (enslaved),Female,"Bequeathed to Frances Jones as Kate's daughter: ""Kate & her Girl Jenney."" Orlando Jones will, dated June 4, 1719, proved Nov. 16, 1719, York County, VA Court Records, Book 15, p. 517; published in William & Mary College Quarterly Historical Magazine, vol. 8 (1899-1900), 191-193; reproduced in Harrison & Cape, Captain Llewellen Jones, ch. 4 (""4-Macon.pdf"").","CAUTION: at least one other person named Jenney (""great Jenney,"" bequeathed to Lane Jones) appears in this same will -- distinct individuals despite the shared name. Part of the Dandridge-Washington collateral branch, not the direct Avalon line."
Dick,(surname not recorded; bequeathed to Frances Jones),,"Black (recorded as ""Negro Man"")",Male,"Bequeathed to Frances Jones separately: ""I give her my Negro Man Dick to her & her heirs for ever."" Orlando Jones will, dated June 4, 1719, proved Nov. 16, 1719, York County, VA Court Records, Book 15, p. 517; published in William & Mary College Quarterly Historical Magazine, vol. 8 (1899-1900), 191-193; reproduced in Harrison & Cape, Captain Llewellen Jones, ch. 4 (""4-Macon.pdf"").","Part of the Dandridge-Washington collateral branch, not the direct Avalon line."
John,"Ried (also transcribed ""John Bird"" in the family-history copy)",,Not specified in will (enslaved),Male,"Bequeathed to Frances Jones along with Nanny, Jemmy, Gabriel, Poll, Johnny, Dinah, Kate, and Kate's Girl Jenney: ""...to her & her heirs for ever & John Ried."" Orlando Jones will, dated June 4, 1719, proved Nov. 16, 1719, York County, VA Court Records, Book 15, p. 517; published in William & Mary College Quarterly Historical Magazine, vol. 8 (1899-1900), 191-193; reproduced in Harrison & Cape, Captain Llewellen Jones, ch. 4 (""4-Macon.pdf"").","Transcription discrepancy between the Colonial Williamsburg copy (""John Ried"") and the family-history copy (""John Bird"") -- needs resolution against the original York County court record. Part of the Dandridge-Washington collateral branch, not the direct Avalon line."
Nick,(surname unrecorded),,"Black (recorded as ""negro"" in will)",M,"Bequeathed to grandchildren Mary Steele, William Jackson & Thomas Jackson","1791/1794 will of Thomas Jackson, Louisa Co., VA (Will Book 3, pp. 611-613); enslaver's daughter Frances Jackson m. Nelson Anderson, whose daughter Mary Anderson m. Lewellen Jones (direct Avalon line) -- see DB1."
Sam,(surname unrecorded),,"Black (recorded as ""negro"" in will)",M,Bequeathed to son Thomas Jackson,"1791/1794 will of Thomas Jackson, Louisa Co., VA (Will Book 3, pp. 611-613); enslaver's daughter Frances Jackson m. Nelson Anderson, whose daughter Mary Anderson m. Lewellen Jones (direct Avalon line) -- see DB1."
Frankey,(surname unrecorded),,"Black (recorded as ""negro"" in will)",F,Bequeathed to son Thomas Jackson,"1791/1794 will of Thomas Jackson, Louisa Co., VA (Will Book 3, pp. 611-613); enslaver's daughter Frances Jackson m. Nelson Anderson, whose daughter Mary Anderson m. Lewellen Jones (direct Avalon line) -- see DB1."
Mingo,(surname unrecorded),,"Black (recorded as ""negro"" in will)",M,Bequeathed to son Charles Jackson,"1791/1794 will of Thomas Jackson, Louisa Co., VA (Will Book 3, pp. 611-613); enslaver's daughter Frances Jackson m. Nelson Anderson, whose daughter Mary Anderson m. Lewellen Jones (direct Avalon line) -- see DB1."
Peter,(surname unrecorded),,"Black (recorded as ""negro"" in will)",M,Bequeathed to son John Jackson,"1791/1794 will of Thomas Jackson, Louisa Co., VA (Will Book 3, pp. 611-613); enslaver's daughter Frances Jackson m. Nelson Anderson, whose daughter Mary Anderson m. Lewellen Jones (direct Avalon line) -- see DB1."
Jane,(surname unrecorded),,"Black (recorded as ""negro"" in will)",F,"Held for life by daughter Elizabeth Britton, then to her children and all future increase","1791/1794 will of Thomas Jackson, Louisa Co., VA (Will Book 3, pp. 611-613); enslaver's daughter Frances Jackson m. Nelson Anderson, whose daughter Mary Anderson m. Lewellen Jones (direct Avalon line) -- see DB1."
Beck,(surname unrecorded),,"Black (recorded as ""negro"" in will)",F,"Bequeathed with all her increase to grandchildren Elly, Judah & Augustus Parsons","1791/1794 will of Thomas Jackson, Louisa Co., VA (Will Book 3, pp. 611-613); enslaver's daughter Frances Jackson m. Nelson Anderson, whose daughter Mary Anderson m. Lewellen Jones (direct Avalon line) -- see DB1."
Jenny,(surname unrecorded),,"Black (recorded as ""negro"" in will)",F,Bequeathed to daughter Ann White,"1791/1794 will of Thomas Jackson, Louisa Co., VA (Will Book 3, pp. 611-613); enslaver's daughter Frances Jackson m. Nelson Anderson, whose daughter Mary Anderson m. Lewellen Jones (direct Avalon line) -- see DB1."
Aggy,(surname unrecorded),,"Black (recorded as ""negro"" in will)",F,Bequeathed with her four children to granddaughter Elizabeth Jackson Dabney,"1791/1794 will of Thomas Jackson, Louisa Co., VA (Will Book 3, pp. 611-613); enslaver's daughter Frances Jackson m. Nelson Anderson, whose daughter Mary Anderson m. Lewellen Jones (direct Avalon line) -- see DB1."
Manny,(surname unrecorded),,"Black (recorded as ""negro"" in will)",,"Child of Aggy, bequeathed to Elizabeth Jackson Dabney","1791/1794 will of Thomas Jackson, Louisa Co., VA (Will Book 3, pp. 611-613); enslaver's daughter Frances Jackson m. Nelson Anderson, whose daughter Mary Anderson m. Lewellen Jones (direct Avalon line) -- see DB1."
Lewis,(surname unrecorded),,"Black (recorded as ""negro"" in will)",,"Child of Aggy, bequeathed to Elizabeth Jackson Dabney","1791/1794 will of Thomas Jackson, Louisa Co., VA (Will Book 3, pp. 611-613); enslaver's daughter Frances Jackson m. Nelson Anderson, whose daughter Mary Anderson m. Lewellen Jones (direct Avalon line) -- see DB1."
Phillis,(surname unrecorded),,"Black (recorded as ""negro"" in will)",F,"Child of Aggy, bequeathed to Elizabeth Jackson Dabney","1791/1794 will of Thomas Jackson, Louisa Co., VA (Will Book 3, pp. 611-613); enslaver's daughter Frances Jackson m. Nelson Anderson, whose daughter Mary Anderson m. Lewellen Jones (direct Avalon line) -- see DB1."
Davy,(surname unrecorded),,"Black (recorded as ""negro"" in will)",M,"Child of Aggy, bequeathed to Elizabeth Jackson Dabney","1791/1794 will of Thomas Jackson, Louisa Co., VA (Will Book 3, pp. 611-613); enslaver's daughter Frances Jackson m. Nelson Anderson, whose daughter Mary Anderson m. Lewellen Jones (direct Avalon line) -- see DB1."
Moses,(surname unrecorded),,"Black (recorded as ""negro"" in will)",M,Bequeathed to grandson John Neilson Christmas,"1791/1794 will of Thomas Jackson, Louisa Co., VA (Will Book 3, pp. 611-613); enslaver's daughter Frances Jackson m. Nelson Anderson, whose daughter Mary Anderson m. Lewellen Jones (direct Avalon line) -- see DB1."
Billey,(surname unrecorded),,"Black (recorded as ""negro"" in will)",M,Bequeathed to grandson John Neilson Christmas,"1791/1794 will of Thomas Jackson, Louisa Co., VA (Will Book 3, pp. 611-613); enslaver's daughter Frances Jackson m. Nelson Anderson, whose daughter Mary Anderson m. Lewellen Jones (direct Avalon line) -- see DB1."
Stary,(surname unrecorded),,"Black (recorded as ""negro"" in will)",,Bequeathed to grandson John Neilson Christmas,"1791/1794 will of Thomas Jackson, Louisa Co., VA (Will Book 3, pp. 611-613); enslaver's daughter Frances Jackson m. Nelson Anderson, whose daughter Mary Anderson m. Lewellen Jones (direct Avalon line) -- see DB1."
William,Kenny,,"Black (recorded as ""negro"" in will)",M,Bequeathed to grandson Charles Anderson,"1819/1820 will of Col. Nelson Anderson, Bedford Co., VA; Anderson's daughter Mary Anderson m. Lewellen Jones (direct Avalon line) -- see DB1."
Isaac,Kenny,,"Black (recorded as ""negro"" in will)",M,Bequeathed to grandson Robert Spotswood Anderson,"1819/1820 will of Col. Nelson Anderson, Bedford Co., VA; Anderson's daughter Mary Anderson m. Lewellen Jones (direct Avalon line) -- see DB1."
Sylvia,Kenney,,"Black (recorded as ""negro"" in will)",F,Bequeathed with her children to grandson Nelson A. Thompson,"1819/1820 will of Col. Nelson Anderson, Bedford Co., VA; Anderson's daughter Mary Anderson m. Lewellen Jones (direct Avalon line) -- see DB1."
Rook,(surname unrecorded),,"Black (recorded as ""negro"" in will)",,"Child of Sylvia Kenney, bequeathed to Nelson A. Thompson","1819/1820 will of Col. Nelson Anderson, Bedford Co., VA; Anderson's daughter Mary Anderson m. Lewellen Jones (direct Avalon line) -- see DB1."
Milly,(surname unrecorded),,"Black (recorded as ""negro"" in will)",F,"Anderson's ""cook"" -- unusually given the right in his will to choose her own future master/mistress; if disabled, to receive $200 in trust","1819/1820 will of Col. Nelson Anderson, Bedford Co., VA; Anderson's daughter Mary Anderson m. Lewellen Jones (direct Avalon line) -- see DB1."
Lindsay,Bonapartte,5 (b. Aug. 1815),"Black (recorded as ""negro"" in will)",M,"EMANCIPATED in the 1819/1820 will -- ""be emancipated, and sett free, from shackles of slavery... to take effect at my decease""; guardian Nelson A. Thompson appointed to oversee education/apprenticeship to age 21","1819/1820 will of Col. Nelson Anderson, Bedford Co., VA; Anderson's daughter Mary Anderson m. Lewellen Jones (direct Avalon line) -- see DB1."
Peter,,,"Black (recorded as ""negro"" in 1683/4 deed)",Male,"1683/4 Deed of Gift, William Clopton to daughter Ann Clopton, York Co., VA (York Co., Va. Records 1675-1684, p.551); Harrison & Cape, ch. 9","Earliest documented enslaved individual found so far in the extended ancestral network (Clopton-Jackson-Anderson maternal line of Mary Louise Anderson, who married Lewellen Jones, direct Avalon ancestor). Conveyed alongside a cow named Blackbird 'with all her increase.' No further record of Peter found after this single deed."
Isaac,"(surname unrecorded; called ""Uncle Isaac"")",adult (pre-1865); still living 1876,Black (formerly enslaved; recorded as coachman),M,"Enslaved coachman for the family of John Nelson Spottswood Jones at 'Druid's Grove,' Limestone Co., AL, before the Civil War (drove the Jones daughters to town in 'his four in hand of milk-white steeds'); documented in an Aug. 4, 1876 Athens Post newspaper column, 'Old Times About Athens,' as independently 'running a big plantation once the property of his old marster' after emancipation.","Harrison & Cape, Captain Llewellen Jones, ch. 10 (""10-Haywood.pdf""); see DB1 row 331. Rare, near-contemporary (c. 11 years post-emancipation) documentation of Black economic agency directly tied to the Jones/Druid's Grove plantation network. Surname and exact plantation location/acreage not yet identified -- priority lead for 1870/1880 census and Limestone Co. land records research."
Fortune,(surname unrecorded),Died Feb. 1859 (age/birth year not recorded),"Black (described on tombstones as a ""faithful [servant]""/""faithful coach driver""; enslaved status confirmed by context)",M,"Marked grave in a slave graveyard on the ""Seclusion"" plantation (Town Creek, Lawrence Co., AL; site later Cole J. Young Sr.'s farm). Eight-foot granite tombstone inscribed: ""Fortune... Died February, 1859... To the virtues and excellencies of a faithful [servant] this testimony is erected by his master... J.W.S. Don[nell]."" Reproduced/described in 1949 Birmingham News-Age-Herald article ""An Ancient Landmark Dies"" by Wendell Givens. An independent transcription of the same account in ch. 14 (""Robert Donnell"") identifies Fortune's occupation as ""a faithful coach driver"" and locates the servants' quarters (""some score and ten"" cabins, i.e. ~30) several hundred feet west of the mansion.","Harrison & Cape, Captain Llewellen Jones, ch. 13.5 (""13.5-Webb-Donnell.pdf"") and ch. 14 (""14-Robert Donnell.pdf""), both reproducing/describing the 1949 Birmingham News-Age-Herald clipping; also referenced in an undated (c.1972) letter from a Donnell descendant to Mrs. E. M. Cape describing a site visit to Seclusion (then owned by Cole J. Young, Sr.) with three photographs of Fortune's grave. Seclusion was the plantation of James Webb Smith Donnell (m. Maria Louisa Jones, 1839 -- direct Avalon Jones line; see DB1 rows 336, 338, 339, 340). One of the very few enslaved individuals in this project's network with an individually marked, inscribed grave -- a rare and significant form of documentation. Note the deliberately reverent/paternalistic epitaph language is the enslaver's framing, not Fortune's own words; grave marking and the specificity of an assigned occupation (coach driver) indicate some degree of recognized personal identity and role within the plantation household. See DB1 rows 339-340 for full findings, including a noted acreage discrepancy (2,400 vs. ~4,000 acres) in the two source accounts."
John Nelson Spotswood,Jones,70 (1793-1863),White (enslaver),M,"Ancestry.com private messaging correspondence, Alexis Bendickson with correspondents LucyAnderson and Rosemary McDaniel, captured 6/6/26; see DB1 row 450","New core-cluster member: son of Lewellen Jones (1760-1820), brother of Alexander Pinkney Jones (1795-1865), per my own Ancestry correspondence. This is my own prior working conclusion, not yet independently verified in probate, census, or land records -- adding him here as a lead for further primary-source verification, not as a fully documented fact. Checked the full First/Last Name columns of this sheet before adding (no existing entry for him); a distinct, unrelated 'John Spottswood Beall Jones' (1852-1917) already in this sheet at a different row is a Black descendant of Shandy Wesley Jones, not the same person."
Anthony,Jones,,"Black (presumed; Southern Claims Commission claimant, Barred and Disallowed)",M,"Southern Claims Commission, Claim No. 3,137, Barred and Disallowed Case Files, RG 217, NARA, 1871; see DB1 row 459","Candidate/lead for the husband of Mary Jones (Jones (Mary) Cemetery, d. 1865) -- UNCONFIRMED. Signed his own name rather than an X-mark on his 1871 filing. Distinct from a separate 'Anthony Jones, age 25 in 1873' SCC claim already ruled out elsewhere in this project as too young to match. Age and further identifying detail not yet pulled from the full NARA case file."
Beals,Jones,,Black (formerly enslaved; freed 1865),,"'Free People of Color in Madison County, Alabama,' Appendix II, Huntsville History Collection; see DB1 row 458","Formerly enslaved by former owner 'A. Jones' (Holmes St., Huntsville), per the 1865 'Colored Census.' Presumed owner is Alexander Pinkney Jones of the core Avalon cluster, not yet independently confirmed."
John,Jones,,Black (formerly enslaved; freed 1865),M,"'Free People of Color in Madison County, Alabama,' Appendix II, Huntsville History Collection; see DB1 row 458","Formerly enslaved by former owner 'A. Jones' (Holmes St., Huntsville), per the 1865 'Colored Census.' Presumed owner is Alexander Pinkney Jones of the core Avalon cluster, not yet independently confirmed."
Martha,Jones,,Black (formerly enslaved; freed 1865),F,"'Free People of Color in Madison County, Alabama,' Appendix II, Huntsville History Collection; see DB1 row 458","Formerly enslaved by former owner 'A. Jones' (Holmes St., Huntsville), occupation recorded as farming, per the 1865 'Colored Census.' Presumed owner is Alexander Pinkney Jones of the core Avalon cluster, not yet independently confirmed."
Tom,Jones,,Black (formerly enslaved; freed 1865),M,"'Free People of Color in Madison County, Alabama,' Appendix II, Huntsville History Collection; see DB1 row 458","Formerly enslaved by former owner 'A. Jones' (Holmes St., Huntsville), per the 1865 'Colored Census.' Presumed owner is Alexander Pinkney Jones of the core Avalon cluster, not yet independently confirmed."
Mary,Terrel,,Black (formerly enslaved; freed 1865),F,"'Free People of Color in Madison County, Alabama,' Appendix II, Huntsville History Collection; see DB1 row 458","Formerly enslaved by former owner 'A. Jones' (Holmes St., Huntsville), occupation recorded as seamstress, per the 1865 'Colored Census.' Surname is Terrel, not Jones -- NOT the Mary of the Jones (Mary) Cemetery headstone (who died June 1865, before this enumeration, and whose surname was Jones by marriage). Logged here only because she appears in the same owner-household roster as the newly identified Jones-surnamed individuals above."
—,[no names observed — see Evidence/Notes],,,,"The 16 Bedford County VA chancery-cause image selections (Jones/Perkins parties, 1835–1904) and 2 UAH institutional-record batches inventoried 2026-09-20 are image-only PDFs with no text layer; only cover sheets were read (they list litigant parties — no enslaved persons named). No enslaved-person names were observed in these batches because the images have not been transcribed or OCR'd. The May 2026 census-export batch (98 PDFs + 10 DOCX) is a secondary working batch, not yet triaged.","LEAD (not a name record): run OCR/manual transcription of the chancery selections — prioritize antebellum estate cases 1835-007, 1846-049, 1858-012 — then add any enslaved names found to this table. Added 2026-09-20 from inventory manifest; delete/replace when actual names are observed."
Shandy,Jones,"b. Dec 20, 1816; d. Feb 4, 1886 (per secondary sources)","Black (listed M/mulatto in census, per Hoksbergen and DeNeefe)",M,"Hoksbergen and DeNeefe, Keeping Up with the Joneses, Alabama Review vol. 79, no. 3 (July 2026). Journal article. In my Drive; working copy in workspace research_notes/shandy-identity-20260920/","Supports. Settled the identity question for me: Madison County-born, son of Elizabeth (manumitted Dec 11, 1820, age 3), moved to Tuscaloosa by 1837, free Black barber, Tuscaloosa County legislator 1868-1870. Also Columbus/Reuben biography; 1860 census has Columbus next door to Shandy in Tuscaloosa; Feb 4, 1868 elections; both on July 1868 resolutions committee. Reports the half-brother oral history with the age caveat; I do not state that claim as fact."
Shandy,Jones,"b. Dec 20, 1816; d. Feb 4, 1886 (per secondary sources)","Black (listed M/mulatto in census, per Hoksbergen and DeNeefe)",M,"Woodson, Carter G., ed., The Mind of the Negro (1926), pp. 63-74. Book preserving primary letters. HathiTrust: https://hdl.handle.net/2027/mdp.39015002382193","Supports. The big primary-source find for my Liberia chapter: 8 letters by S. Wesley/Wesly Jones of Tuscaloosa to ACS secretary Rev. William McLain, June 12, 1848 to April 10, 1859. His exclusion premise and nation-building program in his own words. Woodson attributes the anonymous Sept. 1850 ten years letter as probably his; I label that probable, not certain."
Shandy,Jones,"b. Dec 20, 1816; d. Feb 4, 1886 (per secondary sources)","Black (listed M/mulatto in census, per Hoksbergen and DeNeefe)",M,"African Repository (ACS periodical, primary): vol. 24, pp. 268-269 (June 1848 Jones letter); vol. 26, no. 9 (Sept. 1850), pp. 276-277 (anonymous ten years letter); vol. 28, no. 5 (May 1852), pp. 148-149 (Dec 29, 1851 letter signed S. W. JONES). HathiTrust links on file.","Supports. The primary texts of Jones’s colonization advocacy, read on the page. The 1850 letter is anonymous in print; I attribute it to Jones only as probable (per Woodson). I keep his own words separate from the ACS’s white-supremacist premises in my paper."
Shandy,Jones,"b. Dec 20, 1816; d. Feb 4, 1886 (per secondary sources)","Black (listed M/mulatto in census, per Hoksbergen and DeNeefe)",M,"Blount, Russell W. Jr., Shandy Jones: From Slavery to Statesman, Mobile Bay Magazine (secondary). https://mobilebaymag.com/shandy-jones-from-slavery-to-statesman/ ; in my Drive as Shandy Jones_ From Slavery to Statesman.pdf","Context. Background only: the Klan-threat/boycott account (Ryland Randolph’s cartoon, the move to Mobile) and biographical sketch. His line that Jones’s dreams of leading free Blacks to Liberia had vanished is interpretation, not a Jones quotation; no post-1859 Jones statement on colonization has been found."
Shandy,Jones,"b. Dec 20, 1816; d. Feb 4, 1886 (per secondary sources)","Black (listed M/mulatto in census, per Hoksbergen and DeNeefe)",M,"Hubbs, G. Ward, On the Razor’s Edge: Shandy Jones Makes His Way through the Nineteenth Century, Alabama Heritage (Fall 2020), pp. 20-29. Journal article (secondary).",Context. Cited by Hoksbergen and DeNeefe for Shandy’s biography. I have not yet read the full piece myself; I should get it before leaning on it further.
Reuben,Jones,b. 1832/3 (per Foner),Mulatto (per Foner); Black,M,"Foner, Eric, Freedom’s Lawmakers (Oxford UP, 1993; rev. ed. 1996), p. 122. Reference. Entry tail after owned ... is unread.","Supports. Confirms my lead that Reuben was a legislator: Madison County, state House, 1872-74, one term only, absent from the 1874 roster. Every record spells it Reuben. Flag: the 1880 census lists Reuben as illiterate, uneasy against Foner’s Literate."
Reuben,Jones,b. 1832/3 (per Foner),Mulatto (per Foner); Black,M,"Alabama Department of Archives and History, African American Legislators in Reconstruction Alabama (official roster). http://archives.alabama.gov/research/docs/African_American_legislators_Reconstruction.pdf","Supports. Official roster lists Reuben Jones, Madison County, House 1872-73 session; independent confirmation of the Foner entry."
William / John / Howell,Jones,,Black (inferred for William and John from Bureau context; Howell’s race unknown),M,"U.S. Congress Joint Select Committee, Testimony Taken ... (Report No. 41), vols. 8-10 (Alabama testimony). Government report (primary testimony).","Supports/Lead. Vol. 9: Freedmen’s Bureau agent John H. Wager, Huntsville, Oct 14, 1871: in Feb 1870 William Jones was made to give up his gun and John Jones was whipped by the Ku-Klux, all in Madison County. Race inferred Black, not stated; kinship to my family UNVERIFIED. Vol. 8: Rev. A. S. Lakin, June 13, 1871, quoting the Huntsville Advocate of May 27, 1871: Gov. Robert B. Lindsay offered 200 dollars reward each for Howell Jones and Geo. Blancett, charged as disguised men with whipping Wm. Harper in Jackson County. Whether Howell Jones connects to my family is unknown; do NOT conflate with Calvin Jones or Charles P. Jones of the Pulaski, Tennessee Klan den."
Shandy,Jones,"b. Dec 20, 1816; d. Feb 4, 1886 (per secondary sources)","Black (listed M/mulatto in census, per Hoksbergen and DeNeefe)",M,"Alabama SJR25 (2017), enrolled text. Legislative resolution (commemorative). https://billcam.com/bill-texts/GmPbK9ix2U","Context. Commemorative biographical anchors: birth Dec 20, 1816 on a Madison County plantation, emancipation with mother Elizabeth and sisters Ann and Evalina, barbershop, Hunter’s Chapel, legislature 1868-70, Klan flight, Mobile Custom House, death Feb 4, 1886. Secondary; I have checked no primary records behind it."
Shandy,Jones,,,M,"Fold3 file 2224440 - SCC claim No. 18,680 (Shandy Jones, Madison County, barred), 3-page case file, in US Southern Claims Barred and Disallowed 1871 collection. NARA RG 233, M1407. Index: Geographical List of Claims, NARA M87, reel 13, image 16 (NAID 641678723): Shandy Jones, No. 18,680, Madison County, Alabama, 263 dollars claimed, barred. https://www.fold3.com/file/2224440","Lead. File located; images behind a membership wall, not yet read. Free route: Fold3 through Huntsville-Madison County Public Library. The petition lists age, residence, occupation; that document settles whether the claimant is Shandy Wesley Jones. Do not conflate with Rachael Jones No. 18,679 (207 dollars, Madison County) or Shandy Jones No. 9,105 (Limestone County)."
Margana,,~16-17,Black,F,"Bedford County, VA chancery cause 1835-007 (Adm'r of Armstead Minor v. Ex'r of Thomas V. Jones et al.); deed of trust 14 June 1832 (Armstead Minor to trustee William L. Goggin, securing a $180.30 bond debt to Thomas V. Jones; acknowledged by all three parties before Robt. Mitchell, Clerk)","""a woman"" in the deed. Sold at the trustee sale 24 Nov 1832 at the courthouse door in Liberty for $300 to Thomas V. Jones, highest bidder (sale cried by Daniel Aunspaugh at the trustee's request; advertised two weeks in a Lynchburg newspaper per the deed). Jones publicly declared her unsound on the sale day; witness Joseph Andrews deposed he would have bid $320-325 had she been in good health, calling her ""a very likely girl."" The deed also conveyed ""their future increase"" (unborn children). No surname recorded. Verified. See DB1 rows 489, 923."
Jim,,,Black,M,"Bedford County, VA chancery cause 1835-007 (Adm'r of Armstead Minor v. Ex'r of Thomas V. Jones et al.); deed of trust 14 June 1832 (Armstead Minor to trustee William L. Goggin, securing a $180.30 bond debt to Thomas V. Jones; acknowledged by all three parties before Robt. Mitchell, Clerk)","""a boy"" in the deed of trust; no age given. Not sold at the trustee sale (the deed let the trustee sell only enough to satisfy the debt; Jones bought Margana alone). Kept separate from the 1859-030 Jim (DB2 row 1228) - no evidence they are the same person. No surname recorded. Verified. See DB1 rows 489, 923."
Mary,,,Black,F,"Bedford County, VA chancery cause 1835-007 (Adm'r of Armstead Minor v. Ex'r of Thomas V. Jones et al.); deed of trust 14 June 1832 (Armstead Minor to trustee William L. Goggin, securing a $180.30 bond debt to Thomas V. Jones; acknowledged by all three parties before Robt. Mitchell, Clerk)","""a girl"" in the deed of trust; no age given. Not sold at the trustee sale. This Mary is NOT the 1805 Bedford/Campbell 12-name list's ""Mary Ann"" - flagged non-match, not a lead. No surname recorded. Verified. See DB1 rows 489, 923."
Emily,,,Black,F,"Bedford County, VA chancery cause 1840-017 (Tubal Early & Charlotte Early, admrs of Richard M. Scruggs, v. Elkanah Bramblett et al.); sheriff's return on the fi. fa. of 25 Oct 1826 (Jas. O. Steptoe, clerk), executed Nov 1826","Spelled ""Amely"" in the sheriff's return; counsel notes render her ""Emeline."" An enslaved girl levied in Nov 1826 when the sheriff executed on Richard M. Scruggs's estate; a delivery bond was taken before the injunction stopped the sale. The Earlys argued she was never Scruggs's property but Charlotte's own, allotted to her as Charlotte Caffrey at the division of the Caffrey personal estate before her marriage to Scruggs. Different person from the 1856 Talbot County GA Emily (DB2 row 125). No surname recorded. Verified. See DB1 row 924."
,,,,,"Bedford County, VA chancery cause 1840-017 (Tubal Early & Charlotte Early, admrs of Richard M. Scruggs, v. Elkanah Bramblett et al.); Reaves S. Scruggs affidavit on Richard M. Scruggs's property in 1819-20","Unnamed group: Richard M. Scruggs ""was interested in 10 or 12 Negroes"" in 1819-20 - enslaved people willed to his brother Reaves by their father and hired out (about $100 in hire). No names, ages, or sexes recorded. May overlap with the ~20-25 group in this case (DB2 row 1226); recorded as stated in the separate deposition. Verified. See DB1 row 924."
,,,,,"Bedford County, VA chancery cause 1840-017 (Tubal Early & Charlotte Early, admrs of Richard M. Scruggs, v. Elkanah Bramblett et al.); deposition of William Otey","Unnamed group: ""twenty or twenty five Slaves of different description"" in the joint possession of Richard and Reaves S. Scruggs ""about that time [1819-1821]."" No names recorded. May overlap with the ~10-12 group (DB2 row 1225); recorded as stated in the separate deposition. Verified. See DB1 row 924."
Parthenia,,~34,Black,F,"Bedford County, VA chancery cause 1859-030 (Chapman S. Jones v. William A. Creasy & J. M. Bennett); bill of sale 16 June 1858 (Tandy K. Jones to Chapman S. Jones, $1,200); Judge George W. Gilmer injunction on a $4,000 bond, made perpetual 4 Oct 1859","Woman, ~34. Bought by Chapman S. Jones from Tandy K. Jones for $1,200 on 16 June 1858 with Jim, Betty, and Munch/Monroe. Constable William A. Creasy levied on the four as Tandy K. Jones's property and advertised them for sale 27 Sept 1858 at Liberty; Judge Gilmer's injunction was made perpetual 4 Oct 1859. Her name is consistently ""Parthenia"" across all five naming documents - the ""Caroline""/""Katherina"" readings were a misread, Contradicted with provenance. Different person from Parthenia J. Jones of the Limestone divorce (DB1 row 833). No surname recorded. Verified. See DB1 rows 925, 928."
Jim,,~10,Black,M,"Bedford County, VA chancery cause 1859-030 (Chapman S. Jones v. William A. Creasy & J. M. Bennett); bill of sale 16 June 1858 (Tandy K. Jones to Chapman S. Jones, $1,200); Judge George W. Gilmer injunction on a $4,000 bond, made perpetual 4 Oct 1859","Boy, ~10. Same 16 June 1858 purchase and 4 Oct 1859 injunction as Parthenia (DB2 row 1227). Kept separate from the 1835-007 Jim (DB2 row 1222) - no evidence they are the same person. No surname recorded. Verified. See DB1 rows 925, 928."
Betty,,~8,Black,F,"Bedford County, VA chancery cause 1859-030 (Chapman S. Jones v. William A. Creasy & J. M. Bennett); bill of sale 16 June 1858 (Tandy K. Jones to Chapman S. Jones, $1,200); Judge George W. Gilmer injunction on a $4,000 bond, made perpetual 4 Oct 1859","Girl, ~8. Same 16 June 1858 purchase and 4 Oct 1859 injunction as Parthenia (DB2 row 1227). Different person from the 1860 Huntsville Cabaniss-note Betty (DB2 row 367). No surname recorded. Verified. See DB1 rows 925, 928."
Munch/Monroe,,~9,Black,M,"Bedford County, VA chancery cause 1859-030 (Chapman S. Jones v. William A. Creasy & J. M. Bennett); bill of sale 16 June 1858 (Tandy K. Jones to Chapman S. Jones, $1,200); Judge George W. Gilmer injunction on a $4,000 bond, made perpetual 4 Oct 1859","Boy, ~9. The bill, order, bond, and one injunction memo give ""Munch or Monroe""; the other memo gives plain ""Monroe."" Same 16 June 1858 purchase and 4 Oct 1859 injunction as Parthenia (DB2 row 1227). No surname recorded. Verified. See DB1 rows 925, 928."
,,,Black,M,"Bedford County, VA chancery cause 1793-011 (Henry Jones v. Admrs of Stephen Goggin); injunction bill, dissolved with costs Sept 1793"
Reddick,,,Black,,"Madison County probate corpus OCR pull, Sept 22, 2026 — archivist's estate abstract card (typed headings HEIRS / SLAVES, handwritten names), image 1314/p-055, read firsthand against the pixels (user-verified by archivist). Sixteen names under SLAVES in two handwritten columns. Provenance tag: madison-probate-ocr-20260922."
Ceaser,,,Black,,"Madison County probate corpus OCR pull, Sept 22, 2026 — archivist's estate abstract card (typed headings HEIRS / SLAVES, handwritten names), image 1314/p-055, read firsthand against the pixels (user-verified by archivist). Sixteen names under SLAVES in two handwritten columns. Provenance tag: madison-probate-ocr-20260922."
Cuffy,,,Black,,"Madison County probate corpus OCR pull, Sept 22, 2026 — archivist's estate abstract card (typed headings HEIRS / SLAVES, handwritten names), image 1314/p-055, read firsthand against the pixels (user-verified by archivist). Sixteen names under SLAVES in two handwritten columns. Provenance tag: madison-probate-ocr-20260922."
Mose,,,Black,,"Madison County probate corpus OCR pull, Sept 22, 2026 — archivist's estate abstract card (typed headings HEIRS / SLAVES, handwritten names), image 1314/p-055, read firsthand against the pixels (user-verified by archivist). Sixteen names under SLAVES in two handwritten columns. Provenance tag: madison-probate-ocr-20260922."
Juba,,,Black,,"Madison County probate corpus OCR pull, Sept 22, 2026 — archivist's estate abstract card (typed headings HEIRS / SLAVES, handwritten names), image 1314/p-055, read firsthand against the pixels (user-verified by archivist). Sixteen names under SLAVES in two handwritten columns. Provenance tag: madison-probate-ocr-20260922."
Harrod,,,Black,,"Madison County probate corpus OCR pull, Sept 22, 2026 — archivist's estate abstract card (typed headings HEIRS / SLAVES, handwritten names), image 1314/p-055, read firsthand against the pixels (user-verified by archivist). Sixteen names under SLAVES in two handwritten columns. Provenance tag: madison-probate-ocr-20260922."
Jessee,,,Black,,"Madison County probate corpus OCR pull, Sept 22, 2026 — archivist's estate abstract card (typed headings HEIRS / SLAVES, handwritten names), image 1314/p-055, read firsthand against the pixels (user-verified by archivist). Sixteen names under SLAVES in two handwritten columns. Provenance tag: madison-probate-ocr-20260922."
Holland,,,Black,,"Madison County probate corpus OCR pull, Sept 22, 2026 — archivist's estate abstract card (typed headings HEIRS / SLAVES, handwritten names), image 1314/p-055, read firsthand against the pixels (user-verified by archivist). Sixteen names under SLAVES in two handwritten columns. Provenance tag: madison-probate-ocr-20260922."
Bily,,,Black,,"Madison County probate corpus OCR pull, Sept 22, 2026 — archivist's estate abstract card (typed headings HEIRS / SLAVES, handwritten names), image 1314/p-055, read firsthand against the pixels (user-verified by archivist). Sixteen names under SLAVES in two handwritten columns. Provenance tag: madison-probate-ocr-20260922."
Bull,,,Black,,"Madison County probate corpus OCR pull, Sept 22, 2026 — archivist's estate abstract card (typed headings HEIRS / SLAVES, handwritten names), image 1314/p-055, read firsthand against the pixels (user-verified by archivist). Sixteen names under SLAVES in two handwritten columns. Provenance tag: madison-probate-ocr-20260922."
Harry,,,Black,,"Madison County probate corpus OCR pull, Sept 22, 2026 — archivist's estate abstract card (typed headings HEIRS / SLAVES, handwritten names), image 1314/p-055, read firsthand against the pixels (user-verified by archivist). Sixteen names under SLAVES in two handwritten columns. Provenance tag: madison-probate-ocr-20260922."
Fanny,,,Black,F,"Madison County probate corpus OCR pull, Sept 22, 2026 — archivist's estate abstract card (typed headings HEIRS / SLAVES, handwritten names), image 1314/p-055, read firsthand against the pixels (user-verified by archivist). Sixteen names under SLAVES in two handwritten columns. Provenance tag: madison-probate-ocr-20260922.","Fanny, one of the sixteen enslaved people named on the Turner estate abstract card. No age or surname stated on the card. Sex F — the card enters her as the mother of the unnamed child ('Fanny + child'). Not the Fanny of DB2 row 274 (1866 Freedmen's Bureau docket, hired to Richard Sanford's father) — different person, never merged. Heirs on the card: William H. Turner, John S. Turner, and six daughters — Eliza T. Bradley, Frances McElderry, Mary Acklen, Sarah Brown, Louisa Cockrill, Harriet Goodloe (Harriet is a daughter-heir, NOT one of the enslaved; the raw OCR had blurred this). Administrators: William H. Turner and G.R.M. Acklin. Lead: very likely the estate of Sugars Turner (administration bond Oct 18, 1836, $60,000, File 524, image 1314/p-063) — the card itself names no decedent and carries no date. The OCR caught only 3 of the 16 names; thirteen come from the pixel read. Do NOT merge with any same-given-name person elsewhere in this database. Verified. See DB1 rows 932-933."
,,,Black,,"Madison County probate corpus OCR pull, Sept 22, 2026 — archivist's estate abstract card (typed headings HEIRS / SLAVES, handwritten names), image 1314/p-055, read firsthand against the pixels (user-verified by archivist). Sixteen names under SLAVES in two handwritten columns. Provenance tag: madison-probate-ocr-20260922.","Unnamed child of Fanny, entered with her on the Turner estate abstract card ('Fanny + child'). Name, age, and sex not stated. Race Black — child of an enslaved woman. Do not merge with any other unnamed-child row in this database. Verified. See DB1 row 932."
Rachel,,,Black,,"Madison County probate corpus OCR pull, Sept 22, 2026 — archivist's estate abstract card (typed headings HEIRS / SLAVES, handwritten names), image 1314/p-055, read firsthand against the pixels (user-verified by archivist). Sixteen names under SLAVES in two handwritten columns. Provenance tag: madison-probate-ocr-20260922."
Beck,,,Black,,"Madison County probate corpus OCR pull, Sept 22, 2026 — archivist's estate abstract card (typed headings HEIRS / SLAVES, handwritten names), image 1314/p-055, read firsthand against the pixels (user-verified by archivist). Sixteen names under SLAVES in two handwritten columns. Provenance tag: madison-probate-ocr-20260922."
Holly,,,Black,,"Madison County probate corpus OCR pull, Sept 22, 2026 — archivist's estate abstract card (typed headings HEIRS / SLAVES, handwritten names), image 1314/p-055, read firsthand against the pixels (user-verified by archivist). Sixteen names under SLAVES in two handwritten columns. Provenance tag: madison-probate-ocr-20260922."
Tempy,,,Black,,"Madison County probate corpus OCR pull, Sept 22, 2026 — archivist's estate abstract card (typed headings HEIRS / SLAVES, handwritten names), image 1314/p-055, read firsthand against the pixels (user-verified by archivist). Sixteen names under SLAVES in two handwritten columns. Provenance tag: madison-probate-ocr-20260922."
Mary,,,Black,F,"Deed of gift, J.N.S. Jones → Maria Louisa Donnell, Jan 14, 1841 — read firsthand against the deed image (CamScanner singles capture, Ancestry-viewer PDF), Sept 22, 2026. Provenance tag: camscanner-foldin-20260922.",The deed names TWO Marys: this plain 'Mary' (first in the list) and 'Mary (commonly called Mary Eliza)' (DB2 row 101). Do NOT merge the two Marys. Merged with no one.
Isabel,,,Black,F,"Madison County biographies book, p. 132 (Thomas Jones sketch), read firsthand Sept 22, 2026 — 'At his death in 1821, one Thomas Jones' will provided that Isabel, Daniel, Nancy, Peter, George, Zebedee, Noah, together with their increase, were to be free for their ""long and meritorious service, industry and obedience"" after future service to his widow, Rachael Jones. [Probate #2, 215]' The case failed and they 'remained in bondage.' Provenance tag: camscanner-foldin-20260922.","One of ten people promised freedom in Thomas Jones's 1821 will. After Rachael Jones married William Stamps (1822) and both died (1827/1828), the Stamps brothers assumed ownership; six were hired out to David Monroe; Daniel was nearly sold; the Alabama Supreme Court appeal was never filed. Merged with no one. Primary records to pull: Probate Record 2, p. 215; Madison County Superior Court 1811-1825, pp. 281-283. [2026-09-22 OCR/CamScanner pass addition: Named in Thomas Jones's 1821 will (Madison County Probate Record 2, p.215) among the seven to be freed for their long and meritorious service, industry and obedience after future service to the widow Rachael Jones; later a complainant in the freedom suit when Elijah and Joshua Stamps assumed ownership after Rachael's 1822 remarriage to William Stamps and the deaths of both (1827, 1828). Enslaver: Thomas Jones (d. 1821, Madison County) - testamentary provision; then claimed by Elijah and Joshua Stamps; hired out by one Stamps brother to David Monroe. Source: Madison County biographies, p.132 (CamScanner 6-21-26 02.34_1.pdf; 200 dpi render read firsthand); cites Probate Record 2, p.215 and Madison County Superior Court, 1811-1825, pp.281-283]"
Daniel,,,Black,M,"Madison County biographies book, p. 132 (Thomas Jones sketch), read firsthand Sept 22, 2026. [Probate #2, 215]. Provenance tag: camscanner-foldin-20260922.","One of the ten in Thomas Jones's 1821 will. A Stamps brother 'tried to sell Daniel.' The freedom case failed; he 'remained in bondage.' Merged with no one. [2026-09-22 OCR/CamScanner pass addition: Named in Thomas Jones's 1821 will among the seven; one Stamps brother tried to sell Daniel after assuming ownership; complainant in the freedom suit, which asked the court to interpose lest all will be run off or so disposed of that their right to freedom will be greatly embarrassed. Enslaver: Thomas Jones (d. 1821) - then Elijah and Joshua Stamps. Source: Madison County biographies, p.132 (CamScanner 6-21-26 02.34_1.pdf; 200 dpi render read firsthand); cites Probate Record 2, p.215 and Madison County Superior Court, 1811-1825, pp.281-283]"
Nancy,,,Black,F,"Madison County biographies book, p. 132 (Thomas Jones sketch), read firsthand Sept 22, 2026. [Probate #2, 215]. Provenance tag: camscanner-foldin-20260922.","One of the ten in Thomas Jones's 1821 will. The freedom case failed; she 'remained in bondage.' Merged with no one. [2026-09-22 OCR/CamScanner pass addition: Named in Thomas Jones's 1821 will among the seven; complainant in the freedom suit. Enslaver: Thomas Jones (d. 1821) - then Elijah and Joshua Stamps. Source: Madison County biographies, p.132 (CamScanner 6-21-26 02.34_1.pdf; 200 dpi render read firsthand); cites Probate Record 2, p.215 and Madison County Superior Court, 1811-1825, pp.281-283]"
Peter,,,Black,M,"Madison County biographies book, p. 132 (Thomas Jones sketch), read firsthand Sept 22, 2026. [Probate #2, 215]. Provenance tag: camscanner-foldin-20260922.","One of the ten in Thomas Jones's 1821 will. The freedom case failed; he 'remained in bondage.' Merged with no one. [2026-09-22 OCR/CamScanner pass addition: Named in Thomas Jones's 1821 will among the seven; complainant in the freedom suit. Enslaver: Thomas Jones (d. 1821) - then Elijah and Joshua Stamps. Source: Madison County biographies, p.132 (CamScanner 6-21-26 02.34_1.pdf; 200 dpi render read firsthand); cites Probate Record 2, p.215 and Madison County Superior Court, 1811-1825, pp.281-283]"
George,,,Black,M,"Madison County biographies book, p. 132 (Thomas Jones sketch), read firsthand Sept 22, 2026. [Probate #2, 215]. Provenance tag: camscanner-foldin-20260922.","One of the ten in Thomas Jones's 1821 will. The freedom case failed; he 'remained in bondage.' Merged with no one. [2026-09-22 OCR/CamScanner pass addition: Named in Thomas Jones's 1821 will among the seven; complainant in the freedom suit. Enslaver: Thomas Jones (d. 1821) - then Elijah and Joshua Stamps. Source: Madison County biographies, p.132 (CamScanner 6-21-26 02.34_1.pdf; 200 dpi render read firsthand); cites Probate Record 2, p.215 and Madison County Superior Court, 1811-1825, pp.281-283]"
Zebedee,,,Black,M,"Madison County biographies book, p. 132 (Thomas Jones sketch), read firsthand Sept 22, 2026. [Probate #2, 215]. Provenance tag: camscanner-foldin-20260922.","One of the ten in Thomas Jones's 1821 will. The freedom case failed; he 'remained in bondage.' Merged with no one. [2026-09-22 OCR/CamScanner pass addition: Named in Thomas Jones's 1821 will among the seven (spelled Zebedee in the entry); complainant in the freedom suit. Enslaver: Thomas Jones (d. 1821) - then Elijah and Joshua Stamps. Source: Madison County biographies, p.132 (CamScanner 6-21-26 02.34_1.pdf; 200 dpi render read firsthand); cites Probate Record 2, p.215 and Madison County Superior Court, 1811-1825, pp.281-283]"
Noah,,,Black,M,"Madison County biographies book, p. 132 (Thomas Jones sketch), read firsthand Sept 22, 2026. [Probate #2, 215]. Provenance tag: camscanner-foldin-20260922.","One of the ten in Thomas Jones's 1821 will. The freedom case failed; he 'remained in bondage.' Merged with no one. [2026-09-22 OCR/CamScanner pass addition: Named in Thomas Jones's 1821 will among the seven; complainant in the freedom suit. Enslaver: Thomas Jones (d. 1821) - then Elijah and Joshua Stamps. Source: Madison County biographies, p.132 (CamScanner 6-21-26 02.34_1.pdf; 200 dpi render read firsthand); cites Probate Record 2, p.215 and Madison County Superior Court, 1811-1825, pp.281-283]"
Minerva,,,Black,F,"Madison County biographies book, p. 132 (Thomas Jones sketch), read firsthand Sept 22, 2026 — 'Complainants now also included Minerva, Sally, Cornelius who were also paupers and had been in bondage to Thomas Jones.' Provenance tag: camscanner-foldin-20260922.","Joined the freedom complainants by 1828. The Supreme Court appeal was never filed; she 'remained in bondage.' Merged with no one. [2026-09-22 OCR/CamScanner pass addition: Added as a complainant by 1828 when papers were filed to take the freedom case before the Alabama Supreme Court in Tuscaloosa; described as also a pauper who had been in bondage to Thomas Jones. Enslaver: Thomas Jones (d. 1821) - then Elijah and Joshua Stamps. Source: Madison County biographies, p.132 (CamScanner 6-21-26 02.34_1.pdf; 200 dpi render read firsthand); cites Madison County Superior Court, 1811-1825, pp.281-283]"
Sally,,,Black,F,"Madison County biographies book, p. 132 (Thomas Jones sketch), read firsthand Sept 22, 2026. Provenance tag: camscanner-foldin-20260922.","Joined the freedom complainants by 1828. The appeal was never filed; she 'remained in bondage.' Merged with no one. [2026-09-22 OCR/CamScanner pass addition: Added as a complainant by 1828; described as also a pauper who had been in bondage to Thomas Jones. Enslaver: Thomas Jones (d. 1821) - then Elijah and Joshua Stamps. Source: Madison County biographies, p.132 (CamScanner 6-21-26 02.34_1.pdf; 200 dpi render read firsthand); cites Madison County Superior Court, 1811-1825, pp.281-283]"
Cornelius,,,Black,M,"Madison County biographies book, p. 132 (Thomas Jones sketch), read firsthand Sept 22, 2026. Provenance tag: camscanner-foldin-20260922.","Joined the freedom complainants by 1828. The appeal was never filed; he 'remained in bondage.' Merged with no one. [2026-09-22 OCR/CamScanner pass addition: Added as a complainant by 1828; described as also a pauper who had been in bondage to Thomas Jones. Enslaver: Thomas Jones (d. 1821) - then Elijah and Joshua Stamps. Source: Madison County biographies, p.132 (CamScanner 6-21-26 02.34_1.pdf; 200 dpi render read firsthand); cites Madison County Superior Court, 1811-1825, pp.281-283]"
Hannah,Kennedy,,Black,F,"Verified as printed — Madison County biographies book, p. 132 (Caesar Kennedy sketch), read firsthand against the pixels Sept 22, 2026. Sample image: CamScanner 6-21-26 02.34_1.JPG. DB1 row 956. Caesar Kennedy, 'a free man of color, of the town of Huntsville,' was authorized to manumit 'his wife Hannah, and her seven children, Maria, John, Mary-Ann, William, Cesar, Jr., Rossell, and Thomas.' 'Hannah is now liberated.' Provenance tag: db2-staged-20260922.","Caesar Kennedy’s wife — a free Black Huntsville man freeing his own family, with the children’s birth dates right in the record. She’s already liberated here. I want the authorizing court and whether the bond was ever executed."
Maria,Kennedy,above 21 (liberated),Black,,"Verified as printed — Madison County biographies book, p. 132 (Caesar Kennedy sketch), read firsthand against the pixels Sept 22, 2026. Sample image: CamScanner 6-21-26 02.34_1.JPG. DB1 row 956. 'Mariah and John, above the age of 21 years' are liberated. Printed 'Maria' in the authorization list, 'Mariah' in the liberation note — both spellings preserved. Sex not stated in the sketch. Provenance tag: db2-staged-20260922.",Over 21 and already free when the sketch was written. The Maria/Mariah spelling split stays on the record.
John,Kennedy,above 21 (liberated),Black,,"Verified as printed — Madison County biographies book, p. 132 (Caesar Kennedy sketch), read firsthand against the pixels Sept 22, 2026. Sample image: CamScanner 6-21-26 02.34_1.JPG. DB1 row 956. 'Mariah and John, above the age of 21 years' are liberated. Sex not stated in the sketch. Provenance tag: db2-staged-20260922.",Over 21 and already liberated alongside Mariah.
Mary-Ann,Kennedy,"b. Nov 26, 1804",Black,,"Verified as printed — Madison County biographies book, p. 132 (Caesar Kennedy sketch), read firsthand against the pixels Sept 22, 2026. Sample image: CamScanner 6-21-26 02.34_1.JPG. DB1 row 956. 'Mary Ann was born November 26, 1804.' A minor at manumission, to be freed at 21. Sex not stated in the sketch. Provenance tag: db2-staged-20260922.","Born November 26, 1804 — a child when her father moved to free her, freedom promised at 21. I need to know whether the promise held."
William,Kennedy,b. 1808,Black,,"Verified as printed — Madison County biographies book, p. 132 (Caesar Kennedy sketch), read firsthand against the pixels Sept 22, 2026. Sample image: CamScanner 6-21-26 02.34_1.JPG. DB1 row 956. 'William was born 1808.' A minor at manumission, to be freed at 21. Sex not stated in the sketch. Provenance tag: db2-staged-20260922.","Born 1808 — a minor, freedom promised at 21."
Cesar Jr.,Kennedy,b. June 1818,Black,,"Verified as printed — Madison County biographies book, p. 132 (Caesar Kennedy sketch), read firsthand against the pixels Sept 22, 2026. Sample image: CamScanner 6-21-26 02.34_1.JPG. DB1 row 956. 'Caesar was born June 1818.' Printed 'Cesar, Jr.' in the authorization list, 'Caesar' in the birth note — both spellings preserved. A minor at manumission, to be freed at 21. Sex not stated in the sketch. Provenance tag: db2-staged-20260922.","Born June 1818, named for his father — a small child at manumission."
Rossell,Kennedy,"b. July 15, 1812",Black,,"Verified as printed — Madison County biographies book, p. 132 (Caesar Kennedy sketch), read firsthand against the pixels Sept 22, 2026. Sample image: CamScanner 6-21-26 02.34_1.JPG. DB1 row 956. 'Russell was born July 15, 1812.' Printed 'Rossell' in the authorization list, 'Russell' in the birth note — both spellings preserved. A minor at manumission, to be freed at 21. Sex not stated in the sketch. Provenance tag: db2-staged-20260922.","Born July 15, 1812 — the Rossell/Russell spelling split stays on the record."
Thomas,Kennedy,b. July (year cut off in capture),Black,,,Born in July of a year the capture cuts off — I’ll pull the full page before guessing.
Thomas,Gurley,,"Black (""colored"" per deed)",,"Verified against the pixels, Sept 22, 2026 — March 12, 1904 deed, Walter A. Given to Annie E. Given (Exhibit E), Madison County, Alabama: ""the mortgage held by Thomas Gurley, colored, on the lands herein conveyed"" (NE 1/4 of SE 1/4 S7 T4 R2E, 40.17 ac; E 1/2 of SE 1/4 S8 T4 R2E, 80 ac; SE 1/4 of NE 1/4 S8 T4 R2E). Image ARK 3QSQ-G9MT-SDMJ. DB1 row 963.","A Black mortgage-holder — he's the creditor on 160 acres, not the debtor. That flips the usual script of who holds whose mortgage in 1904 Madison County. I want his census trace and the underlying mortgage instrument."
Albert,Jones,,"Black (""colored people"" per bill)",M (husband per source),"Verified against the pixels, Sept 22, 2026 — Bill of complaint, Albert Jones v. Mary E. Jones, Circuit Court in Equity, Madison County, Alabama: ""(Par. 1): Orator and defendant are colored people. They are husband and wife, having intermarried in said County about twelve years ago... bona fide resident citizens of Madison County, Alabama, all their lives."" Filing date not on the captured page. Image ARK 3QS7-899P-9W2D. DB1 row 965.","Married in Madison County about twelve years before this bill — that's a Black marriage stretching back into the 1890s or 1900s, and he puts ""colored people"" on the record himself. I need the filing date to anchor it. Do NOT merge with the 1865-free-census Albert at row 1103 without evidence."
Mary E.,Jones,,"Black (""colored people"" per bill)",F (wife per source),"Verified against the pixels, Sept 22, 2026 — Bill of complaint, Albert Jones v. Mary E. Jones (same source as row 1269): Albert alleges she abandoned him from bed and board nearly three years before filing; he prays divorce a vinculo matrimonii. Her side is not in this capture. Image ARK 3QS7-899P-9W2D. DB1 row 965.","Her abandonment is his allegation, not established fact — her voice isn't on this page. A Black wife in an equity divorce means there were property interests worth suing over. I want the decree."
Frances,Jones,60–70 (in 1917),"Black (""old colored woman"" per bill)",F (widow per source),"Verified against the pixels, Sept 22, 2026 — Bill of complaint, Frances Jones v. William Crutcher and Sallie L. Stewart, No. 1011, Circuit Court in Equity, Madison County: complainant described as ""an old colored woman between Sixty (60) and Seventy (70) years of age, a widow""; indenture of September 25, 1917, Frances Jones, widow, to her nephew William Crutcher ($1.00 + love and affection; land alleged worth $1,200–$1,500); dominating-influence allegation; capacity claims are the bill's pleading. Caption and indenture confirm her name. Image ARK 3QSQ-G99P-97XM; companion case pages 3QS7-899P-97P4, 3QSQ-G99P-97Z5. DB1 row 966.","A Black widow in 1917 who owned a farm worth $1,200–$1,500 — that's real money and real land, and she took her own nephew to court to get it back. Her ""incapacity"" is her own side's pleading, so I read it as advocacy, not fact. Do NOT merge with the McCalley-plantation Frances at row 110 without evidence."
Alice Jones,Battle,,"Black (""(colored)"" per summons)",F,"Verified against the pixels, Sept 22, 2026 — Summons, Edmond Battle v. Alice Jones Battle, No. 2726, Circuit Court in Equity, Madison County: ""For Alice Jones Battle, (colored)""; issued August 17, 1926 (F. S. Cabaniss, Register); executed August 25, 1926 (R. M. Gardiner, Sheriff, by Jas. F. Allison, D.S.); defendant of Huntsville, Ala.; Rec. Bk. 16 p. 96. Image ARK 3QS7-L9S6-D3NT. DB1 row 967.",The clerk put her race in parentheses right on the summons — that's how routine the marking was in 1926. It's also how I found her: the parenthetical is my finding aid now.
Lawrence C.,Burwell,,"Black (""(colored)"" per summons)",,"Verified against the pixels, Sept 22, 2026 — Summons, Eliza Jones v. Martha Ann Vaughn et als., No. 3047, Circuit Court in Equity, Madison County: ""For Lawrence C. Burwell, (colored), Birmingham, Ala., 1710-9th Alley""; issued November 26, 1927 (F. S. Cabaniss, Register); executed November 29, 1927 by the Jefferson County sheriff (J. C. Hartsfield, by B. Wiggins, D.S.); Rec. Bk. 19 p. 453. Image ARK 3QS7-89SV-V314. DB1 row 968.",A Black man in Birmingham pulled into a Madison County Jones suit — cross-county networks. I need to know what his interest in the case was.
Orange,,,,,"Lead — 1860 (death; hire was for the year preceding) — Jones v. Fort, 36 Alabama 449 (Ala. 1860), opinion by Judge R. W. Walker; read via Auburn University Archives Agricultural History Website transcription (https://www.lib.auburn.edu/archive/aghy/hire/jones36.htm); saved PDF in May 2026 folder (1bmo8oMB-n0ZZLtydRHDJFRAAk9U6OwMo.pdf)","Hired by Rachel M. Jones to her son-in-law Squire Lowry for one year to work his plantation sixteen miles from Marion, Alabama; loaned by Lowry's son John to Elias W. Fort and Gabriel H. Fort to assist in raising a gin house; struck by a falling timber and killed during the work. Enslaver: Rachel M. Jones (Dallas County, Alabama) — hired him to Squire Lowry; no link to the Madison County Joneses documented. [set census-vital]"
Willis,,,,M,"Lead — 1840 (death; letter Aug. 17, 1840) — J. N. S. Jones to his wife, White Sulphur Springs, Va., Aug. 17, 1840 (IMG_0910.JPG); Drive folder Avalon/7.14.26, read from local image","'Poor Willis' — J. N. S. Jones learned while traveling at White Sulphur Springs that Willis 'died of a fever'; the phrasing suggests a household dependent, likely enslaved, but the letter does not state his status. Enslaver: J. N. S. Jones (Limestone Co., AL) — inferred from the letter's household context; not stated. [set donnell]"
Billy,,,,,"Lead — 1840 (letter Aug. 17, 1840) — J. N. S. Jones to his wife, White Sulphur Springs, Va., Aug. 17, 1840 (IMG_0910.JPG); Drive folder Avalon/7.14.26, read from local image","Billy — sent on by J. N. S. Jones 'for the wagon' during the 1840 Virginia trip; role unclear (possibly enslaved, possibly hired man). Enslaver: J. N. S. Jones — context only; status unstated. [set donnell]"
Willis,Beasley,,,,"Verified — 1866 (contract, March 1866) — Freedmen's Bureau labor contracts, J. N. S. Jones with freedpeople, March 1866 (IMG_0923.JPG); Drive folder Avalon/7.14.26, read from local image","Beasley family group — eleven freedpeople contracting with J. N. S. Jones, March 1866 (Freedmen's Bureau labor contract). Enslaver: J. N. S. Jones (Limestone Co., AL) — post-emancipation contract employer; formerly enslaved status per the Freedmen's Bureau context. [set donnell]"
Jeff,Beasley,,,,"Verified — 1866 (contract, March 1866) — Freedmen's Bureau labor contracts, March 1866 (IMG_0923.JPG); Drive folder Avalon/7.14.26, read from local image","Beasley family group — eleven freedpeople contracting with J. N. S. Jones, March 1866 (Freedmen's Bureau labor contract). Enslaver: J. N. S. Jones (Limestone Co., AL) — post-emancipation contract employer. [set donnell]"
Robert,Beasley,,,,"Verified — 1866 (contract, March 1866) — Freedmen's Bureau labor contracts, March 1866 (IMG_0923.JPG); Drive folder Avalon/7.14.26, read from local image","Beasley family group — eleven freedpeople contracting with J. N. S. Jones, March 1866 (Freedmen's Bureau labor contract). Enslaver: J. N. S. Jones (Limestone Co., AL) — post-emancipation contract employer. [set donnell]"
Claiborn,Beasley,,,,"Verified — 1866 (contract, March 1866) — Freedmen's Bureau labor contracts, March 1866 (IMG_0923.JPG); Drive folder Avalon/7.14.26, read from local image","Beasley family group — eleven freedpeople contracting with J. N. S. Jones, March 1866 (Freedmen's Bureau labor contract). Enslaver: J. N. S. Jones (Limestone Co., AL) — post-emancipation contract employer. [set donnell]"
Seany,Beasley,,,,"Verified — 1866 (contract, March 1866) — Freedmen's Bureau labor contracts, March 1866 (IMG_0923.JPG); Drive folder Avalon/7.14.26, read from local image","Beasley family group — eleven freedpeople contracting with J. N. S. Jones, March 1866 (Freedmen's Bureau labor contract). Enslaver: J. N. S. Jones (Limestone Co., AL) — post-emancipation contract employer. [set donnell]"
Ann,Beasley,,,,"Verified — 1866 (contract, March 1866) — Freedmen's Bureau labor contracts, March 1866 (IMG_0923.JPG); Drive folder Avalon/7.14.26, read from local image","Beasley family group — eleven freedpeople contracting with J. N. S. Jones, March 1866 (Freedmen's Bureau labor contract). Enslaver: J. N. S. Jones (Limestone Co., AL) — post-emancipation contract employer. [set donnell]"
Lucy,Beasley,,,,"Verified — 1866 (contract, March 1866) — Freedmen's Bureau labor contracts, March 1866 (IMG_0923.JPG); Drive folder Avalon/7.14.26, read from local image","Beasley family group — eleven freedpeople contracting with J. N. S. Jones, March 1866 (Freedmen's Bureau labor contract). Enslaver: J. N. S. Jones (Limestone Co., AL) — post-emancipation contract employer. [set donnell]"
Minerva,Beasley,,,,"Verified — 1866 (contract, March 1866) — Freedmen's Bureau labor contracts, March 1866 (IMG_0923.JPG); Drive folder Avalon/7.14.26, read from local image","Beasley family group — eleven freedpeople contracting with J. N. S. Jones, March 1866 (Freedmen's Bureau labor contract). Enslaver: J. N. S. Jones (Limestone Co., AL) — post-emancipation contract employer. [set donnell]"
Caroline,Beasley,,,,"Verified — 1866 (contract, March 1866) — Freedmen's Bureau labor contracts, March 1866 (IMG_0923.JPG); Drive folder Avalon/7.14.26, read from local image","Beasley family group — eleven freedpeople contracting with J. N. S. Jones, March 1866 (Freedmen's Bureau labor contract). Enslaver: J. N. S. Jones (Limestone Co., AL) — post-emancipation contract employer. [set donnell]"
Elizabeth,Beasley,,,,"Verified — 1866 (contract, March 1866) — Freedmen's Bureau labor contracts, March 1866 (IMG_0923.JPG); Drive folder Avalon/7.14.26, read from local image","Beasley family group — eleven freedpeople contracting with J. N. S. Jones, March 1866 (Freedmen's Bureau labor contract). Enslaver: J. N. S. Jones (Limestone Co., AL) — post-emancipation contract employer. [set donnell]"
Rebecca,Beasley,,,,"Verified — 1866 (contract, March 1866) — Freedmen's Bureau labor contracts, March 1866 (IMG_0923.JPG); Drive folder Avalon/7.14.26, read from local image","Beasley family group — eleven freedpeople contracting with J. N. S. Jones, March 1866 (Freedmen's Bureau labor contract). Enslaver: J. N. S. Jones (Limestone Co., AL) — post-emancipation contract employer. [set donnell]"
Rebecca,Moore,,,,"Verified — 1866 (contract, March 1866) — Freedmen's Bureau labor contracts, March 1866 (IMG_0923.JPG); Drive folder Avalon/7.14.26, read from local image","Moore family group — seven freedpeople contracting with J. N. S. Jones, March 1866 (Freedmen's Bureau labor contract). Enslaver: J. N. S. Jones (Limestone Co., AL) — post-emancipation contract employer. [set donnell]"
Felix,Moore,,,,"Verified — 1866 (contract, March 1866) — Freedmen's Bureau labor contracts, March 1866 (IMG_0923.JPG); Drive folder Avalon/7.14.26, read from local image","Moore family group — seven freedpeople contracting with J. N. S. Jones, March 1866 (Freedmen's Bureau labor contract). Enslaver: J. N. S. Jones (Limestone Co., AL) — post-emancipation contract employer. [set donnell]"
Henry,Moore,,,,"Verified — 1866 (contract, March 1866) — Freedmen's Bureau labor contracts, March 1866 (IMG_0923.JPG); Drive folder Avalon/7.14.26, read from local image"
Jim,Moore,,,,"Verified — 1866 (contract, March 1866) — Freedmen's Bureau labor contracts, March 1866 (IMG_0923.JPG); Drive folder Avalon/7.14.26, read from local image","Moore family group — seven freedpeople contracting with J. N. S. Jones, March 1866 (Freedmen's Bureau labor contract). Enslaver: J. N. S. Jones (Limestone Co., AL) — post-emancipation contract employer. [set donnell]"
Ceustin,Moore,,,,"Verified — 1866 (contract, March 1866) — Freedmen's Bureau labor contracts, March 1866 (IMG_0923.JPG); Drive folder Avalon/7.14.26, read from local image","Moore family group — seven freedpeople contracting with J. N. S. Jones, March 1866 (Freedmen's Bureau labor contract). Enslaver: J. N. S. Jones (Limestone Co., AL) — post-emancipation contract employer. [set donnell]"
Bernal,Moore,,,,"Verified — 1866 (contract, March 1866) — Freedmen's Bureau labor contracts, March 1866 (IMG_0923.JPG); Drive folder Avalon/7.14.26, read from local image","Moore family group — seven freedpeople contracting with J. N. S. Jones, March 1866 (Freedmen's Bureau labor contract). Enslaver: J. N. S. Jones (Limestone Co., AL) — post-emancipation contract employer. [set donnell]"
Cherry,Humphrey,,,,"Verified — 1866 (contract, March 1866) — Freedmen's Bureau labor contracts, March 1866 (IMG_0923.JPG); Drive folder Avalon/7.14.26, read from local image","Contracting with J. N. S. Jones, March 1866 (Freedmen's Bureau labor contract). Enslaver: J. N. S. Jones (Limestone Co., AL) — post-emancipation contract employer. [set donnell]"
Philip,Williams,,,,"Verified — 1866 (contract, March 1866) — Freedmen's Bureau labor contracts, March 1866 (IMG_0923.JPG); Drive folder Avalon/7.14.26, read from local image","Contracting with J. N. S. Jones, March 1866 (Freedmen's Bureau labor contract). Enslaver: J. N. S. Jones (Limestone Co., AL) — post-emancipation contract employer. [set donnell]"
Miller,Featherston,,,M,"Verified — 1867 (record) — 1867 freedpeople's applicant records, Huntsville area (IMG_0919.JPG and related); Drive folder Avalon/7.14.26, read from local image"
James,Hall,,,M,"Verified — 1867 (record) — 1867 freedpeople's applicant records, Huntsville area (IMG_0919.JPG and related); Drive folder Avalon/7.14.26, read from local image"
Perry,B. Hooper,,,M,"Verified — 1867 (record) — 1867 freedpeople's applicant records, Huntsville area (IMG_0919.JPG and related); Drive folder Avalon/7.14.26, read from local image"
Lewis,Hall,,,M,"Verified — 1867 (record) — 1867 freedpeople's applicant records, Huntsville area (IMG_0919.JPG and related); Drive folder Avalon/7.14.26, read from local image"
James,Steele,,,,"Verified — 1867 (record) — 1867 freedpeople's applicant records, Huntsville area (IMG_0919.JPG and related); Drive folder Avalon/7.14.26, read from local image"
William,Henry Walker,,,M,"Verified — 1867 (record) — 1867 freedpeople's applicant records, Huntsville area (IMG_0919.JPG and related); Drive folder Avalon/7.14.26, read from local image"
Winnie,Parker,,,F,"Verified — 1867 (record) — 1867 freedpeople's applicant records, Huntsville area (IMG_0919.JPG and related); Drive folder Avalon/7.14.26, read from local image"
Henry,Williams,,,M,"Verified — 1867 (record) — 1867 freedpeople's applicant records, Huntsville area (IMG_0919.JPG and related); Drive folder Avalon/7.14.26, read from local image"
Edmund,Jones,,Black,M,"Verified — 1867 (record) — 1867 freedpeople's applicant records, Huntsville area (IMG_0919.JPG and related); Drive folder Avalon/7.14.26, read from local image"
Benjamin,Blackburn,,,M,"Verified — 1867 (record) — 1867 freedpeople's applicant records, Huntsville area (IMG_0919.JPG and related); Drive folder Avalon/7.14.26, read from local image"
Walter,Clemons,,,,"Verified — 1867 (record) — 1867 freedpeople's applicant records, Huntsville area (IMG_0919.JPG and related); Drive folder Avalon/7.14.26, read from local image"
Eliza,Dougan,,,F,"Verified — 1867 (record) — 1867 freedpeople's applicant records, Huntsville area (IMG_0919.JPG and related); Drive folder Avalon/7.14.26, read from local image"
Virginia,Mastin,,,F,"Verified — 1867 (record) — 1867 freedpeople's applicant records, Huntsville area (IMG_0919.JPG and related); Drive folder Avalon/7.14.26, read from local image"
John,Evans,,,M,"Verified — 1867 (record) — 1867 freedpeople's applicant records, Huntsville area (IMG_0919.JPG and related); Drive folder Avalon/7.14.26, read from local image"
Pleasant,Hatchett,,,,"Verified — 1872 (bank record) — Freedman's Savings Bank records, Huntsville, 1872 (IMG_0926.JPG and related); Drive folder Avalon/7.14.26, read from local image"
Jeremiah,Powell,,,,"Verified — 1872 (bank record) — Freedman's Savings Bank records, Huntsville, 1872 (IMG_0926.JPG and related); Drive folder Avalon/7.14.26, read from local image"
Caroline,Townsend,,,,"Verified — 1872 (bank record) — Freedman's Savings Bank records, Huntsville, 1872 (IMG_0926.JPG and related); Drive folder Avalon/7.14.26, read from local image"
Larkin,Easter,,,,"Verified — 1872 (bank record) — Freedman's Savings Bank records, Huntsville, 1872 (IMG_0926.JPG and related); Drive folder Avalon/7.14.26, read from local image"
Marshall,Rives,,,,"Verified — 1872 (bank record) — Freedman's Savings Bank records, Huntsville, 1872 (IMG_0926.JPG and related); Drive folder Avalon/7.14.26, read from local image"
Jordan,Jolley,,,,"Verified — 1872 (bank record) — Freedman's Savings Bank records, Huntsville, 1872 (IMG_0926.JPG and related); Drive folder Avalon/7.14.26, read from local image"
Archie,Moore,,,,"Verified — 1872 (bank record) — Freedman's Savings Bank records, Huntsville, 1872 (IMG_0926.JPG and related); Drive folder Avalon/7.14.26, read from local image"
Reuben,Jones,,,,"Verified — 1872 (bank record, Dec. 24) — Freedman's Savings Bank record No. 1406, Huntsville, Dec. 24, 1872 (IMG_0926.JPG); Drive folder Avalon/7.14.26, read from local image [2026-09-23: date corrected Dec 21→24 per firsthand FamilySearch read, image 187/228, ark 3:1:S3HT-6R7Q-LJW]"
Rubin,Jones,,,,"Verified — 1867 (registration) — 1867 voter registration, Huntsville area (IMG_0925.JPG); Drive folder Avalon/7.14.26, read from local image"
Nelson,Jones,,,,"Verified — 1867 (registration) — 1867 voter registration, Huntsville area (IMG_0925.JPG); Drive folder Avalon/7.14.26, read from local image"
Wesley,Jones,,,,"Verified — 1867 (registration) — 1867 voter registration, Huntsville area (IMG_0925.JPG); Drive folder Avalon/7.14.26, read from local image"
Sirius,Jones,b. ~1865,,,"Lead — 1870 (census) — 1870 census manuscript (IMG_0918/0927); Drive folder Avalon/7.14.26, read from local image"
Turner,Jones,b. ~1865,,,"Lead — 1870 (census) — 1870 census manuscript (IMG_0918/0927); Drive folder Avalon/7.14.26, read from local image"
Paul,Jones,b. ~1865,,,"Lead — 1870 (census) — 1870 census manuscript (IMG_0918/0927); Drive folder Avalon/7.14.26, read from local image"
Lee,Jones,b. ~1865,,,"Lead — 1870 (census) — 1870 census manuscript (IMG_0918/0927); Drive folder Avalon/7.14.26, read from local image"
LaFayette,Jones,,,,"Lead — 1900 (census) — 1900 census manuscript (IMG_0928); Drive folder Avalon/7.14.26, read from local image"
Haywood,Jones,,Black,,"Lead — 1900 (census) — 1900 census manuscript (IMG_0928); Drive folder Avalon/7.14.26, read from local image"
Haywood,Jones,,Black,,"Lead — 1870 (census) — 1870 census manuscript, Baldwin Co. (IMG_0918); Drive folder Avalon/7.14.26, read from local image"
Bill,Jones
Emory James,Jones
Emory E.,Jones
Thomas,Jones
Walter Lee,Jones
Howard,Jones,,,,"Lead — 1877 (store account) — 1877 store accounts, Ed M. Carney, Greenbrier (IMG_0899–0901.JPG); Drive folder Avalon/7.14.26, read from local image"
Jim,,,,,"Lead — 1877 (store account) — 1877 store accounts, Ed M. Carney, Greenbrier (IMG_0899–0901.JPG); Drive folder Avalon/7.14.26, read from local image"
Burrell,,,,,"Lead — 1877 (store account) — 1877 store accounts, Ed M. Carney, Greenbrier (IMG_0899–0901.JPG); Drive folder Avalon/7.14.26, read from local image"
Spots,,,,,"Lead — 1900 (census) — 1900 census manuscript (IMG_0928); Drive folder Avalon/7.14.26, read from local image"
Mina,,,,,"Lead — 1900 (census) — 1900 census manuscript (IMG_0928); Drive folder Avalon/7.14.26, read from local image"
Washington,,,,M,"Verified — 1838 (allotment); named in the Nov 4, 1848 bill — Friley Jones's bill, T1 (FamilySearch image group 005178548, image 21 of 981); verify-t1-p1.png / verify-t1-bottom3.png","Allotted to Evalina B. (Jones) Coyle's share of Arthur W. Jones's personal estate, Feb 27, 1838 — 'Washington, a man' (age blank in the original bill). Name visually verified at 200 dpi. Enslaver: Arthur W. Jones estate (Madison Co., AL); allotted to widow Evalina B. Jones, later Coyle. [set transcript]"
Henry,,,,M,"Verified — 1838 (allotment); named in the Nov 4, 1848 bill — T1, image group 005178548, image 21 of 981; verify-t1-bottom3.png","Allotted to Evalina B. Coyle's share — 'Henry, a man' (age blank in the original bill). Name visually verified at 200 dpi. Enslaver: Arthur W. Jones estate (Madison Co., AL); allotted to widow Evalina B. Jones, later Coyle. [set transcript]"
Clem,,,,F,"Verified — 1838 (allotment); named in the Nov 4, 1848 bill — T1, image group 005178548, image 21 of 981; verify-t1-bottom3.png","Allotted to Evalina B. Coyle's share — 'Clem, a woman' (age blank in the original bill). Earlier 'Elem' OCR reading corrected by sight. Name visually verified at 200 dpi. Enslaver: Arthur W. Jones estate (Madison Co., AL); allotted to widow Evalina B. Jones, later Coyle. [set transcript]"
Susan,,,,F,"Verified — 1838 (allotment); named in the Nov 4, 1848 bill — Friley Jones's bill, image group 005178548, image 22 of 981 (awj/T1.pdf); verify-t1-img22.png / verify-t1-img22-top.png","Fourth person allotted to Evalina B. Coyle's share — 'suran, a woman' (age blank in the original bill), on image 22 of the bill (the page hidden behind the T1 filename collision). The typed transcript reads 'suran'; Susan is the all-but-certain reading. Name visually verified at 200 dpi (2x crop). Enslaver: Arthur W. Jones estate (Madison Co., AL); allotted to widow Evalina B. Jones, later Coyle. [set transcript]"
Unnamed,,,,M
Cesar,,about 45,"Black (""negro"" per source)",M,"Verified — 1843 (purchase Mar 15; covenant May 25) — Bill of sale TS1hh0jl (image group 005178550, image 153 of 1234); verify-cesar-2.png; covenant T60","Bought by Elizabeth Jones from J. H. Roberts for $200, Mar 15, 1843 (Coffee Co., TN) — 'my negro man Cesar about Forty & four years of age... sound & healthy in body and mind (with the exception of a rupture) and a Slave for life.' Heads the May 25, 1843 covenant list as 'Cesar aged about 45 years.' Bill of sale visually verified. Enslaver: Elizabeth Jones (Coffee Co., TN -> Jackson Co., AL). [set transcript]"
Nancy,,,,F,Verified — 1824-1850s — Gift deed T66; covenant T60 (verify-t60-2.png); TS141544; TS141559; image group 005178550,"Matriarch of the Berry-case family: given to Elizabeth Berry as a ~19-year-old with infant Patsey by Sanford Berry's 1824 gift deed ('and their issue'); covenant lists her as 'Nancy 39' (May 25, 1843); pleadings name her children: Mary Ann, Jim, Pleasant, Henderson, John, Jesse, Sam, William (alias Doctor), Little Nancy, Eliza. Two sons sold within the Berry family (Pleasant to William Berry, Henderson to Samuel Berry). Enslaver: Elizabeth (Berry) Jones (Franklin Co., TN -> Coffee Co., TN -> Jackson Co., AL). [set transcript] Row 1252 is the Thomas-Jones-1821-will Nancy (Madison County biographies); this Berry-case Nancy (1824-1850s, Elizabeth Berry's family) is a different person."
Mary,Ann,age 15,,,"Verified — 1843 (covenant; age 15) — Covenant T60 (image group 005178550, image 94); verify-t60-2.png","'Mary Ann 15 years old' in the May 25, 1843 covenant; named as Nancy's child in TS141544. Enslaver: Elizabeth Jones. [set transcript]"
Jim,,14 years old,,M,Verified — 1843-1852 — Covenant T60; hire accounts T52/T54 (images 86-87); image group 005178550,"'Boy Jim 14 years old' in the 1843 covenant; Nancy's child; his hire credited in the accounts ('By hire of Jim & John to drive hogs [to] Tennessee'; 'Jim $110.00'). Enslaver: Elizabeth Jones (hire credited by Samuel G. Berry). [set transcript] Other Jim rows 1222 and 1228 are Bedford County, VA chancery Jims — different people; this 1843-covenant Berry-case Jim ('Boy Jim 14 years old') is kept separate."
John,,,,,Verified — 1843-1852 — Covenant T60; hire accounts T52/T54; image group 005178550,'Boy John Seven years old' in the 1843 covenant; Nancy's child; hired to Joseph Nance ($90 credit); drove hogs to Tennessee with Jim. Enslaver: Elizabeth Jones. [set transcript]
Jesse,,,,,Verified — 1843-1852 — Covenant T60; hire accounts T52/T54; image group 005178550,'Jesse five years old' in the 1843 covenant; Nancy's child; hired with Sam ('2 boys Jesse & Sam $100'). NOT merged with the Jesse of the 1840 conditional sale to John Bell. Enslaver: Elizabeth Jones. [set transcript]
Sam,,,,,Verified — 1843-1852 — Covenant T60; hire accounts T52/T54; image group 005178550,'Sam three years' in the 1843 covenant; Nancy's child; hired with Jesse ('2 boys Jesse & Sam $100'). Enslaver: Elizabeth Jones. [set transcript]
William,,age 1,,,Verified — 1843 (covenant; age 1); later births per TS141544 — Covenant T60; TS141544; image group 005178550,"'William one year old' in the 1843 covenant; Nancy's later child (possibly the 'William, alias Doctor' of TS141544 — kept as one entry with the alias noted, not split). Enslaver: Elizabeth Jones. [set transcript]"
Pleasant,,,,M,"Verified — 1842-1850s — TS141544; TS141559; TS010312 (Feb 23, 1842 letter); TS141550; image group 005178550 [2026-09-23 firsthand manuscript re-read confirms 'ples'/Pleasant reading]","Nancy's child per TS141544; sold to William Berry (per TS141559). Thomas Berry offered $3/month to hire him in Feb 1842 (actual 1842 hire: $2.50/month + clothing per TS141550). Enslaver: Elizabeth Jones; sold to William Berry. [set transcript] [2026-09-23 Track 3 confirmation: firsthand re-read of TS010312.pdf (FamilySearch IG 005178550, img 193 of 1234 — the same page as the 'Giles' misread at row 1717) shows the hired name as 'ples', the period abbreviation of Pleasant. This row's Feb 23, 1842 hire-offer attribution is correct as written.]"
Henderson,,,,,Verified — 1840s-1850s — TS141544; TS141559; injunction papers; image group 005178550,Nancy's child per TS141544; named in the injunction papers (TS005614/T97); sold to Samuel Berry (per TS141559). Enslaver: Elizabeth Jones; sold to Samuel Berry. [set transcript]
Little,Nancy,,,,Lead — 1850s (per pleadings) — TS141544; injunction papers TS005614/T97; image group 005178550
Eliza,,,,,Lead — 1850s (per pleadings) — TS141544; injunction papers TS005614/T97; image group 005178550
Patsey,,,"Black (""negro"" per source)",F,Lead — 1824 (infant) — Gift deed T66 (image group 005178550); visually verified
Jesse,,,,M,"Lead — 1840 (Dec 4) — T42 (image group 005178550, image 76 of 1234)"
Macon,,,,,"Verified — 1805-09-23 — Deed of gift, Lewellen Jones to Frances Ann Maria Jones, Sept. 23, 1805 (FCR Collection 4/B/1/12, Image 32), read at 200 dpi","Conveyed by Lewellen Jones to his daughter Frances Ann Maria Jones by deed of gift, Bedford County, Virginia, Sept. 23, 1805, along with eleven others; remainder to John N. Spotswood Jones and Alexander Pinckney Jones if Frances died without lawful issue reaching 21. Enslaver: Lewellen Jones (grantor); Frances Ann Maria Jones (grantee). [set camsess-61]"
Ben,,,,,"Verified — 1805-09-23 — Deed of gift, Sept. 23, 1805 (FCR 4/B/1/12, Image 32), 200 dpi","Same 1805 deed of gift, one of the twelve named. Enslaver: Lewellen Jones; Frances Ann Maria Jones. [set camsess-61]"
Mary,Ann,,,F,"Verified — 1805-09-23 — Deed of gift, Sept. 23, 1805 (FCR 4/B/1/12, Image 32), 200 dpi","Same 1805 deed of gift, one of the twelve named. Enslaver: Lewellen Jones; Frances Ann Maria Jones. [set camsess-61]"
Edeline,,,,F,"Verified — 1805-09-23 — Deed of gift, Sept. 23, 1805 (FCR 4/B/1/12, Image 32), 200 dpi","Same 1805 deed of gift, one of the twelve named. Enslaver: Lewellen Jones; Frances Ann Maria Jones. [set camsess-61]"
Philedia / Philedy,,,,F,"Verified — 1805-09-23 — Deed of gift, Sept. 23, 1805 (FCR 4/B/1/12, Image 32), 200 dpi","Same 1805 deed of gift, one of the twelve named. Deed copy reads 'Philedia'; archivist's name index reads 'Philedy' — both spellings kept. Enslaver: Lewellen Jones; Frances Ann Maria Jones. [set camsess-61]"
Judith,,,,F,"Verified — 1805-09-23 — Deed of gift, Sept. 23, 1805 (FCR 4/B/1/12, Image 32), 200 dpi","Same 1805 deed of gift, one of the twelve named. Enslaver: Lewellen Jones; Frances Ann Maria Jones. [set camsess-61]"
Meriah,,,,F,"Verified — 1805-09-23 — Deed of gift, Sept. 23, 1805 (FCR 4/B/1/12, Image 32), 200 dpi","Same 1805 deed of gift, one of the twelve named. Enslaver: Lewellen Jones; Frances Ann Maria Jones. [set camsess-61]"
Big,Will,,,M,"Verified — 1805-09-23 — Deed of gift, Sept. 23, 1805 (FCR 4/B/1/12, Image 32), 200 dpi","Same 1805 deed of gift, one of the twelve named; Sarah named as his wife. Enslaver: Lewellen Jones; Frances Ann Maria Jones. [set camsess-61]"
Sarah,,,,F,"Verified — 1805-09-23 — Deed of gift, Sept. 23, 1805 (FCR 4/B/1/12, Image 32), 200 dpi",Same 1805 deed of gift: 'Sarah his wife' — wife of Big Will. Enslaver: Lewellen Jones; Frances Ann Maria Jones. [set camsess-61]
Delphia,,,,F,"Verified — 1805-09-23 — Deed of gift, Sept. 23, 1805 (FCR 4/B/1/12, Image 32), 200 dpi","Same 1805 deed of gift, one of the twelve named. Enslaver: Lewellen Jones; Frances Ann Maria Jones. [set camsess-61]"
Anthony,,,,,"Verified — 1805-09-23 — Deed of gift, Sept. 23, 1805 (FCR 4/B/1/12, Image 32), 200 dpi","Same 1805 deed of gift, one of the twelve named. NOT merged with Anthony Jones (husband of Mary, d. 1865, Jones-Perkins cemetery) — same given name, different status and era. Enslaver: Lewellen Jones; Frances Ann Maria Jones. [set camsess-61]"
Polly,,,,F,"Verified — 1805-09-23 — Deed of gift, Sept. 23, 1805 (FCR 4/B/1/12, Image 32), 200 dpi","Same 1805 deed of gift, one of the twelve named. Enslaver: Lewellen Jones; Frances Ann Maria Jones. [set camsess-61]"
Lucy,Ann,,"Black (""colored"" per source)",F,"Lead — 1865 — Freedmen's Bureau 'Colored Census for the Year 1865,' Madison Co., AL, image 007636380_00064, read at 200 dpi","Freedmen's Bureau Colored Census, Madison County, 1865 (NARA 14, p. 26). Former owner Mrs Rice; remark 'Ran off'. Enslaver: Mrs Rice (former owner). [set camsess-61]"
George,James,,"Black (""colored"" per source)",M,"Lead — 1865 — Freedmen's Bureau 'Colored Census for the Year 1865,' Madison Co., AL, 200 dpi",1865 colored census. Former owner John James; occupation Grocery. FAN lead for the Jones cluster — not merged with any Jones identity. Enslaver: John James (former owner). [set camsess-61]
Toby,James,,"Black (""colored"" per source)",M,"Lead — 1865 — Freedmen's Bureau 'Colored Census for the Year 1865,' Madison Co., AL, 200 dpi",1865 colored census. Former owner John James; occupation Washing. FAN lead — not merged. Enslaver: John James (former owner). [set camsess-61]
Frances,James,,"Black (""colored"" per source)",F,"Lead — 1865 — Freedmen's Bureau 'Colored Census for the Year 1865,' Madison Co., AL, 200 dpi",1865 colored census. Former owner Mr Erskine; occupation Housekeeping. Enslaver: Mr Erskine (former owner). [set camsess-61]
Mary,James,,"Black (""colored"" per source)",F,"Lead — 1865 — Freedmen's Bureau 'Colored Census for the Year 1865,' Madison Co., AL, 200 dpi"
Becky,Miller,,"Black (""colored"" per source)",F,"Lead — 1865 — Freedmen's Bureau 'Colored Census for the Year 1865,' Madison Co., AL, 200 dpi",1865 colored census. Former owner Robin (manuscript reading uncertain); occupation Housekeeper; remark 'Very Sick'. Enslaver: Robin — reading uncertain (former owner). [set camsess-61]
Jas,Dixon,,"Black (""colored"" per source)",M,"Lead — 1865 — Freedmen's Bureau 'Colored Census for the Year 1865,' Madison Co., AL, 200 dpi",1865 colored census. Former owner A. Green; occupation Plasterer. Enslaver: A. Green (former owner). [set camsess-61]
Jeff,,,"Black (""colored"" per source)",M,"Lead — 1865 — Freedmen's Bureau 'Colored Census for the Year 1865,' Madison Co., AL, 200 dpi"
Sophy,Douglass,,"Black (""colored"" per source)",F,"Lead — 1865 — Freedmen's Bureau 'Colored Census for the Year 1865,' Madison Co., AL, 200 dpi",1865 colored census. Former owner S. S. Douglass; occupation Washing. Enslaver: S. S. Douglass (former owner). [set camsess-61]
Celia,Frances,,"Black (""colored"" per source)",F,"Lead — 1865 — Freedmen's Bureau 'Colored Census for the Year 1865,' Madison Co., AL, 200 dpi"
,Robertson,,"Black (""colored"" per source)",,"Lead — 1865 — Freedmen's Bureau 'Colored Census for the Year 1865,' Madison Co., AL, 200 dpi"
Margaret,Cock,,"Black (""colored"" per source)",F,"Lead — 1865 — Freedmen's Bureau 'Colored Census for the Year 1865,' Madison Co., AL, 200 dpi",1865 colored census. Former owner Gov. Clay; occupation Sewing. Enslaver: Gov. Clay (former owner). [set camsess-61]
Harrison,Cock,,"Black (""colored"" per source)",M,"Lead — 1865 — Freedmen's Bureau 'Colored Census for the Year 1865,' Madison Co., AL, 200 dpi",1865 colored census. Former owner Mr R. Cock; occupation Blacksmith. Enslaver: Mr R. Cock (former owner). [set camsess-61]
Jas,Cock,,"Black (""colored"" per source)",M,"Lead — 1865 — Freedmen's Bureau 'Colored Census for the Year 1865,' Madison Co., AL, 200 dpi","1865 colored census; details by ditto from Harrison Cock — uncertain. Enslaver: Mr R. Cock (former owner, by ditto). [set camsess-61]"
Alfred,Dixon,,"Black (""colored"" per source)",M,"Lead — 1865 — Freedmen's Bureau 'Colored Census for the Year 1865,' Madison Co., AL, 200 dpi",1865 colored census. Former owner Henry Miller; occupation Farmer. Enslaver: Henry Miller (former owner). [set camsess-61]
Eveline,Dixon,,"Black (""colored"" per source)",F,"Lead — 1865 — Freedmen's Bureau 'Colored Census for the Year 1865,' Madison Co., AL, 200 dpi",1865 colored census. Listed as Free; occupation Washing & Ironing. Enslaver: Free (no former owner stated). [set camsess-61]
Lewis,Dixon,,"Black (""colored"" per source)",M,"Lead — 1865 — Freedmen's Bureau 'Colored Census for the Year 1865,' Madison Co., AL, 200 dpi"
Caroline,Robertson,,"Black (""colored"" per source)",F,"Lead — 1865 — Freedmen's Bureau 'Colored Census for the Year 1865,' Madison Co., AL, 200 dpi",1865 colored census. Former owner Mrs Robertson; occupation Washing & Ironing. Enslaver: Mrs Robertson (former owner). [set camsess-61]
Dean,Robertson,,"Black (""colored"" per source)",M,"Lead — 1865 — Freedmen's Bureau 'Colored Census for the Year 1865,' Madison Co., AL, 200 dpi","1865 colored census; details by ditto — uncertain. Enslaver: Mrs Robertson (former owner, by ditto). [set camsess-61]"
Patience,Robertson,,"Black (""colored"" per source)",F,"Lead — 1865 — Freedmen's Bureau 'Colored Census for the Year 1865,' Madison Co., AL, 200 dpi","1865 colored census; details by ditto — uncertain. Enslaver: Mrs Robertson (former owner, by ditto). [set camsess-61]"
David,Robertson,,"Black (""colored"" per source)",M,"Lead — 1865 — Freedmen's Bureau 'Colored Census for the Year 1865,' Madison Co., AL, 200 dpi","1865 colored census; occupation School; details by ditto — uncertain. Enslaver: Mrs Robertson (former owner, by ditto). [set camsess-61]"
Lucy,,,"Black (""colored"" per source)",,"Lead — 1865 — Freedmen's Bureau 'Colored Census for the Year 1865,' Madison Co., AL, 200 dpi"
Pleasant,Martin,,"Black (""colored"" per source)",M,"Lead — 1865 — Freedmen's Bureau 'Colored Census for the Year 1865,' Madison Co., AL, 200 dpi",1865 colored census. Listed as Free; occupation Farming. Enslaver: Free (no former owner stated). [set camsess-61]
Robyna,Martin,,"Black (""colored"" per source)",,"Lead — 1865 — Freedmen's Bureau 'Colored Census for the Year 1865,' Madison Co., AL, 200 dpi",1865 colored census. Former owner Austin Lewis; occupation Washing. Enslaver: Austin Lewis (former owner). [set camsess-61]
Taby,Martin,,"Black (""colored"" per source)",,"Lead — 1865 — Freedmen's Bureau 'Colored Census for the Year 1865,' Madison Co., AL, 200 dpi"
Calvin,Martin,,"Black (""colored"" per source)",M,"Lead — 1865 — Freedmen's Bureau 'Colored Census for the Year 1865,' Madison Co., AL, 200 dpi",1865 colored census. Former owner Jack Love; occupation Carpenter. Enslaver: Jack Love (former owner). [set camsess-61]
Elvira,Martin,,"Black (""colored"" per source)",F,"Lead — 1865 — Freedmen's Bureau 'Colored Census for the Year 1865,' Madison Co., AL, 200 dpi"
Henry,Martin,,"Black (""colored"" per source)",M,"Lead — 1865 — Freedmen's Bureau 'Colored Census for the Year 1865,' Madison Co., AL, 200 dpi"
Jane,Martin,,"Black (""colored"" per source)",F,"Lead — 1865 — Freedmen's Bureau 'Colored Census for the Year 1865,' Madison Co., AL, 200 dpi"
Elizer,Martin,,"Black (""colored"" per source)",,"Lead — 1865 — Freedmen's Bureau 'Colored Census for the Year 1865,' Madison Co., AL, 200 dpi"
Sephi,Martin,,"Black (""colored"" per source)",,"Lead — 1865 — Freedmen's Bureau 'Colored Census for the Year 1865,' Madison Co., AL, 200 dpi"
Lou,Martin,,"Black (""colored"" per source)",,"Lead — 1865 — Freedmen's Bureau 'Colored Census for the Year 1865,' Madison Co., AL, 200 dpi"
Fatima,,,"Black (""colored"" per source)",F,"Lead — 1865 — Freedmen's Bureau 'Colored Census for the Year 1865,' Madison Co., AL, 200 dpi",1865 colored census. Former owner Mr Carmack's wife; occupation Farming. Enslaver: Mr Carmack's wife (former owner). [set camsess-61]
Rachel,,About 50 (born circa 1786),,Female,"Verified — bill of sale read at 200 dpi | Bill of sale, Oct 28, 1836 | Avalon/6:12:26/Bill of sale for a slave bought by Dr. Benjamin Rush Jones from Eliza Jones..pdf"
Elizabeth,,40 in 1820 (born circa 1780),,Female,"Lead — via scholarship; the act not yet read firsthand in this pass | Manumission act, Dec 11, 1820 | Hoksbergen & DeNeefe, Alabama Review 79.3 (July 2026); filed in Avalon/6:12:26 as 'Keeping Up with the Joneses AR page proofs.pdf'"
Evelina,,13 in 1820 (born circa 1807),,Female,"Lead — via scholarship; the act not yet read firsthand in this pass | Manumission act, Dec 11, 1820 | Hoksbergen & DeNeefe, Alabama Review 79.3 (July 2026)"
Ann,,6 in 1820 (born circa 1814),,Female,"Lead — via scholarship; the act not yet read firsthand in this pass | Manumission act, Dec 11, 1820 | Hoksbergen & DeNeefe, Alabama Review 79.3 (July 2026)"
Shandy,,"3 in 1820 (born circa 1817; Cobb timeline gives Dec 20, 1816)",,Male,"Lead — via scholarship; the act not yet read firsthand in this pass | Manumission act, Dec 11, 1820 | Hoksbergen & DeNeefe, Alabama Review 79.3 (July 2026); Cobb 2017 timeline"
Rachael,Jones,,,Female,"Verified — petition jacket and file read at 150-200 dpi | SCC petition, Jan 15, 1873 | Avalon/6.19.26/Rachael Jones.pdf (Fold3 file 683508; NARA M1407)"
David,Crow,About 45 (per the abstract),,Male,"Verified — the printed abstract read at 150-200 dpi | SCC file No. 18664 (abstract in Rachael Jones No. 18679) | Avalon/6.19.26/Rachael Jones.pdf (abstract of David Crow, Case No. 18664)"
CleiborneJones,,,,Male,"Verified — via Crow and Moore depositions read at 150-200 dpi, 2026-09-22 | David Crow deposition Aug 26, 1875; Edward Moore deposition | Avalon/6.19.26/Rachael Jones.pdf (NARA M1407, roll 23)","Enslaved man; husband of Rachael Jones; d. 1865 in U.S. service Enslaved by Willis Harris with Rachael; married Rachael ~1856 with enslaver's consent ('no license required, only consent of owner'); served in Co. K, 110th U.S. Colored Troops; d. 1865 in hospital at Nashville; father of Sarah, Senia, Thomas, Gable Location: Madison County, Ala. (Harris plantation); Nashville, Tenn. (death). Enslaver: Willis Harris (former enslaver). Family: Rachael Jones (wife). U.S. service: Co. K, 110th U.S. Colored Troops [DB1-SCC-02; DB4-SCC Rachael identity row; row_ref DB2-SCC-03; owed-work pass 2026-09-22] Name matches no live DB2 row; the 1836-bill-of-sale Rachel (row 1406) and the Turner-estate Rachel (row 1245) are different people — do not merge without direct evidence. [2026-09-23 TRACK 4 deeper-pass verification (row_ref DB2-SCC-03A): Crow and Moore testimony re-read at 150-200 dpi, 2026-09-22; no correction. Children with Rachael: Sarah, Senia, Thomas, Gable; brother-in-law David Crow. DB1-SCC-02A; DB4-SCC Rachael identity row (amended).]"
Edward,Moore,,,Male,"Verified — deposition read at 150-200 dpi, 2026-09-22 | Deposition in Rachael Jones SCC file No. 18679 | Avalon/6.19.26/Rachael Jones.pdf (NARA M1407, roll 23)"
Nancy,Jones,'Aged'; exact age not extracted in this pass,,Female,"Verified — summary, petition, certificates read at 150-200 dpi, 2026-09-22; full testimony not yet extracted | SCC petition; commissioners' summary and remarks | Avalon/6.19.26/Nancy Jones.pdf (NARA M1407, Claim No. 2753); M2062 approved copy Fold3 273535331","Freedwoman; formerly enslaved by 'one True,' Madison County; SCC claimant No. 2753 Enslaved by True; husband also enslaved and True's 'head man'; True allowed his people to own swine and cattle 'even before the war'; filed SCC claim No. 2753, Mar 13, 1874, for $582; $102 allowed (hogs $40, pork $20, cow $20, oxen $22); corn and mare disallowed Location: Madison County, Ala.; Huntsville (postwar residence). Enslaver: 'One True' (former enslaver; given name not extracted). Family: Unnamed husband (also enslaved; True's 'head man'). Witnesses: Marshall Jones, Zachariah Jones, John D. Hilliard [DB1-SCC-03; DB4-SCC Nancy identity row; row_ref DB2-SCC-05; owed-work pass 2026-09-22] Distinct from live Nancy rows 154 (b. VA), 207 (Coffee Co. Tenn.), 349 (Alexander P. Jones's Nancy, husband Marshall Jones), and 1252 (1821-will Nancy) — do not merge without direct evidence. [2026-09-22 SCC deeper-read CORRECTION (row_ref DB2-SCC-05A, supersedes the staged DB2-SCC-05): the commissioners' summary's 'one True' enslaver attribution is CONTRADICTED by three depositions — Nancy's enslaver was Alexander (Alex P.) Jones, Madison County (old-bachelor planter, ~5,000 acres, d. 1865); age about 45 or 50 (her 1876 deposition); husband is named: Marshall Jones, head man/foreman on Alex Jones's plantation. Son Zachariah Jones (witness); business agent Spotswood Perkins; plantation ~4 miles west of Huntsville on the pike 'right under the mountain'; postwar residence ~4 miles south of Huntsville on the Athens road. Depositions: Nancy Jones (Feb 18 & Jul 8, 1876), Marshall Jones (certified Feb 18, 1876, James H. Done, Special Commissioner; examined Jul 13, 1876), Zachariah Jones, John A. Hilliard. Verified — petition, itemized account, Nancy's deposition, and certificates read at 150-200 dpi, 2026-09-22; deeper read CORRECTS enslaver, husband's name, ages, and commissioner.]"
Unnamed,,,,Male,"Verified as described in the summary, 2026-09-22; name and full testimony still to extract | Commissioners' summary in Nancy Jones SCC file No. 2753 | Avalon/6.19.26/Nancy Jones.pdf (NARA M1407, Claim No. 2753)"
Cohoke,(surname not recorded; bequeathed to Frances Jones),,,,"Bequeathed to Frances Jones: ""Nanny [and] Cohoke, Jemmy, Gabril, Poll, Johnny, Dinah, Kate & her Girl Jenney."" Orlando Jones will, June 4, 1719 (Colonial Williamsburg transcription, Kocher & Dearstyne, Orlando Jones House Historical Report)."
Will,"Kanadey (recorded as ""my Serv Will Kanadey"")",,,,"Listed in the bequest to Lane Jones: ""...Old Jack at Cohoke my Serv Will Kanadey."" Orlando Jones will, June 4, 1719 (Colonial Williamsburg transcription, Kocher & Dearstyne)."
Macon,Jones(?),,Black,Male,"Deed of gift, Lewellen Jones to Frances Ann Maria Jones, Sept 23, 1805, Bedford Co., VA (typescript, UAH Roberts Collection; Avalon/6:17:26/1.pdf, p. 22). Conveyed with ""their increase."" Witnesses Charles D. Jones, Nelson Anderson.","""Macon is Frances's brother; Mary Anderson Jones is Frances's mother"" (margin note on the transcript — this refers to Macon Jones, the free family member, NOT the enslaved man; do not merge identities)."
Ben,,,Black,Male,Same deed of gift as above.,None.
Mary Ann,,,Black,Female,Same deed of gift as above.,None.
Edeline,,,Black,Female,Same deed of gift as above.,Coordinator's binding reading; other transcript copies vary (Adeline) — do not create variant rows.
Phileday,,,Black,Female,Same deed of gift as above.,Coordinator's binding reading; other transcript copies vary (Philaday) — do not create variant rows.
Judith,,,Black,Female,Same deed of gift as above.,None.
Meriah,,,Black,Female,Same deed of gift as above.
Big Will,,,Black,Male,Same deed of gift as above.,"""Big Will"" and ""Sarah his wife"" listed as a couple."
Sarah,,,Black,Female,Same deed of gift as above.,"Listed as ""Sarah his wife"" (wife of Big Will)."
Delphia,,,Black,Female,Same deed of gift as above.,None.
Anthony,,,Black,Male,Same deed of gift as above.,None.
Polly,,,Black,Female,Same deed of gift as above.,Other transcript copies vary (Rolly/Jolly) — do not create variant rows; final reading visually ambiguous per the taxonomy report.
Luke,,about 22 in 1821,Black,Male,"1821 deed of trust, Peter Blow to John N. S. Jones, Madison Co. Deed Book G, pp. 163–165, securing a $2,000 note with the NW 1/4 Sec 29, T3N R1W (now Oakwood College) and eight enslaved people, quoted verbatim in Norman M. Shapiro, ""A Man Named Sam, A Boy Named Dred,"" Valley Leaves, March 1989, pp. 143–146 (Avalon/6:17:26/1.pdf, pp. 43–47). John N. S. Jones held the security interest as creditor, NOT ownership; the people were Peter Blow's.",None.
Will,,about 21 in 1821,Black,Male,Same deed of trust as above.,None.
Sam,Scott(?),about 20 in 1821 (b. ~1801 per article),Black,Male,Same deed of trust as above.
Dred,Scott(?),a boy about 16 in 1821 (b. ~1805 per article),Black,Male,Same deed of trust as above.,Same identity caveat as Sam. No trace of Dred after 1821.
Isaac,,about 13 in 1821,Black,Male,Same deed of trust as above.,No trace after 1821.
Phillis,,about 17 in 1821,Black,Female,Same deed of trust as above.,No trace after 1821.
Hannah,,about 45 in 1821,Black,Female,Same deed of trust as above.,None.
Solomon,,about 60 in 1821,Black,Male,Same deed of trust as above.,None.
Columbus,Jones,40,Black (light brown),Male,"Freedmen's Savings & Trust Co., Huntsville branch, account dated Oct 2, 1867 (NARA M816 Roll 1; Avalon/6.26.26/6The Freedmen's Bank Records...pdf). Born Madison County 3 mi NW of Huntsville; lived Tuscaloosa ~12 years; residence end of Athens Pike 3 mi NW of Huntsville; blacksmith; father Turner Moore; mother Eliza Jones.","Wife transcribed ""Tomietta""; children Elizabeth (16), Fanny (14), [name illegible] (8), John Wesley (18); brothers Reuben and Turner ""at same place."" Page verified at 200 dpi 2026-09-22. [2026-09-23: children corrected per firsthand FamilySearch read (image 16/228, ark 3:1:S3HT-6R7Q-L3V); the earlier ""Elizabeth, Nancy, Paul, John Wesley (John Wesley in Ohio)"" reading is superseded — preserved verbatim in this note.]"
Lucious,Jones,,Black,Male,"Freedmen's Savings & Trust Co., Huntsville branch, account dated June 12, 1868 (NARA M816 Roll 1; Avalon/6.26.26/8The Freedmen's Bank Records...pdf). Born Madison County; father Rolley Jones; Gilley Jones named.","Siblings William, John Henry, Daniel B. Washington, Lucy, all in Madison County. Same sibling set as William Jones (Nov 27, 1869); treat Lucious/Lucian as one person within this cluster. Do NOT merge with the Sumter County Lucian Jones of the 1866 murders list."
William,Jones,24,Black,Male,"Freedmen's Savings & Trust Co., Huntsville branch, account dated Nov 27, 1869 (NARA M816 Roll 1; Avalon/6.26.26/9The Freedmen's Bank Records...pdf). Born Huntsville; residence/plantation ""Jack Eslinger""; farmer; father Rolley; mother Gilly.","Brothers Lucian, John, David, Washington; sister Lucy. Body text verified at 200 dpi 2026-09-22."
Lenzy,Jones,13,Black (yellow),Male,"Freedmen's Savings & Trust Co., Huntsville branch, account dated Aug 23, 1869 (NARA M816 Roll 1; Avalon/6.26.26/4, the extensionless huntsville12.htm print). Born Georgia; father Nathan; mother Sabe; waiter in Huntsville.","Brother Columbus; sister Louisa Jones. Do NOT merge this Columbus with the blacksmith Columbus Jones (Block 1, row 1). Page verified at 200 dpi 2026-09-22."
Joseph,Jones,,Black,Male,"Freedmen's Savings & Trust Co., Huntsville branch, account dated Dec 7, 1867 (NARA M816 Roll 1). Born Huntsville; father Thomas Spragan; mother Tempy.","Wife Nellie Jones; children Jerry, King, Mary; brother Anthony last heard from in Mississippi. Triaged 2026-09-22; pixel verification deferred."
Woodson,Jones,22,Black,Male,"Freedmen's Savings & Trust Co., Huntsville branch, account dated Dec 24, 1867 (NARA M816 Roll 1). Born Triana; father David; mother Mahala.",Mother and named relatives in Huntsville. Triaged 2026-09-22; pixel verification deferred.
Hanah,Jones,,Black,Female,"Freedmen's Savings & Trust Co., Huntsville branch, account dated June 8, 1868 (NARA M816 Roll 1). Born Virginia; mother Alee."
Hampton,Jones,,Black,Male,"Freedmen's Savings & Trust Co., Huntsville branch, account dated Apr 16, 1868 (NARA M816 Roll 1). North Carolina-born farmer and preacher on the McDanel plantation.",Wife Maria Louisia Jones; named children and stepson Jim Hunley. Triaged 2026-09-22; pixel verification deferred.
Levert,Jones,27,Black,Male,"Freedmen's Savings & Trust Co., Huntsville branch, account dated Nov 12, 1868 (NARA M816 Roll 1). Plantation/residence Alex Jones; parents Gordon and Malinda.","Wife Sarah Jones; siblings William, Lizia, Jane, Dafney, Susan. Triaged 2026-09-22; pixel verification deferred."
Hartwell,Jones,14 (1869); 16 (1870),Black,Male,"Freedmen's Savings & Trust Co., Huntsville branch, accounts dated Feb 17, 1869 and Mar 11, 1870 (NARA M816 Roll 1) — likely a repeat account. Courtland-born; parents Frank and Kathers/Casham.",Siblings Ben and Liddy/Lydia. Triaged 2026-09-22; pixel verification deferred.
John W.,Jones,42,Black,Male,"Freedmen's Savings & Trust Co., Huntsville branch, account dated Mar 15, 1869 (NARA M816 Roll 1). Born Green Bottom Inn, Madison County; parents Abner and Kitty.",Deceased wife Sophronia; children Joe and Jesee; siblings Jim and Mary. Triaged 2026-09-22; pixel verification deferred.
Kity,Jones,75,Black,Female,"Freedmen's Savings & Trust Co., Huntsville branch, account dated Sept 6, 1869 (NARA M816 Roll 1). Born Virginia; mother Roney; widowed; Huntsville midwife.","Children Wesly, James, Mary. Triaged 2026-09-22; pixel verification deferred."
Woody,Jones,,,,"Freedmen's Savings & Trust Co., Huntsville branch, account dated Mar 30, 1870 (NARA M816 Roll 1).",Account heading present; fields blank. Triaged 2026-09-22.
Julia,Jones,48,Black,Female,"""Colored Census for the Year 1866,"" Madison County, AL, pp. 14–15 (Avalon/6.26.26/Albert Freedmen's Bureau.pdf). Born Alabama.",None.
William,Jones,21,Black,Male,"Same 1866 census, pp. 14–15. Born Alabama.",Do not merge with other William Joneses without direct evidence.
Amanda,Jones,18,Black,Female,"Same 1866 census, pp. 14–15. Born Alabama.",None.
Albert,Jones,41,Black,Male,"Same 1866 census, pp. 14–15. Born Alabama.",Do NOT merge with the former owner Albert Jones named on the same pages without direct evidence.
Jane,McDonald,50,Black,Female,"Same 1866 census, pp. 14–15. Born Alabama; formerly owned by Albert Jones.",None.
John,McDonald,22,Black,Male,"Same 1866 census, pp. 14–15. Born Alabama; formerly owned by ""Phillipps Jones.""",None.
Virginia,McDonald,16,Black,Female,"Same 1866 census, pp. 14–15. Born Alabama; formerly owned by Arch. McDonald.",None.
Elvira,McDonald,14,Black,Female,"Same 1866 census, pp. 14–15. Born Alabama; formerly owned by Arch. McDonald.",None.
Ellen,McDonald,20,Black,Female,"Same 1866 census, pp. 14–15. Born Alabama; formerly owned by ""Phillippe Jones."""
Mary,Bibb,17,Black,Female,"Same 1866 census, pp. 14–15. Born Alabama; formerly owned by Thomas Bibb.",None.
Joanna,Jones,,Black,Female,"""Colored Census for the Year 1866,"" Madison County, AL, pp. 96–97 (Avalon/6.26.26/James Jones Freedmen's Bureau.pdf). Born Alabama; former owner per ditto chain: Crawford.",Household cluster head; ditto-chain reading provisional.
Tempy,Jones,very old,Black,Female,"Same 1866 census, pp. 96–97. Former owner per ditto chain: Crawford.",Ditto-chain reading provisional.
Davy,Jones,,Black,,"Same 1866 census, pp. 96–97. Former owner per ditto chain: Crawford.",Ditto-chain reading provisional.
Jerry,Jones,,Black,,"Same 1866 census, pp. 96–97. Former owner per ditto chain: Crawford.",Ditto-chain reading provisional.
Lydia,Jones,,Black,,"Same 1866 census, pp. 96–97. Former owner per ditto chain: Crawford.",Ditto-chain reading provisional.
Benjamin,Jones,,Black,,"Same 1866 census, pp. 96–97. Former owner per ditto chain: Crawford.",Ditto-chain reading provisional.
William,Jones,,Black,,"Same 1866 census, pp. 96–97. Former owner per ditto chain: Crawford.",Do not merge with other William Joneses; ditto-chain reading provisional.
Caroline,Jones,,Black,,"Same 1866 census, pp. 96–97. Former owner per ditto chain: Hawk.",Ditto-chain reading provisional.
Jeremiah,Jones,,Black,,"Same 1866 census, pp. 96–97. Former owner per ditto chain: Hawk.",Ditto-chain reading provisional.
James,Jones,,Black,,"Same 1866 census, pp. 96–97. Former owner per ditto chain: Hawk.",Ditto-chain reading provisional.
Cato,Jones,,Black,,"Same 1866 census, pp. 96–97. Former owner per ditto chain: J Harris.",Ditto-chain reading provisional.
Lucinda,Jones,,Black,,"Same 1866 census, pp. 96–97. Former owner per ditto chain: R Crutcher.",Ditto-chain reading provisional.
Fanny,Jones,,Black,,"Same 1866 census, pp. 96–97. Former owner per ditto chain: R Crutcher.",Ditto-chain reading provisional.
Priscilla,Jones,,Black,,"Same 1866 census, pp. 96–97. Former owner per ditto chain: R Crutcher.",Ditto-chain reading provisional.
Thomas,Jones,,Black,,"Same 1866 census, pp. 96–97. Former owner per ditto chain: R Crutcher.",Ditto-chain reading provisional.
Henderson,Brandon,,Black,Male,"""Colored Census"" 1865, Madison County, AL, pp. 118–119 (Avalon/6.26.26/Mary Brandon Freedmen's Bureau.pdf). Born Alabama; former owner Brandon.",None.
Katy,Brandon,,Black,Female,"Same 1865 census, pp. 118–119. Born Alabama; former owner Brandon.",None.
Mary,Brandon,,Black,Female,"Same 1865 census, pp. 118–119. Born Alabama; former owner Brandon.","Not shown to be the same woman as Mary (Brandon) Jones, wife of Leroy Jones — do not merge."
Robert,Brandon,,Black,Male,"Same 1865 census, pp. 118–119. Born Alabama; former owner Brandon.",None.
Ellen,Brandon,,Black,Female,"Same 1865 census, pp. 118–119. Born Alabama; former owner Brandon.",None.
Lorry,Brandon,,Black,,"Same 1865 census, pp. 118–119. Born Alabama; former owner Brandon.",None.
Henril,Brandon,,Black,,"Same 1865 census, pp. 118–119. Born Alabama; former owner Brandon.",None.
Bob,Foreman,,Black,Male,"Murders/outrages list: cut by a man named Ballard at Union Springs, Bullock County, on Jan 4 (1866).",Victim; perpetrator Ballard.
Alfred,,,Black,Male,Murders/outrages list: killed in Sumter County on Jan 2 (1866).,Victim; perpetrator not named in the entry as read.
Richard,,,Black,Male,"Murders/outrages list: killed in Russell County near Columbus, Georgia, on Feb 14 (1866).",Victim.
Peter,Golston,,Black,Male,Murders/outrages list: assaulted by R. S. Lee on Dec 18 (1866).,Victim; perpetrator R. S. Lee.
Morris,Golston,,Black,Male,Murders/outrages list: shot by Wm. Lee on Dec 10 (1866).,Victim; perpetrator Wm. Lee.
James,,,Black,Male,Murders/outrages list: freedman whose wife and daughter were beaten by Judge Bragg and son.,Victim's family; perpetrators Judge Bragg and son.
George,,,Black,Male,Murders/outrages list: colored man whose wife was beaten by Kell Forrest.,Victim's family; perpetrator Kell Forrest.
Eve,,,Black,Female,Murders/outrages list: freedwoman beaten by Mrs. Prus (children also beaten).,Victim; perpetrator Mrs. Prus.
Nancy,,,Black,Female,Murders/outrages list: freedwoman badly beaten by Henry Calloway.,Victim; perpetrator Henry Calloway.
Frank,,,Black,Male,Murders/outrages list: beaten and shot at by J. Howard and nephew.,Victim; perpetrators J. Howard and nephew.
Jim,Sneethen,,Black,Male,Murders/outrages list: attacked with an axe by Jno. Black.,Victim; perpetrator Jno. Black.
Unnamed,husband of Louisa,,Black,Male,Murders/outrages list: Louisa's husband murdered by an unknown white man.,Victim unnamed; Louisa named as his wife.
Elizabeth,Adams,,Black,Female,Murders/outrages list: threatened by Frank Pinkston (with her sister).,Victim; perpetrator Frank Pinkston.
Hannah,Jones,,Black,Female,"WPA Slave Narratives, Vol. I, Alabama: Aunt Hannah Jones, Greensboro (Avalon/6.26.26/service-mss-mesn-mesn-010-mesn-010.pdf, PDF p. 244). Born Bunker Hill, Amelia County, VA; parents Simon and Rhoda Johnson; enslavers Alfred Wood and ""Miss Tabby"" Wood; sold at 16 in Richmond to ""Jedge Moore of Alabammy"" for $1,200.",Section located; full read + 200-dpi verification still required.
Adeline,,,Black,Female,"WPA Slave Narratives, Vol. I, Alabama: Aunt Adeline, Mobile (PDF p. 187). First enslaver ""a man named Jones, a colonel""; plantation in Bolivar County, MS; sold at Demopolis to Collins of Shubuta.",Surname not established; section located; full read + 200-dpi verification still required.
Reuben,Fitzpatrick,,Black,Male,"WPA Slave Narratives, Vol. I, Alabama: Reuben Fitzpatrick (PDF p. 128). Named Wash Jones as first enslaver; Ben Jones bought him and his mother.",Narrator header unconfirmed; full read + 200-dpi verification still required.
Amy,Chapman,,Black,Female,"WPA Slave Narratives, Vol. I, Alabama: Amy Chapman (PDF pp. 64–65). Gov. Reuben Chapman place; Huntsville; baptism in Jones Creek.",Full read + 200-dpi verification still required.
Abraham,Jones,,Black,Male,"WPA Slave Narratives, Vol. I, Alabama: Abraham Jones, Village Springs (PDF p. 239). Born Aug 1, 1825, Russell County, AL.",Interview-vs-caption question open; full read + 200-dpi verification still required.
William Henry,Towns,,Black,Male,"WPA Slave Narratives, Vol. I, Alabama: William Henry Towns, Tuscumbia (PDF p. 391). Born Dec 7, 1854, Tuscumbia; father Joe Towns came from Huntsville; mother married Frank Jones after slavery.","Mother's post-slavery marriage produced Jones-surnamed children (Charlie, Kate, Lula, Bob, Betty); full read + 200-dpi verification still required."
Albert,Jones,,Black,Male,"WPA Slave Narratives, Vol. XVII, Virginia: Albert Jones, Portsmouth, VA (Avalon/6.26.26/service-mss-mesn-mesn-170-mesn-170.pdf, PDF p. 46).","Do NOT merge with the Madison County freedman Albert Jones (Block 2, row 17) or the former owner Albert Jones without direct evidence. Full read + 200-dpi verification still required."
Charlie,Aarons,,Black,Male,"WPA Slave Narratives, Vol. I, Alabama: Charlie Aarons. Referenced a speculator named Jones at the Mobile slave mart.",Single mention; full section read + 200-dpi verification still required.
Jency,,60,Black,Female,"1880 U.S. Census, Madison County, AL, HH 106/106 (Avalon/6.26.26/Arabella 1880 census.pdf). Cook (servant) in the N. D. Humphrey household; born Alabama.",No Jones connection established; filed as context.
Lewis,,,Black,Male,"Bill of sale, Richmond, Virginia, June 2, 1831. ""Received of Mr. J. W. Jones Three Hundred & Twenty Dollars, being in full for the purchase of a Negro slave named Lewis... the right and title of said slave I warrant and defend against the claims of all persons whatsoever, and likewise warrant him sound and healthy. As Witness my Hand and Seal, ... Boyd Parke (SEAL)."""
Unnamed,"1831 Richmond bill of sale ($325, J-52)",,Black,,"Bill of sale, Richmond, Virginia, June 2, 1831, same seller (Boyd Parke) and purchaser (Mr. J. W. Jones) as the Lewis bill on the same page; $325 (J-52). Handwritten name in the blank illegible at 200 dpi."
Unnamed,1831 Richmond bill of sale ($300),,Black,,"Bill of sale, Richmond, Virginia, June 2, 1831, same seller (Boyd Parke) and purchaser (Mr. J. W. Jones) as the Lewis bill on the same page; $300. Handwritten name in the blank illegible at 200 dpi."
Unnamed,1831 Richmond bill of sale ($385),,Black,,"Bill of sale, Richmond, Virginia, June 2, 1831, same seller (Boyd Parke) and purchaser (Mr. J. W. Jones) as the Lewis bill on the same page; $385. Handwritten name in the blank illegible at 200 dpi."
Caroline,C. (Teague),,,,"Verified — 1865 (labor agreement, Aug 3, 1865) — Freedmen's Bureau agreement between B. G. Teague and 'Caroline C his former Slave,' Calhoun County; witnessed by A. C. Jones; Caroline signed with her mark. Read from the manuscript image 2026-09-22."
Virginia,,,,,"Edward Starkey Jones's 1858 will (as reported in her June 21, 2026 lit-review draft, citing 'Jones, 1858'); will not read firsthand. Draft-level claim; will not read firsthand","Enslaved woman named in Edward Starkey Jones's 1858 will as one of five individuals he intended to manumit and compensate Enslavement narrative: Named in the 1858 will among Virginia, Lewis, Lettuce, Mary, and Eliza — the five the will intended to manumit and compensate; the will otherwise bequeathed enslaved people to minor grandchildren and across multi-state networks Former enslaver: Edward Starkey Jones (intended manumitter) File: deepread-docx-notes.json (staged deep-read of Research Catalogs 11-12, lit-review drafts, emails, Floyd p.64); originals not read firsthand in this pass DB cross-refs: DB1-1212; DB4-504 [deferred-folders pass 2026-09-23]"
Lettuce,,,,,"Edward Starkey Jones's 1858 will (as reported in her June 21, 2026 lit-review draft, citing 'Jones, 1858'); will not read firsthand. Draft-level claim; will not read firsthand","Enslaved person named in Edward Starkey Jones's 1858 will as one of five intended for manumission and compensation Enslavement narrative: Named in the 1858 will among the five intended for manumission and compensation Former enslaver: Edward Starkey Jones (intended manumitter) File: deepread-docx-notes.json (staged deep-read of Research Catalogs 11-12, lit-review drafts, emails, Floyd p.64); originals not read firsthand in this pass DB cross-refs: DB1-1212; DB4-504 [deferred-folders pass 2026-09-23]"
Rury,Fair,,White,,"1877 SCC filing for minor grandchildren Rury Fair and Sally Ann Jones (as reported in the draft, citing 'Jones, 1877'); file not read firsthand. Draft-level claim; SCC file not read firsthand; white Jones line — staged for FAN mapping, not as an enslaved-person record","Minor grandchild of Edward Starkey Jones; legal owner (with Sally Ann Jones) of enslaved people per the 1877 SCC filing Enslavement narrative: The 1877 SCC filing for the minor grandchildren Rury Fair and Sally Ann Jones reveals they were the legal owners of individuals such as Solomon Jones Relations: Grandchild of Edward Starkey Jones; co-owner with Sally Ann Jones File: deepread-docx-notes.json (staged deep-read of Research Catalogs 11-12, lit-review drafts, emails, Floyd p.64); originals not read firsthand in this pass DB cross-refs: DB1-1212; DB4-504 [deferred-folders pass 2026-09-23]"
Sally,Ann Jones,,White,,"1877 SCC filing for minor grandchildren Rury Fair and Sally Ann Jones (as reported in the draft, citing 'Jones, 1877'); file not read firsthand. Draft-level claim; SCC file not read firsthand; white Jones line — staged for FAN mapping, not as an enslaved-person record","Minor grandchild of Edward Starkey Jones; legal owner (with Rury Fair) of enslaved people per the 1877 SCC filing Enslavement narrative: The 1877 SCC filing for the minor grandchildren Rury Fair and Sally Ann Jones reveals they were the legal owners of individuals such as Solomon Jones Relations: Grandchild of Edward Starkey Jones; co-owner with Rury Fair File: deepread-docx-notes.json (staged deep-read of Research Catalogs 11-12, lit-review drafts, emails, Floyd p.64); originals not read firsthand in this pass DB cross-refs: DB1-1212; DB4-504 [deferred-folders pass 2026-09-23]"
Solomon,Jones,,,,"1877 SCC filing for minor grandchildren Rury Fair and Sally Ann Jones (as reported in the draft, citing 'Jones, 1877'); file not read firsthand. Draft-level claim; SCC file not read firsthand","Enslaved man who later testified about the seizure of property from the Jones place; legally owned by the minor grandchildren Rury Fair and Sally Ann Jones per the 1877 SCC filing Enslavement narrative: Testified about the seizure of property from the Jones place; remained on the Jones Place near Slema after the war (draft) Former enslaver: Rury Fair and Sally Ann Jones (legal owners, 1877 filing) Location: Jones Place near Slema (draft) File: deepread-docx-notes.json (staged deep-read of Research Catalogs 11-12, lit-review drafts, emails, Floyd p.64); originals not read firsthand in this pass DB cross-refs: DB1-1212; DB4-504 [deferred-folders pass 2026-09-23]"
Bob,,13,,,"'Jones, 1856' as cited in her June 21, 2026 lit-review draft; bill of sale not read firsthand. Draft-level claim; bill of sale not read firsthand","Thirteen-year-old boy sold by 1853 bill of sale on multi-year credit totaling $765 to settle the Royal estate Enslavement narrative: 1853 Bill of Sale for 'Boy Bob': treated as a long-term financial instrument, sold on multi-year credit and interest systems totaling $765 to settle the Royal estate Former enslaver: Royal estate (seller context) File: deepread-docx-notes.json (staged deep-read of Research Catalogs 11-12, lit-review drafts, emails, Floyd p.64); originals not read firsthand in this pass DB cross-refs: DB1-1215 [deferred-folders pass 2026-09-23]"
Caroline,,,,,"1814 Edgefield County, SC will (Matthews and Jones families), as reported in my lit-review draft citing 'University of Alabama in Huntsville, N.d.'; will not read firsthand. Draft-level claim; will not read firsthand"
Elline,,,,,"1814 Edgefield County, SC will (Matthews and Jones families), as reported in my lit-review draft citing 'University of Alabama in Huntsville, N.d.'; will not read firsthand. Draft-level claim; will not read firsthand"
Grace,,,,,"1814 Edgefield County, SC will (Matthews and Jones families), as reported in my lit-review draft citing 'University of Alabama in Huntsville, N.d.'; will not read firsthand. Draft-level claim; will not read firsthand"
Hanner,,,,,"1814 Edgefield County, SC will (Matthews and Jones families), as reported in my lit-review draft citing 'University of Alabama in Huntsville, N.d.'; will not read firsthand. Draft-level claim; will not read firsthand"
Silvey,,,,,"1814 Edgefield County, SC will (Matthews and Jones families), as reported in my lit-review draft citing 'University of Alabama in Huntsville, N.d.'; will not read firsthand. Draft-level claim; will not read firsthand"
Sindy,,,,,"1814 Edgefield County, SC will (Matthews and Jones families), as reported in my lit-review draft citing 'University of Alabama in Huntsville, N.d.'; will not read firsthand. Draft-level claim; will not read firsthand"
Nell,,,,,"James Overton (1814) inventory, as reported in my lit-review draft citing 'Wikipedia, 2026' — treat as a lead to the manuscript, not a source; inventory not read firsthand. Draft-level claim via tertiary citation; inventory not read firsthand"
Fanny,,,,,"James Overton (1814) inventory, as reported in my lit-review draft citing 'Wikipedia, 2026' — treat as a lead to the manuscript, not a source; inventory not read firsthand. Draft-level claim via tertiary citation; inventory not read firsthand"
Mansfield,Junr.,,,,"James Overton (1814) inventory, as reported in my lit-review draft citing 'Wikipedia, 2026' — treat as a lead to the manuscript, not a source; inventory not read firsthand. Draft-level claim via tertiary citation; inventory not read firsthand"
Scipio,,,,,"James Overton (1814) inventory, as reported in my lit-review draft citing 'Wikipedia, 2026' — treat as a lead to the manuscript, not a source; inventory not read firsthand. Draft-level claim via tertiary citation; inventory not read firsthand"
Eseke,,,,,"James Overton (1814) inventory, as reported in my lit-review draft citing 'Wikipedia, 2026' — treat as a lead to the manuscript, not a source; inventory not read firsthand. Draft-level claim via tertiary citation; inventory not read firsthand"
Winston,,,,,"James Overton (1814) inventory, as reported in my lit-review draft citing 'Wikipedia, 2026' — treat as a lead to the manuscript, not a source; inventory not read firsthand. Draft-level claim via tertiary citation; inventory not read firsthand"
Zenia,Pruitt,,Black,,"Weekly Mercury, 1892; Gilbreath, 1980 — as cited in my lit-review draft; newspaper not read firsthand. Draft-level claim; newspaper not read firsthand","Black woman publicly credited in the 1892 Weekly Mercury for the success of the Lily Flagg reception; framed as a 'trusted colored servant' to the white elite Enslavement narrative: 'Skill' and 'efficiency' publicly credited in print, identity circumscribed by servitude role Location: Huntsville, Alabama (1892) Birthplace/status: Free (1892) File: deepread-docx-notes.json (staged deep-read of Research Catalogs 11-12, lit-review drafts, emails, Floyd p.64); originals not read firsthand in this pass DB cross-refs: DB1-1219 [deferred-folders pass 2026-09-23]"
Alfred,A. Jones,,,,"'SCC, 1871; Jones, 1871' as cited in my lit-review draft; claim file not read firsthand. Draft-level claim; claim file not read firsthand","Enslaved man, Lawrence County; SCC approved claim No. 6029 — operated an eating house before emancipation; granted $200 for horses taken by Col. Phillips' command Enslavement narrative: SCC 'approved' file: enslaved entrepreneurship — operating eating houses, mending saddles/bridles, accumulating silver; $200 granted for horses taken by Col. Phillips' command Location: Lawrence County, Alabama Birthplace/status: Enslaved (pre-emancipation); claimant post-war File: deepread-docx-notes.json (staged deep-read of Research Catalogs 11-12, lit-review drafts, emails, Floyd p.64); originals not read firsthand in this pass DB cross-refs: DB1-1220 [deferred-folders pass 2026-09-23]"
John,Robinson,,Black,,"Woodson, 1924; Marks, 1974 — as cited in my lit-review draft; census not read firsthand. Draft-level claim; census not read firsthand","Free Black head of household, Madison County, 1830; recorded as a slaveholder — often a philanthropic strategy to protect family members Enslavement narrative: Recorded as a slaveholder in the 1830 census; the protective-family reading is the scholars' interpretation, kept attributed Location: Madison County, Alabama (1830) Birthplace/status: Free Black (1830) File: deepread-docx-notes.json (staged deep-read of Research Catalogs 11-12, lit-review drafts, emails, Floyd p.64); originals not read firsthand in this pass DB cross-refs: DB1-1221 [deferred-folders pass 2026-09-23] [2026-09-23 TRACK 4 Boucher-batch detail (row_ref DB2-DF-285; same man as this row — amended, not duplicated): Boucher's targeted-section reading adds: mulatto; freed 1828 by unnamed Madison owner; 1830 census head of 7, owned 4 slaves, wealthy, bought Huntsville property; cross-confirmed between Boucher (p. 1383) and Woodson (1924) table. Source: Morris Raymond Boucher, 'The Free Negro in Alabama Prior to 1860,' Ph.D. diss., State University of Iowa, Feb. 1950. Caution: Boucher's appendix census lists are OCR-noisy — spot-verify against manuscript before treating readings as final.]"
Betsey,Davis,,Black,,"Woodson, 1924; Marks, 1974 — as cited in my lit-review draft; census not read firsthand. Draft-level claim; census not read firsthand","Free Black head of household, Madison County, 1830; recorded as a slaveholder — often a philanthropic strategy to protect family members Enslavement narrative: Recorded as a slaveholder in the 1830 census; the protective-family reading is the scholars' interpretation, kept attributed Location: Madison County, Alabama (1830) Birthplace/status: Free Black (1830) File: deepread-docx-notes.json (staged deep-read of Research Catalogs 11-12, lit-review drafts, emails, Floyd p.64); originals not read firsthand in this pass DB cross-refs: DB1-1221 [deferred-folders pass 2026-09-23]"
Milledge,Parker,29,Black
Harkless,King,60,Black,,,"Black householder, T4R3W (1870) Enslavement narrative: Enumerated T4R3W p. 13, lines 1–40; listed as 'Farm Laborer' or similar; $0 property in the draft's extraction Location: T4R3W, Limestone County, AL (1870) Birthplace/status: Black; free (1870) File: deepread-docx-notes.json (staged deep-read of Research Catalogs 11-12, lit-review drafts, emails, Floyd p.64); originals not read firsthand in this pass DB cross-refs: DB1-1223; DB4-508 [deferred-folders pass 2026-09-23]"
Margaret,Bell,35,Black,,,"Black householder, T4R3W (1870) Enslavement narrative: Enumerated T4R3W p. 13, lines 1–40; listed as 'Farm Laborer'/'Keeping House' or similar; $0 property in the draft's extraction Location: T4R3W, Limestone County, AL (1870) Birthplace/status: Black; free (1870) File: deepread-docx-notes.json (staged deep-read of Research Catalogs 11-12, lit-review drafts, emails, Floyd p.64); originals not read firsthand in this pass DB cross-refs: DB1-1223; DB4-508 [deferred-folders pass 2026-09-23]"
Fortune,Donnell,,,,"'Hurts, n.d.' as cited in my lit-review draft; source not read firsthand. Draft-level claim; source not read firsthand","Donnell-line burial, uniquely commemorated with a concrete headstone — 'a tangible defiance of the strategic forgetting that characterizes the university's landscape' Enslavement narrative: Burial record reported in the draft; headstone location and inscription not given in the draft Relations: Donnell line File: deepread-docx-notes.json (staged deep-read of Research Catalogs 11-12, lit-review drafts, emails, Floyd p.64); originals not read firsthand in this pass DB cross-refs: DB1-1232 [deferred-folders pass 2026-09-23]"
Aham,,,,,As reported in deepread-docx-notes.json (Research Catalog 11); underlying source not stated in the extraction. Draft-level claim; underlying source not stated — trace before any live write,"Enslaved nurseryman on the Fitzpatrick plantation; operated a commercial nursery Enslavement narrative: In 1860 earned $150 from his nursery and $159 from his cotton patch; had approximately $1,000 loaned out and held promissory notes for two white planters totaling over $700. The draft asks about the legal status of the notes and the fate of his savings at the Civil War Former enslaver: Fitzpatrick plantation Location: Fitzpatrick plantation (1860) Birthplace/status: Enslaved (1860) File: deepread-docx-notes.json (staged deep-read of Research Catalogs 11-12, lit-review drafts, emails, Floyd p.64); originals not read firsthand in this pass DB cross-refs: DB1 context row (SCC entrepreneurship cluster) [deferred-folders pass 2026-09-23]"
Venus,,,,,"Tait records, 1826 — as cited in deepread-docx-notes.json; records not read firsthand. Draft-level claim; keep the quoted designation, do not infer surname"
Milly Jones,Howard,26,"Black (""colored"" per source)",Female,"Rohr Appendix II (1865 Colored Census, NARA M-1900 Roll 19), p.6. Extracted from appendix text layer 2026-09-22; manuscript not re-read; spellings preserved as marked","Freedwoman; 1865 Colored Census, Huntsville Enslavement narrative: Freedperson enumerated in the 1865 Colored Census, Huntsville; formerly enslaved by James Crawford; occupation as slave: House Servant; remarks: 'caring for family' Former enslaver: James Crawford Location: Huntsville, Madison County, Ala. — W Side Church (1865) File: Free_Blacks-Appendix_II.pdf (text-layer extraction 2026-09-22) DB cross-refs: DB1-1261; paper note [348]; bibliography AU [deferred-folders pass 2026-09-23]"
[Unnamed boy],Jones,14,"Black (""colored"" per source)",Male,"Rohr Appendix II (1865 Colored Census, NARA M-1900 Roll 19), p.6. Extracted from appendix text layer 2026-09-22; manuscript not re-read; spellings preserved as marked","Freed boy; 1865 Colored Census, Huntsville (no first name on record) Enslavement narrative: Freedperson enumerated in the 1865 Colored Census, Huntsville; formerly enslaved by Thomas McCalley; occupation as slave: house servant; present employment: wagoning Former enslaver: Thomas McCalley Location: Huntsville, Madison County, Ala. — W. Side Mill (1865) File: Free_Blacks-Appendix_II.pdf (text-layer extraction 2026-09-22) DB cross-refs: DB1-1261; paper note [348]; bibliography AU [deferred-folders pass 2026-09-23]"
[Unnamed girl],Jones,6,"Black (""colored"" per source)",Female,"Rohr Appendix II (1865 Colored Census, NARA M-1900 Roll 19), p.6. Extracted from appendix text layer 2026-09-22; manuscript not re-read; spellings preserved as marked","Freed girl; 1865 Colored Census, Huntsville (no first name on record) Enslavement narrative: Freedperson enumerated in the 1865 Colored Census, Huntsville; formerly enslaved by Thomas McCalley; occupation as slave: house servant Former enslaver: Thomas McCalley Location: Huntsville, Madison County, Ala. — W. Side Mill (1865) File: Free_Blacks-Appendix_II.pdf (text-layer extraction 2026-09-22) DB cross-refs: DB1-1261; paper note [348]; bibliography AU [deferred-folders pass 2026-09-23]"
[_aves],Jones,18,,Female,"Rohr Appendix II (1865 Colored Census, NARA M-1900 Roll 19), p.6. Extracted from appendix text layer 2026-09-22; manuscript not re-read; spellings preserved as marked","Freedwoman; first name partly illegible in text layer Enslavement narrative: Freedperson enumerated in the 1865 Colored Census, Huntsville; formerly enslaved by Thomas McCalley; occupation as slave: house servant; present employment: washing Former enslaver: Thomas McCalley Location: Huntsville, Madison County, Ala. — W. Side Mill (1865) File: Free_Blacks-Appendix_II.pdf (text-layer extraction 2026-09-22) DB cross-refs: DB1-1261; paper note [348]; bibliography AU [deferred-folders pass 2026-09-23]"
Issiah,Jones,10,"Black (""colored"" per source)",Male,"Rohr Appendix II (1865 Colored Census, NARA M-1900 Roll 19), p.6. Extracted from appendix text layer 2026-09-22; manuscript not re-read; spellings preserved as marked","Freed boy; 1865 Colored Census, Huntsville Enslavement narrative: Freedperson enumerated in the 1865 Colored Census, Huntsville; formerly enslaved by James Crawford; present employment: School boy Former enslaver: James Crawford Location: Huntsville, Madison County, Ala. — W Side Church (1865) File: Free_Blacks-Appendix_II.pdf (text-layer extraction 2026-09-22) DB cross-refs: DB1-1261; paper note [348]; bibliography AU [deferred-folders pass 2026-09-23]"
Caldonia,Jones,2,"Black (""colored"" per source)",Female,"Rohr Appendix II (1865 Colored Census, NARA M-1900 Roll 19), p.7. Extracted from appendix text layer 2026-09-22; manuscript not re-read; spellings preserved as marked","Freed girl; 1865 Colored Census, Huntsville Enslavement narrative: Freedperson enumerated in the 1865 Colored Census, Huntsville; formerly enslaved by Dr. James Beasley Former enslaver: Dr. James Beasley Location: Huntsville, Madison County, Ala. — W Side Church (1865) File: Free_Blacks-Appendix_II.pdf (text-layer extraction 2026-09-22) DB cross-refs: DB1-1261; paper note [348]; bibliography AU [deferred-folders pass 2026-09-23]"
David King,Jones,14,"Black (""colored"" per source)",Male,"Rohr Appendix II (1865 Colored Census, NARA M-1900 Roll 19), p.7. Extracted from appendix text layer 2026-09-22; manuscript not re-read; spellings preserved as marked","Freed boy; 1865 Colored Census, Huntsville Enslavement narrative: Freedperson enumerated in the 1865 Colored Census, Huntsville; formerly enslaved by James Crawford; occupation as slave: R. R. Shop; present employment: R.R. Shop Former enslaver: James Crawford Location: Huntsville, Madison County, Ala. — W Side Church (1865) File: Free_Blacks-Appendix_II.pdf (text-layer extraction 2026-09-22) DB cross-refs: DB1-1261; paper note [348]; bibliography AU [deferred-folders pass 2026-09-23]"
Dora,Jones,40,"Black (""colored"" per source)",Female,"Rohr Appendix II (1865 Colored Census, NARA M-1900 Roll 19), p.7. Extracted from appendix text layer 2026-09-22; manuscript not re-read; spellings preserved as marked","Freedwoman; 1865 Colored Census, Huntsville Enslavement narrative: Freedperson enumerated in the 1865 Colored Census, Huntsville; formerly enslaved by Thomas McCalley; occupation as slave: house servant; present employment: washing Former enslaver: Thomas McCalley Location: Huntsville, Madison County, Ala. — W. Side Mill (1865) File: Free_Blacks-Appendix_II.pdf (text-layer extraction 2026-09-22) DB cross-refs: DB1-1261; paper note [348]; bibliography AU [deferred-folders pass 2026-09-23]"
Gilbert,Jones,14,"Black (""colored"" per source)",Male,"Rohr Appendix II (1865 Colored Census, NARA M-1900 Roll 19), p.7. Extracted from appendix text layer 2026-09-22; manuscript not re-read; spellings preserved as marked","Freed boy; 1865 Colored Census, Huntsville Enslavement narrative: Freedperson enumerated in the 1865 Colored Census, Huntsville; formerly enslaved by H. Bradford; occupation as slave: field hand; remarks: 'does merely nothing' Former enslaver: H. Bradford Location: Huntsville, Madison County, Ala. — E Side Church (1865) File: Free_Blacks-Appendix_II.pdf (text-layer extraction 2026-09-22) DB cross-refs: DB1-1261; paper note [348]; bibliography AU [deferred-folders pass 2026-09-23]"
Henrietta,Jones,4,"Black (""colored"" per source)",Female,"Rohr Appendix II (1865 Colored Census, NARA M-1900 Roll 19), p.7. Extracted from appendix text layer 2026-09-22; manuscript not re-read; spellings preserved as marked","Freed girl; 1865 Colored Census, Huntsville Enslavement narrative: Freedperson enumerated in the 1865 Colored Census, Huntsville; formerly enslaved by Dr. James Beasley Former enslaver: Dr. James Beasley Location: Huntsville, Madison County, Ala. — W Side Church (1865) File: Free_Blacks-Appendix_II.pdf (text-layer extraction 2026-09-22) DB cross-refs: DB1-1261; paper note [348]; bibliography AU [deferred-folders pass 2026-09-23]"
Samuel,Jones,5,"Black (""colored"" per source)",Male,"Rohr Appendix II (1865 Colored Census, NARA M-1900 Roll 19), p.7. Extracted from appendix text layer 2026-09-22; manuscript not re-read; spellings preserved as marked","Freed boy; 1865 Colored Census, Huntsville Enslavement narrative: Freedperson enumerated in the 1865 Colored Census, Huntsville; formerly enslaved by James Crawford Former enslaver: James Crawford Relations: Name also among Turner-card DB2 rows 1232-1248; different former owner — not merged Location: Huntsville, Madison County, Ala. — W Side Church (1865) File: Free_Blacks-Appendix_II.pdf (text-layer extraction 2026-09-22) DB cross-refs: DB1-1261; paper note [348]; bibliography AU; Name also among Turner-card DB2 rows 1232-1248; different former owner — not merged [deferred-folders pass 2026-09-23]"
Savannah,Jones,3,"Black (""colored"" per source)",Female,"Rohr Appendix II (1865 Colored Census, NARA M-1900 Roll 19), p.7. Extracted from appendix text layer 2026-09-22; manuscript not re-read; spellings preserved as marked","Freed girl; 1865 Colored Census, Huntsville Enslavement narrative: Freedperson enumerated in the 1865 Colored Census, Huntsville; formerly enslaved by John Haws Former enslaver: John Haws Relations: Haws/Hawk likely same white family — kept separate Location: Huntsville, Madison County, Ala. — W Side Church (1865) File: Free_Blacks-Appendix_II.pdf (text-layer extraction 2026-09-22) DB cross-refs: DB1-1261; paper note [348]; bibliography AU; possible same person as BL-53? (enumerator-1/2 overlap — NOT merged); Haws/Hawk likely same white family — kept separate [deferred-folders pass 2026-09-23]"
Susana,Jones,2,"Black (""colored"" per source)",Female,"Rohr Appendix II (1865 Colored Census, NARA M-1900 Roll 19), p.7. Extracted from appendix text layer 2026-09-22; manuscript not re-read; spellings preserved as marked","Freed girl; 1865 Colored Census, Huntsville Enslavement narrative: Freedperson enumerated in the 1865 Colored Census, Huntsville; formerly enslaved by Thomas McCalley Former enslaver: Thomas McCalley Location: Huntsville, Madison County, Ala. — W. Side Mill (1865) File: Free_Blacks-Appendix_II.pdf (text-layer extraction 2026-09-22) DB cross-refs: DB1-1261; paper note [348]; bibliography AU [deferred-folders pass 2026-09-23]"
Wyley,Jones,40,"Black (""colored"" per source)",Male,"Rohr Appendix II (1865 Colored Census, NARA M-1900 Roll 19), p.7. Extracted from appendix text layer 2026-09-22; manuscript not re-read; spellings preserved as marked","Freedman; 1865 Colored Census, Huntsville Enslavement narrative: Freedperson enumerated in the 1865 Colored Census, Huntsville; formerly enslaved by Dr. James Beasley; occupation as slave: Railroad Hand Former enslaver: Dr. James Beasley Location: Huntsville, Madison County, Ala. — W Side Church (1865) File: Free_Blacks-Appendix_II.pdf (text-layer extraction 2026-09-22) DB cross-refs: DB1-1261; paper note [348]; bibliography AU [deferred-folders pass 2026-09-23]"
Adaline,Jones,under 13,"Black (""colored"" per source)",,"Rohr Appendix II (1865 Colored Census, NARA M-1900 Roll 19), p.37. Extracted from appendix text layer 2026-09-22; manuscript not re-read; spellings preserved as marked","Freedperson; 1865 Colored Census, Huntsville (enumerator 2: age group only) Enslavement narrative: Freedperson enumerated in the 1865 Colored Census, Huntsville; formerly enslaved by J. Ward Former enslaver: J. Ward Location: Huntsville, Madison County, Ala. — Commerce (1865) File: Free_Blacks-Appendix_II.pdf (text-layer extraction 2026-09-22) DB cross-refs: DB1-1262; paper note [348]; bibliography AU [deferred-folders pass 2026-09-23]"
Dary,Jones,13+,"Black (""colored"" per source)",,"Rohr Appendix II (1865 Colored Census, NARA M-1900 Roll 19), p.37. Extracted from appendix text layer 2026-09-22; manuscript not re-read; spellings preserved as marked","Freedperson; 1865 Colored Census, Huntsville (enumerator 2: age group only) Enslavement narrative: Freedperson enumerated in the 1865 Colored Census, Huntsville; formerly enslaved by Crawford Former enslaver: Crawford Location: Huntsville, Madison County, Ala. — Church (1865) File: Free_Blacks-Appendix_II.pdf (text-layer extraction 2026-09-22) DB cross-refs: DB1-1262; paper note [348]; bibliography AU [deferred-folders pass 2026-09-23]"
Mahila,Jones,13+,"Black (""colored"" per source)",,"Rohr Appendix II (1865 Colored Census, NARA M-1900 Roll 19), p.37. Extracted from appendix text layer 2026-09-22; manuscript not re-read; spellings preserved as marked","Freedperson; 1865 Colored Census, Huntsville (enumerator 2: age group only) Enslavement narrative: Freedperson enumerated in the 1865 Colored Census, Huntsville; formerly enslaved by J. Ward; occupation as slave: cook; present employment: cooking Former enslaver: J. Ward Location: Huntsville, Madison County, Ala. — Commerce (1865) File: Free_Blacks-Appendix_II.pdf (text-layer extraction 2026-09-22) DB cross-refs: DB1-1262; paper note [348]; bibliography AU [deferred-folders pass 2026-09-23]"
Quinius,Jones,13+,"Black (""colored"" per source)",,"Rohr Appendix II (1865 Colored Census, NARA M-1900 Roll 19), p.38. Extracted from appendix text layer 2026-09-22; manuscript not re-read; spellings preserved as marked","Freedperson; 1865 Colored Census, Huntsville (enumerator 2: age group only) Enslavement narrative: Freedperson enumerated in the 1865 Colored Census, Huntsville; formerly enslaved by Mrs. T. Frankell; occupation as slave: rail road; present employment: railroad Former enslaver: Mrs. T. Frankell Location: Huntsville, Madison County, Ala. — Washington (1865) File: Free_Blacks-Appendix_II.pdf (text-layer extraction 2026-09-22) DB cross-refs: DB1-1262; paper note [348]; bibliography AU [deferred-folders pass 2026-09-23]"
Romeo,Jones,under 13,"Black (""colored"" per source)",,"Rohr Appendix II (1865 Colored Census, NARA M-1900 Roll 19), p.38. Extracted from appendix text layer 2026-09-22; manuscript not re-read; spellings preserved as marked","Freedperson; 1865 Colored Census, Huntsville (enumerator 2: age group only) Enslavement narrative: Freedperson enumerated in the 1865 Colored Census, Huntsville; formerly enslaved by Mrs. T. Frankell Former enslaver: Mrs. T. Frankell Location: Huntsville, Madison County, Ala. — Washington (1865) File: Free_Blacks-Appendix_II.pdf (text-layer extraction 2026-09-22) DB cross-refs: DB1-1262; paper note [348]; bibliography AU [deferred-folders pass 2026-09-23]"
Savanah,Jones,under 13,"Black (""colored"" per source)",,"Rohr Appendix II (1865 Colored Census, NARA M-1900 Roll 19), p.38. Extracted from appendix text layer 2026-09-22; manuscript not re-read; spellings preserved as marked","Freedperson; 1865 Colored Census, Huntsville (enumerator 2: age group only) Enslavement narrative: Freedperson enumerated in the 1865 Colored Census, Huntsville; formerly enslaved by Hawk; occupation as slave: wash. & ironing Former enslaver: Hawk Relations: Hawk/Haws likely same white family as BL-19 — kept separate Location: Huntsville, Madison County, Ala. — Church (1865) File: Free_Blacks-Appendix_II.pdf (text-layer extraction 2026-09-22) DB cross-refs: DB1-1262; paper note [348]; bibliography AU; possible same person as BL-19? (enumerator-1/2 overlap — NOT merged); Hawk/Haws likely same white family as BL-19 — kept separate [deferred-folders pass 2026-09-23]"
Sophia,Jones,under 13,"Black (""colored"" per source)",,"Rohr Appendix II (1865 Colored Census, NARA M-1900 Roll 19), p.38. Extracted from appendix text layer 2026-09-22; manuscript not re-read; spellings preserved as marked","Freedperson; 1865 Colored Census, Huntsville (enumerator 2: age group only) Enslavement narrative: Freedperson enumerated in the 1865 Colored Census, Huntsville; formerly enslaved by Jones Former enslaver: Jones Relations: Distinct from BL-55 (different street, former owner) — kept separate Location: Huntsville, Madison County, Ala. — Summer (1865) File: Free_Blacks-Appendix_II.pdf (text-layer extraction 2026-09-22) DB cross-refs: DB1-1262; paper note [348]; bibliography AU; Distinct from BL-55 (different street, former owner) — kept separate [deferred-folders pass 2026-09-23]"
Sophia,Jones,under 13,"Black (""colored"" per source)",,"Rohr Appendix II (1865 Colored Census, NARA M-1900 Roll 19), p.38. Extracted from appendix text layer 2026-09-22; manuscript not re-read; spellings preserved as marked","Freedperson; 1865 Colored Census, Huntsville (enumerator 2: age group only) Enslavement narrative: Freedperson enumerated in the 1865 Colored Census, Huntsville; formerly enslaved by Crawford Former enslaver: Crawford Relations: Distinct from BL-54 — kept separate Location: Huntsville, Madison County, Ala. — Church (1865) File: Free_Blacks-Appendix_II.pdf (text-layer extraction 2026-09-22) DB cross-refs: DB1-1262; paper note [348]; bibliography AU; Distinct from BL-54 — kept separate [deferred-folders pass 2026-09-23]"
Lucinda,Anderson,13+,"Black (""colored"" per source)",Female,"Rohr Appendix II (1865 Colored Census, NARA M-1900 Roll 19), p.12. Extracted from appendix text layer 2026-09-22; manuscript not re-read; spellings preserved as marked","Freedwoman; 1865 Colored Census, Huntsville Enslavement narrative: Freedperson enumerated in the 1865 Colored Census, Huntsville; formerly enslaved by A. Hopkins; occupation as slave: washing Former enslaver: A. Hopkins Location: Huntsville, Madison County, Ala. — Clinton (1865) File: Free_Blacks-Appendix_II.pdf (text-layer extraction 2026-09-22) DB cross-refs: DB1-1263; paper note [348]; bibliography AU [deferred-folders pass 2026-09-23]"
Richard,Anderson,under 13,"Black (""colored"" per source)",,"Rohr Appendix II (1865 Colored Census, NARA M-1900 Roll 19), p.12. Extracted from appendix text layer 2026-09-22; manuscript not re-read; spellings preserved as marked","Freed child; 1865 Colored Census, Huntsville Enslavement narrative: Freedperson enumerated in the 1865 Colored Census, Huntsville; formerly enslaved by A. Hopkins Former enslaver: A. Hopkins Location: Huntsville, Madison County, Ala. — Clinton (1865) File: Free_Blacks-Appendix_II.pdf (text-layer extraction 2026-09-22) DB cross-refs: DB1-1263; paper note [348]; bibliography AU [deferred-folders pass 2026-09-23]"
Robert,Anderson,13+,"Black (""colored"" per source)",Male,"Rohr Appendix II (1865 Colored Census, NARA M-1900 Roll 19), p.12. Extracted from appendix text layer 2026-09-22; manuscript not re-read; spellings preserved as marked","Freedman; 1865 Colored Census, Huntsville Enslavement narrative: Freedperson enumerated in the 1865 Colored Census, Huntsville; formerly enslaved by A. Hopkins; occupation as slave: waiter; present employment: waiter Former enslaver: A. Hopkins Location: Huntsville, Madison County, Ala. — Clinton (1865) File: Free_Blacks-Appendix_II.pdf (text-layer extraction 2026-09-22) DB cross-refs: DB1-1263; paper note [348]; bibliography AU [deferred-folders pass 2026-09-23]"
George,Fields,under 13,"Black (""colored"" per source)",,"Rohr Appendix II (1865 Colored Census, NARA M-1900 Roll 19), p.27. Extracted from appendix text layer 2026-09-22; manuscript not re-read; spellings preserved as marked","Freed child; 1865 Colored Census, Huntsville; held by a Jones former owner Enslavement narrative: Freedperson enumerated in the 1865 Colored Census, Huntsville; formerly enslaved by Fred Jones; occupation as slave: nothing; present employment: nothing Former enslaver: Fred Jones Location: Huntsville, Madison County, Ala. — Holmes (1865) File: Free_Blacks-Appendix_II.pdf (text-layer extraction 2026-09-22) DB cross-refs: DB1-1264; paper note [348]; bibliography AU [deferred-folders pass 2026-09-23]"
Linsley,Roper,under 13,"Black (""colored"" per source)",,"Rohr Appendix II (1865 Colored Census, NARA M-1900 Roll 19), p.59. Extracted from appendix text layer 2026-09-22; manuscript not re-read; spellings preserved as marked","Freed child; 1865 Colored Census, Huntsville; held by a Jones former owner Enslavement narrative: Freedperson enumerated in the 1865 Colored Census, Huntsville; formerly enslaved by S. Jones Former enslaver: S. Jones Relations: Shares former owner + street with BL-72 (likely kin) — kept as separate rows Location: Huntsville, Madison County, Ala. — Randolph (1865) File: Free_Blacks-Appendix_II.pdf (text-layer extraction 2026-09-22) DB cross-refs: DB1-1264; paper note [348]; bibliography AU; Shares former owner + street with BL-72 (likely kin) — kept as separate rows [deferred-folders pass 2026-09-23]"
Saboy,Roper,13+,"Black (""colored"" per source)",,"Rohr Appendix II (1865 Colored Census, NARA M-1900 Roll 19), p.59. Extracted from appendix text layer 2026-09-22; manuscript not re-read; spellings preserved as marked","Freedwoman; 1865 Colored Census, Huntsville; held by a Jones former owner Enslavement narrative: Freedperson enumerated in the 1865 Colored Census, Huntsville; formerly enslaved by S. Jones; occupation as slave: cook; present employment: washing Former enslaver: S. Jones Relations: Shares former owner + street with BL-71 (likely kin) — kept as separate rows Location: Huntsville, Madison County, Ala. — Randolph (1865) File: Free_Blacks-Appendix_II.pdf (text-layer extraction 2026-09-22) DB cross-refs: DB1-1264; paper note [348]; bibliography AU; Shares former owner + street with BL-71 (likely kin) — kept as separate rows [deferred-folders pass 2026-09-23]"
Mary,Ware,13+,"Black (""colored"" per source)",,"Rohr Appendix II (1865 Colored Census, NARA M-1900 Roll 19), p.69. Extracted from appendix text layer 2026-09-22; manuscript not re-read; spellings preserved as marked","Freedwoman; 1865 Colored Census, Huntsville; held by a Jones former owner Enslavement narrative: Freedperson enumerated in the 1865 Colored Census, Huntsville; formerly enslaved by Jones; occupation as slave: serving Former enslaver: Jones Location: Huntsville, Madison County, Ala. — Lincoln (1865) File: Free_Blacks-Appendix_II.pdf (text-layer extraction 2026-09-22) DB cross-refs: DB1-1264; paper note [348]; bibliography AU [deferred-folders pass 2026-09-23]"
Louis,Perkins,75,Black,Male,"1870 census, Limestone Co., AL, NARA M593, Schedule 1, p. 13, lines 19-20, dwelling/family 110/110: Louis Perkins, 75, male, Black, farm laborer, born Virginia, male citizen 21+ marked. No property, no school/literacy marks. Manuscript read at zoom.","Neighboring household to Frank Perkins's 111/111; candidate older generation (possible parents of Frank, b. Alabama ~1839). Kept as a lead only — no merge without direct evidence. [deferred-folders pass 2026-09-23]"
Maria,Perkins,57,Black,Female,"1870 census, Limestone Co., AL, NARA M593, Schedule 1, p. 13, line 20, dwelling/family 110/110: Maria Perkins, 57, female, Black, farm laborer (ditto), born Virginia. No property, no school/literacy marks.",No Maria Perkins in live DB2 (existing 'Maria' rows are Frances Ann Maria Jones / Maria Louisa Donnell — different persons). See Louis Perkins note re older-generation lead. [deferred-folders pass 2026-09-23]
Frank,Perkins,31,Black,Male,"1870 census, Limestone Co., AL, NARA M593, Schedule 1, p. 13, line 21, dwelling/family 111/111: 'Perkins Frank,' 31, male, Black, farm laborer (ditto), born Alabama, male citizen 21+ marked. Manuscript reads FRANK — corrects the catalog's 'Lillie Perkins, 31, female.'","Different person from DB2-1158 'Frank' (1719, female, mulatto, York Co., VA) and DB2-1489 'Frank' (outrage victim) — kept separate, no merge. Household head of eight; all farm laborers, no property. [deferred-folders pass 2026-09-23]"
Hanseal,Perkins,28,Black,Female,"1870 census, Limestone Co., AL, NARA M593, Schedule 1, p. 13, line 22, dwelling/family 111/111: Hanseal, 28, female, Black, farm laborer (ditto), born Alabama. Spelling confirmed at zoom (triage's provisional 'Hanseal?'). Research Catalog 11 omitted her entirely.",Likely the wife of Frank Perkins. Her unusual given name is the strongest forward trace lead for the 1880 census and Limestone marriage records. No Hanseal anywhere in live DB2. [deferred-folders pass 2026-09-23]
Robert,Perkins,18,Black,Male,"1870 census, Limestone Co., AL, NARA M593, Schedule 1, p. 13, line 23, dwelling/family 111/111: Robert, 18, male, Black, born Alabama.",Son in the Frank Perkins household. No property/school/literacy marks. [deferred-folders pass 2026-09-23]
Joseph,Perkins,12,Black,Male,"1870 census, Limestone Co., AL, NARA M593, Schedule 1, p. 13, line 24, dwelling/family 111/111: Joseph, 12, male, Black, born Alabama. Catalog had 13.",Son in the Frank Perkins household; manuscript age 12 corrects the catalog's 13. [deferred-folders pass 2026-09-23]
Eliza,Perkins,10,Black,Female,"1870 census, Limestone Co., AL, NARA M593, Schedule 1, p. 13, line 25, dwelling/family 111/111: Eliza, 10, female, Black, born Alabama.","Same-name lead (kept separate, no merge): DB2-313 'Eliza Jane Perkins' (NARA Roll 20 Register of Sick and Wounded, Huntsville 1866-68) is a different record. [deferred-folders pass 2026-09-23]"
Leslie,Perkins,9,Black,Male,"1870 census, Limestone Co., AL, NARA M593, Schedule 1, p. 13, line 26, dwelling/family 111/111: Leslie, 9, male, Black, born Alabama.",Son in the Frank Perkins household. [deferred-folders pass 2026-09-23]
Lucia,Perkins,6,Black,Male,"1870 census, Limestone Co., AL, NARA M593, Schedule 1, p. 13, line 27, dwelling/family 111/111: name reads 'Lucia,' age 6, sex column marked M, Black, born Alabama. Transcribed exactly as written — possible enumerator name misspelling (e.g., Lucius?) or sex-mark error. Catalog had 'Lewis, 4.'","Name/sex mismatch preserved as data, not 'fixed.' Resolve in the 1880 census under Lucia/Lucius and adjacent spellings (DB4-521). No Lucia Perkins in live DB2. [deferred-folders pass 2026-09-23]"
Martha,Perkins,4,Black,Female,"1870 census, Limestone Co., AL, NARA M593, Schedule 1, p. 13, line 28, dwelling/family 111/111: Martha, 4, female, Black, born Alabama. Catalog had 'Meredith, 1.'","Daughter in the Frank Perkins household; manuscript name/age correct the catalog's 'Meredith, 1.' [deferred-folders pass 2026-09-23]"
Mills,Jones,60-70 (age bracket),White (free-white-male column),Male,,Single-person household. Do NOT merge with any other Jones identity on current evidence. Search both 'Mills' and 'Miles' spellings going forward (DB4-519). No Mills or Miles Jones in live DB2. [deferred-folders pass 2026-09-23]
Affee,(and her children),,,,"Lead — 1839-1858 (plantation journal span; article compiled 2021). Stacy Ashmore Cole, 'List of Enslaved People Belonging to William Jones (1802-1885),' theyhadnames.net, Apr. 27, 2021 (updated May 7, 2021); via staged/deepread-enslavement-legal.json. Plantation journal 1839-1858, Cornelia Jones Pond memoir (1898), deeds, Midway Congregational Church records."
Affee,(Little),,,,"Lead — 1839-1858 (plantation journal span; article compiled 2021). Stacy Ashmore Cole, 'List of Enslaved People Belonging to William Jones (1802-1885),' theyhadnames.net, Apr. 27, 2021 (updated May 7, 2021); via staged/deepread-enslavement-legal.json. Plantation journal 1839-1858, Cornelia Jones Pond memoir (1898), deeds, Midway Congregational Church records."
and her children),Affee (Big,,,,"Lead — 1839-1858 (plantation journal span; article compiled 2021). Stacy Ashmore Cole, 'List of Enslaved People Belonging to William Jones (1802-1885),' theyhadnames.net, Apr. 27, 2021 (updated May 7, 2021); via staged/deepread-enslavement-legal.json. Plantation journal 1839-1858, Cornelia Jones Pond memoir (1898), deeds, Midway Congregational Church records."
Affee,(Old),,,,"Lead — 1839-1858 (plantation journal span; article compiled 2021). Stacy Ashmore Cole, 'List of Enslaved People Belonging to William Jones (1802-1885),' theyhadnames.net, Apr. 27, 2021 (updated May 7, 2021); via staged/deepread-enslavement-legal.json. Plantation journal 1839-1858, Cornelia Jones Pond memoir (1898), deeds, Midway Congregational Church records."
Agrippa,,,,,"Lead — 1839-1858 (plantation journal span; article compiled 2021). Stacy Ashmore Cole, 'List of Enslaved People Belonging to William Jones (1802-1885),' theyhadnames.net, Apr. 27, 2021 (updated May 7, 2021); via staged/deepread-enslavement-legal.json. Plantation journal 1839-1858, Cornelia Jones Pond memoir (1898), deeds, Midway Congregational Church records."
Amy,(and her children),,,,"Lead — 1839-1858 (plantation journal span; article compiled 2021). Stacy Ashmore Cole, 'List of Enslaved People Belonging to William Jones (1802-1885),' theyhadnames.net, Apr. 27, 2021 (updated May 7, 2021); via staged/deepread-enslavement-legal.json. Plantation journal 1839-1858, Cornelia Jones Pond memoir (1898), deeds, Midway Congregational Church records."
Amy,,,,,"Lead — 1839-1858 (plantation journal span; article compiled 2021). Stacy Ashmore Cole, 'List of Enslaved People Belonging to William Jones (1802-1885),' theyhadnames.net, Apr. 27, 2021 (updated May 7, 2021); via staged/deepread-enslavement-legal.json. Plantation journal 1839-1858, Cornelia Jones Pond memoir (1898), deeds, Midway Congregational Church records."
Amie,,,,,"Lead — 1839-1858 (plantation journal span; article compiled 2021). Stacy Ashmore Cole, 'List of Enslaved People Belonging to William Jones (1802-1885),' theyhadnames.net, Apr. 27, 2021 (updated May 7, 2021); via staged/deepread-enslavement-legal.json. Plantation journal 1839-1858, Cornelia Jones Pond memoir (1898), deeds, Midway Congregational Church records."
Anne/Annie,(and her children),,,,"Lead — 1839-1858 (plantation journal span; article compiled 2021). Stacy Ashmore Cole, 'List of Enslaved People Belonging to William Jones (1802-1885),' theyhadnames.net, Apr. 27, 2021 (updated May 7, 2021); via staged/deepread-enslavement-legal.json. Plantation journal 1839-1858, Cornelia Jones Pond memoir (1898), deeds, Midway Congregational Church records."
Anne,,,,,"Lead — 1839-1858 (plantation journal span; article compiled 2021). Stacy Ashmore Cole, 'List of Enslaved People Belonging to William Jones (1802-1885),' theyhadnames.net, Apr. 27, 2021 (updated May 7, 2021); via staged/deepread-enslavement-legal.json. Plantation journal 1839-1858, Cornelia Jones Pond memoir (1898), deeds, Midway Congregational Church records."
Bell,(and family),,,,"Lead — 1839-1858 (plantation journal span; article compiled 2021). Stacy Ashmore Cole, 'List of Enslaved People Belonging to William Jones (1802-1885),' theyhadnames.net, Apr. 27, 2021 (updated May 7, 2021); via staged/deepread-enslavement-legal.json. Plantation journal 1839-1858, Cornelia Jones Pond memoir (1898), deeds, Midway Congregational Church records."
Bell,,,,,"Lead — 1839-1858 (plantation journal span; article compiled 2021). Stacy Ashmore Cole, 'List of Enslaved People Belonging to William Jones (1802-1885),' theyhadnames.net, Apr. 27, 2021 (updated May 7, 2021); via staged/deepread-enslavement-legal.json. Plantation journal 1839-1858, Cornelia Jones Pond memoir (1898), deeds, Midway Congregational Church records."
Bella,,,,,"Lead — 1839-1858 (plantation journal span; article compiled 2021). Stacy Ashmore Cole, 'List of Enslaved People Belonging to William Jones (1802-1885),' theyhadnames.net, Apr. 27, 2021 (updated May 7, 2021); via staged/deepread-enslavement-legal.json. Plantation journal 1839-1858, Cornelia Jones Pond memoir (1898), deeds, Midway Congregational Church records."
Bess,,,,,"Lead — 1839-1858 (plantation journal span; article compiled 2021). Stacy Ashmore Cole, 'List of Enslaved People Belonging to William Jones (1802-1885),' theyhadnames.net, Apr. 27, 2021 (updated May 7, 2021); via staged/deepread-enslavement-legal.json. Plantation journal 1839-1858, Cornelia Jones Pond memoir (1898), deeds, Midway Congregational Church records."
Billy,,,,,"Lead — 1839-1858 (plantation journal span; article compiled 2021). Stacy Ashmore Cole, 'List of Enslaved People Belonging to William Jones (1802-1885),' theyhadnames.net, Apr. 27, 2021 (updated May 7, 2021); via staged/deepread-enslavement-legal.json. Plantation journal 1839-1858, Cornelia Jones Pond memoir (1898), deeds, Midway Congregational Church records."
Billy,(Little),,,,"Lead — 1839-1858 (plantation journal span; article compiled 2021). Stacy Ashmore Cole, 'List of Enslaved People Belonging to William Jones (1802-1885),' theyhadnames.net, Apr. 27, 2021 (updated May 7, 2021); via staged/deepread-enslavement-legal.json. Plantation journal 1839-1858, Cornelia Jones Pond memoir (1898), deeds, Midway Congregational Church records."
Billy,Way,,,,"Lead — 1839-1858 (plantation journal span; article compiled 2021). Stacy Ashmore Cole, 'List of Enslaved People Belonging to William Jones (1802-1885),' theyhadnames.net, Apr. 27, 2021 (updated May 7, 2021); via staged/deepread-enslavement-legal.json. Plantation journal 1839-1858, Cornelia Jones Pond memoir (1898), deeds, Midway Congregational Church records."
Bristol,,,,,"Lead — 1839-1858 (plantation journal span; article compiled 2021). Stacy Ashmore Cole, 'List of Enslaved People Belonging to William Jones (1802-1885),' theyhadnames.net, Apr. 27, 2021 (updated May 7, 2021); via staged/deepread-enslavement-legal.json. Plantation journal 1839-1858, Cornelia Jones Pond memoir (1898), deeds, Midway Congregational Church records."
Caesar,,,,,"Lead — 1839-1858 (plantation journal span; article compiled 2021). Stacy Ashmore Cole, 'List of Enslaved People Belonging to William Jones (1802-1885),' theyhadnames.net, Apr. 27, 2021 (updated May 7, 2021); via staged/deepread-enslavement-legal.json. Plantation journal 1839-1858, Cornelia Jones Pond memoir (1898), deeds, Midway Congregational Church records."
and her family),Cate (Big,,,,"Lead — 1839-1858 (plantation journal span; article compiled 2021). Stacy Ashmore Cole, 'List of Enslaved People Belonging to William Jones (1802-1885),' theyhadnames.net, Apr. 27, 2021 (updated May 7, 2021); via staged/deepread-enslavement-legal.json. Plantation journal 1839-1858, Cornelia Jones Pond memoir (1898), deeds, Midway Congregational Church records."
Cate,(Big),,,,"Lead — 1839-1858 (plantation journal span; article compiled 2021). Stacy Ashmore Cole, 'List of Enslaved People Belonging to William Jones (1802-1885),' theyhadnames.net, Apr. 27, 2021 (updated May 7, 2021); via staged/deepread-enslavement-legal.json. Plantation journal 1839-1858, Cornelia Jones Pond memoir (1898), deeds, Midway Congregational Church records."
Caty,(Little),,,,"Lead — 1839-1858 (plantation journal span; article compiled 2021). Stacy Ashmore Cole, 'List of Enslaved People Belonging to William Jones (1802-1885),' theyhadnames.net, Apr. 27, 2021 (updated May 7, 2021); via staged/deepread-enslavement-legal.json. Plantation journal 1839-1858, Cornelia Jones Pond memoir (1898), deeds, Midway Congregational Church records."
Cate,(Little),,,,"Lead — 1839-1858 (plantation journal span; article compiled 2021). Stacy Ashmore Cole, 'List of Enslaved People Belonging to William Jones (1802-1885),' theyhadnames.net, Apr. 27, 2021 (updated May 7, 2021); via staged/deepread-enslavement-legal.json. Plantation journal 1839-1858, Cornelia Jones Pond memoir (1898), deeds, Midway Congregational Church records."
Caty,,,,,"Lead — 1839-1858 (plantation journal span; article compiled 2021). Stacy Ashmore Cole, 'List of Enslaved People Belonging to William Jones (1802-1885),' theyhadnames.net, Apr. 27, 2021 (updated May 7, 2021); via staged/deepread-enslavement-legal.json. Plantation journal 1839-1858, Cornelia Jones Pond memoir (1898), deeds, Midway Congregational Church records."
Chelis??,,,,,"Lead — 1839-1858 (plantation journal span; article compiled 2021). Stacy Ashmore Cole, 'List of Enslaved People Belonging to William Jones (1802-1885),' theyhadnames.net, Apr. 27, 2021 (updated May 7, 2021); via staged/deepread-enslavement-legal.json. Plantation journal 1839-1858, Cornelia Jones Pond memoir (1898), deeds, Midway Congregational Church records."
Chloe,(and her children),,,,"Lead — 1839-1858 (plantation journal span; article compiled 2021). Stacy Ashmore Cole, 'List of Enslaved People Belonging to William Jones (1802-1885),' theyhadnames.net, Apr. 27, 2021 (updated May 7, 2021); via staged/deepread-enslavement-legal.json. Plantation journal 1839-1858, Cornelia Jones Pond memoir (1898), deeds, Midway Congregational Church records."
Cinder,,,,,"Lead — 1839-1858 (plantation journal span; article compiled 2021). Stacy Ashmore Cole, 'List of Enslaved People Belonging to William Jones (1802-1885),' theyhadnames.net, Apr. 27, 2021 (updated May 7, 2021); via staged/deepread-enslavement-legal.json. Plantation journal 1839-1858, Cornelia Jones Pond memoir (1898), deeds, Midway Congregational Church records."
Clarrissa,,,,,"Lead — 1839-1858 (plantation journal span; article compiled 2021). Stacy Ashmore Cole, 'List of Enslaved People Belonging to William Jones (1802-1885),' theyhadnames.net, Apr. 27, 2021 (updated May 7, 2021); via staged/deepread-enslavement-legal.json. Plantation journal 1839-1858, Cornelia Jones Pond memoir (1898), deeds, Midway Congregational Church records."
Cretia,,,,,"Lead — 1839-1858 (plantation journal span; article compiled 2021). Stacy Ashmore Cole, 'List of Enslaved People Belonging to William Jones (1802-1885),' theyhadnames.net, Apr. 27, 2021 (updated May 7, 2021); via staged/deepread-enslavement-legal.json. Plantation journal 1839-1858, Cornelia Jones Pond memoir (1898), deeds, Midway Congregational Church records."
Cudjoe,,,,Male,"Lead — 1839-1858 (plantation journal span; article compiled 2021). Stacy Ashmore Cole, 'List of Enslaved People Belonging to William Jones (1802-1885),' theyhadnames.net, Apr. 27, 2021 (updated May 7, 2021); via staged/deepread-enslavement-legal.json. Plantation journal 1839-1858, Cornelia Jones Pond memoir (1898), deeds, Midway Congregational Church records."
Cyrus,,,,,"Lead — 1839-1858 (plantation journal span; article compiled 2021). Stacy Ashmore Cole, 'List of Enslaved People Belonging to William Jones (1802-1885),' theyhadnames.net, Apr. 27, 2021 (updated May 7, 2021); via staged/deepread-enslavement-legal.json. Plantation journal 1839-1858, Cornelia Jones Pond memoir (1898), deeds, Midway Congregational Church records."
Delia,,,,,"Lead — 1839-1858 (plantation journal span; article compiled 2021). Stacy Ashmore Cole, 'List of Enslaved People Belonging to William Jones (1802-1885),' theyhadnames.net, Apr. 27, 2021 (updated May 7, 2021); via staged/deepread-enslavement-legal.json. Plantation journal 1839-1858, Cornelia Jones Pond memoir (1898), deeds, Midway Congregational Church records."
Diannah,(and her children),,,,"Lead — 1839-1858 (plantation journal span; article compiled 2021). Stacy Ashmore Cole, 'List of Enslaved People Belonging to William Jones (1802-1885),' theyhadnames.net, Apr. 27, 2021 (updated May 7, 2021); via staged/deepread-enslavement-legal.json. Plantation journal 1839-1858, Cornelia Jones Pond memoir (1898), deeds, Midway Congregational Church records."
Dianna,,,,,"Lead — 1839-1858 (plantation journal span; article compiled 2021). Stacy Ashmore Cole, 'List of Enslaved People Belonging to William Jones (1802-1885),' theyhadnames.net, Apr. 27, 2021 (updated May 7, 2021); via staged/deepread-enslavement-legal.json. Plantation journal 1839-1858, Cornelia Jones Pond memoir (1898), deeds, Midway Congregational Church records."
Dinah,,,,,"Lead — 1839-1858 (plantation journal span; article compiled 2021). Stacy Ashmore Cole, 'List of Enslaved People Belonging to William Jones (1802-1885),' theyhadnames.net, Apr. 27, 2021 (updated May 7, 2021); via staged/deepread-enslavement-legal.json. Plantation journal 1839-1858, Cornelia Jones Pond memoir (1898), deeds, Midway Congregational Church records."
Edmond,,,,,"Lead — 1839-1858 (plantation journal span; article compiled 2021). Stacy Ashmore Cole, 'List of Enslaved People Belonging to William Jones (1802-1885),' theyhadnames.net, Apr. 27, 2021 (updated May 7, 2021); via staged/deepread-enslavement-legal.json. Plantation journal 1839-1858, Cornelia Jones Pond memoir (1898), deeds, Midway Congregational Church records."
Elsy,,,,,"Lead — 1839-1858 (plantation journal span; article compiled 2021). Stacy Ashmore Cole, 'List of Enslaved People Belonging to William Jones (1802-1885),' theyhadnames.net, Apr. 27, 2021 (updated May 7, 2021); via staged/deepread-enslavement-legal.json. Plantation journal 1839-1858, Cornelia Jones Pond memoir (1898), deeds, Midway Congregational Church records."
Fannie,,,,,"Lead — 1839-1858 (plantation journal span; article compiled 2021). Stacy Ashmore Cole, 'List of Enslaved People Belonging to William Jones (1802-1885),' theyhadnames.net, Apr. 27, 2021 (updated May 7, 2021); via staged/deepread-enslavement-legal.json. Plantation journal 1839-1858, Cornelia Jones Pond memoir (1898), deeds, Midway Congregational Church records."
Fedee,(and Feedee),,,,"Lead — 1839-1858 (plantation journal span; article compiled 2021). Stacy Ashmore Cole, 'List of Enslaved People Belonging to William Jones (1802-1885),' theyhadnames.net, Apr. 27, 2021 (updated May 7, 2021); via staged/deepread-enslavement-legal.json. Plantation journal 1839-1858, Cornelia Jones Pond memoir (1898), deeds, Midway Congregational Church records."
Frank,,,,,"Lead — 1839-1858 (plantation journal span; article compiled 2021). Stacy Ashmore Cole, 'List of Enslaved People Belonging to William Jones (1802-1885),' theyhadnames.net, Apr. 27, 2021 (updated May 7, 2021); via staged/deepread-enslavement-legal.json. Plantation journal 1839-1858, Cornelia Jones Pond memoir (1898), deeds, Midway Congregational Church records."
Galbo,,,,,"Lead — 1839-1858 (plantation journal span; article compiled 2021). Stacy Ashmore Cole, 'List of Enslaved People Belonging to William Jones (1802-1885),' theyhadnames.net, Apr. 27, 2021 (updated May 7, 2021); via staged/deepread-enslavement-legal.json. Plantation journal 1839-1858, Cornelia Jones Pond memoir (1898), deeds, Midway Congregational Church records."
George,Harden,,,,"Lead — 1839-1858 (plantation journal span; article compiled 2021). Stacy Ashmore Cole, 'List of Enslaved People Belonging to William Jones (1802-1885),' theyhadnames.net, Apr. 27, 2021 (updated May 7, 2021); via staged/deepread-enslavement-legal.json. Plantation journal 1839-1858, Cornelia Jones Pond memoir (1898), deeds, Midway Congregational Church records."
Gilbert,,,,,"Lead — 1839-1858 (plantation journal span; article compiled 2021). Stacy Ashmore Cole, 'List of Enslaved People Belonging to William Jones (1802-1885),' theyhadnames.net, Apr. 27, 2021 (updated May 7, 2021); via staged/deepread-enslavement-legal.json. Plantation journal 1839-1858, Cornelia Jones Pond memoir (1898), deeds, Midway Congregational Church records."
Ginny,,,,,"Lead — 1839-1858 (plantation journal span; article compiled 2021). Stacy Ashmore Cole, 'List of Enslaved People Belonging to William Jones (1802-1885),' theyhadnames.net, Apr. 27, 2021 (updated May 7, 2021); via staged/deepread-enslavement-legal.json. Plantation journal 1839-1858, Cornelia Jones Pond memoir (1898), deeds, Midway Congregational Church records."
Grace,,,,,"Lead — 1839-1858 (plantation journal span; article compiled 2021). Stacy Ashmore Cole, 'List of Enslaved People Belonging to William Jones (1802-1885),' theyhadnames.net, Apr. 27, 2021 (updated May 7, 2021); via staged/deepread-enslavement-legal.json. Plantation journal 1839-1858, Cornelia Jones Pond memoir (1898), deeds, Midway Congregational Church records."
Guy,,,,,"Lead — 1839-1858 (plantation journal span; article compiled 2021). Stacy Ashmore Cole, 'List of Enslaved People Belonging to William Jones (1802-1885),' theyhadnames.net, Apr. 27, 2021 (updated May 7, 2021); via staged/deepread-enslavement-legal.json. Plantation journal 1839-1858, Cornelia Jones Pond memoir (1898), deeds, Midway Congregational Church records."
Hagah/Hagar,,,,,"Lead — 1839-1858 (plantation journal span; article compiled 2021). Stacy Ashmore Cole, 'List of Enslaved People Belonging to William Jones (1802-1885),' theyhadnames.net, Apr. 27, 2021 (updated May 7, 2021); via staged/deepread-enslavement-legal.json. Plantation journal 1839-1858, Cornelia Jones Pond memoir (1898), deeds, Midway Congregational Church records."
Hagah,(Little),,,,"Lead — 1839-1858 (plantation journal span; article compiled 2021). Stacy Ashmore Cole, 'List of Enslaved People Belonging to William Jones (1802-1885),' theyhadnames.net, Apr. 27, 2021 (updated May 7, 2021); via staged/deepread-enslavement-legal.json. Plantation journal 1839-1858, Cornelia Jones Pond memoir (1898), deeds, Midway Congregational Church records."
Hagah,(Old),,,,"Lead — 1839-1858 (plantation journal span; article compiled 2021). Stacy Ashmore Cole, 'List of Enslaved People Belonging to William Jones (1802-1885),' theyhadnames.net, Apr. 27, 2021 (updated May 7, 2021); via staged/deepread-enslavement-legal.json. Plantation journal 1839-1858, Cornelia Jones Pond memoir (1898), deeds, Midway Congregational Church records."
Jack,,,,,"Lead — 1839-1858 (plantation journal span; article compiled 2021). Stacy Ashmore Cole, 'List of Enslaved People Belonging to William Jones (1802-1885),' theyhadnames.net, Apr. 27, 2021 (updated May 7, 2021); via staged/deepread-enslavement-legal.json. Plantation journal 1839-1858, Cornelia Jones Pond memoir (1898), deeds, Midway Congregational Church records."
Jane,,,,,"Lead — 1839-1858 (plantation journal span; article compiled 2021). Stacy Ashmore Cole, 'List of Enslaved People Belonging to William Jones (1802-1885),' theyhadnames.net, Apr. 27, 2021 (updated May 7, 2021); via staged/deepread-enslavement-legal.json. Plantation journal 1839-1858, Cornelia Jones Pond memoir (1898), deeds, Midway Congregational Church records."
Jessee,,,,,"Lead — 1839-1858 (plantation journal span; article compiled 2021). Stacy Ashmore Cole, 'List of Enslaved People Belonging to William Jones (1802-1885),' theyhadnames.net, Apr. 27, 2021 (updated May 7, 2021); via staged/deepread-enslavement-legal.json. Plantation journal 1839-1858, Cornelia Jones Pond memoir (1898), deeds, Midway Congregational Church records."
Judy,,,,,"Lead — 1839-1858 (plantation journal span; article compiled 2021). Stacy Ashmore Cole, 'List of Enslaved People Belonging to William Jones (1802-1885),' theyhadnames.net, Apr. 27, 2021 (updated May 7, 2021); via staged/deepread-enslavement-legal.json. Plantation journal 1839-1858, Cornelia Jones Pond memoir (1898), deeds, Midway Congregational Church records."
Julia,,,,,"Lead — 1839-1858 (plantation journal span; article compiled 2021). Stacy Ashmore Cole, 'List of Enslaved People Belonging to William Jones (1802-1885),' theyhadnames.net, Apr. 27, 2021 (updated May 7, 2021); via staged/deepread-enslavement-legal.json. Plantation journal 1839-1858, Cornelia Jones Pond memoir (1898), deeds, Midway Congregational Church records."
Julia,Harden,,,,"Lead — 1839-1858 (plantation journal span; article compiled 2021). Stacy Ashmore Cole, 'List of Enslaved People Belonging to William Jones (1802-1885),' theyhadnames.net, Apr. 27, 2021 (updated May 7, 2021); via staged/deepread-enslavement-legal.json. Plantation journal 1839-1858, Cornelia Jones Pond memoir (1898), deeds, Midway Congregational Church records."
June,,,,,"Lead — 1839-1858 (plantation journal span; article compiled 2021). Stacy Ashmore Cole, 'List of Enslaved People Belonging to William Jones (1802-1885),' theyhadnames.net, Apr. 27, 2021 (updated May 7, 2021); via staged/deepread-enslavement-legal.json. Plantation journal 1839-1858, Cornelia Jones Pond memoir (1898), deeds, Midway Congregational Church records."
Leah,Harden,,,,"Lead — 1839-1858 (plantation journal span; article compiled 2021). Stacy Ashmore Cole, 'List of Enslaved People Belonging to William Jones (1802-1885),' theyhadnames.net, Apr. 27, 2021 (updated May 7, 2021); via staged/deepread-enslavement-legal.json. Plantation journal 1839-1858, Cornelia Jones Pond memoir (1898), deeds, Midway Congregational Church records."
Louissa,,,,,"Lead — 1839-1858 (plantation journal span; article compiled 2021). Stacy Ashmore Cole, 'List of Enslaved People Belonging to William Jones (1802-1885),' theyhadnames.net, Apr. 27, 2021 (updated May 7, 2021); via staged/deepread-enslavement-legal.json. Plantation journal 1839-1858, Cornelia Jones Pond memoir (1898), deeds, Midway Congregational Church records."
Lydia,,,,,"Lead — 1839-1858 (plantation journal span; article compiled 2021). Stacy Ashmore Cole, 'List of Enslaved People Belonging to William Jones (1802-1885),' theyhadnames.net, Apr. 27, 2021 (updated May 7, 2021); via staged/deepread-enslavement-legal.json. Plantation journal 1839-1858, Cornelia Jones Pond memoir (1898), deeds, Midway Congregational Church records."
Lydia,(and her children),,,,"Lead — 1839-1858 (plantation journal span; article compiled 2021). Stacy Ashmore Cole, 'List of Enslaved People Belonging to William Jones (1802-1885),' theyhadnames.net, Apr. 27, 2021 (updated May 7, 2021); via staged/deepread-enslavement-legal.json. Plantation journal 1839-1858, Cornelia Jones Pond memoir (1898), deeds, Midway Congregational Church records."
Mag,,,,,"Lead — 1839-1858 (plantation journal span; article compiled 2021). Stacy Ashmore Cole, 'List of Enslaved People Belonging to William Jones (1802-1885),' theyhadnames.net, Apr. 27, 2021 (updated May 7, 2021); via staged/deepread-enslavement-legal.json. Plantation journal 1839-1858, Cornelia Jones Pond memoir (1898), deeds, Midway Congregational Church records."
March,,,,,"Lead — 1839-1858 (plantation journal span; article compiled 2021). Stacy Ashmore Cole, 'List of Enslaved People Belonging to William Jones (1802-1885),' theyhadnames.net, Apr. 27, 2021 (updated May 7, 2021); via staged/deepread-enslavement-legal.json. Plantation journal 1839-1858, Cornelia Jones Pond memoir (1898), deeds, Midway Congregational Church records."
March,(Big),,,,"Lead — 1839-1858 (plantation journal span; article compiled 2021). Stacy Ashmore Cole, 'List of Enslaved People Belonging to William Jones (1802-1885),' theyhadnames.net, Apr. 27, 2021 (updated May 7, 2021); via staged/deepread-enslavement-legal.json. Plantation journal 1839-1858, Cornelia Jones Pond memoir (1898), deeds, Midway Congregational Church records."
March,(Little),,,,"Lead — 1839-1858 (plantation journal span; article compiled 2021). Stacy Ashmore Cole, 'List of Enslaved People Belonging to William Jones (1802-1885),' theyhadnames.net, Apr. 27, 2021 (updated May 7, 2021); via staged/deepread-enslavement-legal.json. Plantation journal 1839-1858, Cornelia Jones Pond memoir (1898), deeds, Midway Congregational Church records."
Maria,(and her children),,,,"Lead — 1839-1858 (plantation journal span; article compiled 2021). Stacy Ashmore Cole, 'List of Enslaved People Belonging to William Jones (1802-1885),' theyhadnames.net, Apr. 27, 2021 (updated May 7, 2021); via staged/deepread-enslavement-legal.json. Plantation journal 1839-1858, Cornelia Jones Pond memoir (1898), deeds, Midway Congregational Church records."
Maria,,,,,"Lead — 1839-1858 (plantation journal span; article compiled 2021). Stacy Ashmore Cole, 'List of Enslaved People Belonging to William Jones (1802-1885),' theyhadnames.net, Apr. 27, 2021 (updated May 7, 2021); via staged/deepread-enslavement-legal.json. Plantation journal 1839-1858, Cornelia Jones Pond memoir (1898), deeds, Midway Congregational Church records."
Martha,,,,,"Lead — 1839-1858 (plantation journal span; article compiled 2021). Stacy Ashmore Cole, 'List of Enslaved People Belonging to William Jones (1802-1885),' theyhadnames.net, Apr. 27, 2021 (updated May 7, 2021); via staged/deepread-enslavement-legal.json. Plantation journal 1839-1858, Cornelia Jones Pond memoir (1898), deeds, Midway Congregational Church records."
Matty,,,,,"Lead — 1839-1858 (plantation journal span; article compiled 2021). Stacy Ashmore Cole, 'List of Enslaved People Belonging to William Jones (1802-1885),' theyhadnames.net, Apr. 27, 2021 (updated May 7, 2021); via staged/deepread-enslavement-legal.json. Plantation journal 1839-1858, Cornelia Jones Pond memoir (1898), deeds, Midway Congregational Church records."
Miley,,,,,"Lead — 1839-1858 (plantation journal span; article compiled 2021). Stacy Ashmore Cole, 'List of Enslaved People Belonging to William Jones (1802-1885),' theyhadnames.net, Apr. 27, 2021 (updated May 7, 2021); via staged/deepread-enslavement-legal.json. Plantation journal 1839-1858, Cornelia Jones Pond memoir (1898), deeds, Midway Congregational Church records."
Molly,(and her children),,,,"Lead — 1839-1858 (plantation journal span; article compiled 2021). Stacy Ashmore Cole, 'List of Enslaved People Belonging to William Jones (1802-1885),' theyhadnames.net, Apr. 27, 2021 (updated May 7, 2021); via staged/deepread-enslavement-legal.json. Plantation journal 1839-1858, Cornelia Jones Pond memoir (1898), deeds, Midway Congregational Church records."
Molly,,,,,"Lead — 1839-1858 (plantation journal span; article compiled 2021). Stacy Ashmore Cole, 'List of Enslaved People Belonging to William Jones (1802-1885),' theyhadnames.net, Apr. 27, 2021 (updated May 7, 2021); via staged/deepread-enslavement-legal.json. Plantation journal 1839-1858, Cornelia Jones Pond memoir (1898), deeds, Midway Congregational Church records."
Molly,(Little),,,,"Lead — 1839-1858 (plantation journal span; article compiled 2021). Stacy Ashmore Cole, 'List of Enslaved People Belonging to William Jones (1802-1885),' theyhadnames.net, Apr. 27, 2021 (updated May 7, 2021); via staged/deepread-enslavement-legal.json. Plantation journal 1839-1858, Cornelia Jones Pond memoir (1898), deeds, Midway Congregational Church records."
Nella,,,,,"Lead — 1839-1858 (plantation journal span; article compiled 2021). Stacy Ashmore Cole, 'List of Enslaved People Belonging to William Jones (1802-1885),' theyhadnames.net, Apr. 27, 2021 (updated May 7, 2021); via staged/deepread-enslavement-legal.json. Plantation journal 1839-1858, Cornelia Jones Pond memoir (1898), deeds, Midway Congregational Church records."
Nelly,,,,,"Lead — 1839-1858 (plantation journal span; article compiled 2021). Stacy Ashmore Cole, 'List of Enslaved People Belonging to William Jones (1802-1885),' theyhadnames.net, Apr. 27, 2021 (updated May 7, 2021); via staged/deepread-enslavement-legal.json. Plantation journal 1839-1858, Cornelia Jones Pond memoir (1898), deeds, Midway Congregational Church records."
Peter,Lambright,,,,"Lead — 1839-1858 (plantation journal span; article compiled 2021). Stacy Ashmore Cole, 'List of Enslaved People Belonging to William Jones (1802-1885),' theyhadnames.net, Apr. 27, 2021 (updated May 7, 2021); via staged/deepread-enslavement-legal.json. Plantation journal 1839-1858, Cornelia Jones Pond memoir (1898), deeds, Midway Congregational Church records."
Phillis,Harden,,,,"Lead — 1839-1858 (plantation journal span; article compiled 2021). Stacy Ashmore Cole, 'List of Enslaved People Belonging to William Jones (1802-1885),' theyhadnames.net, Apr. 27, 2021 (updated May 7, 2021); via staged/deepread-enslavement-legal.json. Plantation journal 1839-1858, Cornelia Jones Pond memoir (1898), deeds, Midway Congregational Church records."
Prince,,,,,"Lead — 1839-1858 (plantation journal span; article compiled 2021). Stacy Ashmore Cole, 'List of Enslaved People Belonging to William Jones (1802-1885),' theyhadnames.net, Apr. 27, 2021 (updated May 7, 2021); via staged/deepread-enslavement-legal.json. Plantation journal 1839-1858, Cornelia Jones Pond memoir (1898), deeds, Midway Congregational Church records."
Raymond,,,,,"Lead — 1839-1858 (plantation journal span; article compiled 2021). Stacy Ashmore Cole, 'List of Enslaved People Belonging to William Jones (1802-1885),' theyhadnames.net, Apr. 27, 2021 (updated May 7, 2021); via staged/deepread-enslavement-legal.json. Plantation journal 1839-1858, Cornelia Jones Pond memoir (1898), deeds, Midway Congregational Church records."
Recca,,,,,"Lead — 1839-1858 (plantation journal span; article compiled 2021). Stacy Ashmore Cole, 'List of Enslaved People Belonging to William Jones (1802-1885),' theyhadnames.net, Apr. 27, 2021 (updated May 7, 2021); via staged/deepread-enslavement-legal.json. Plantation journal 1839-1858, Cornelia Jones Pond memoir (1898), deeds, Midway Congregational Church records."
Rosanna,,,,,"Lead — 1839-1858 (plantation journal span; article compiled 2021). Stacy Ashmore Cole, 'List of Enslaved People Belonging to William Jones (1802-1885),' theyhadnames.net, Apr. 27, 2021 (updated May 7, 2021); via staged/deepread-enslavement-legal.json. Plantation journal 1839-1858, Cornelia Jones Pond memoir (1898), deeds, Midway Congregational Church records."
Rose,LeConte (Old),,,,"Lead — 1839-1858 (plantation journal span; article compiled 2021). Stacy Ashmore Cole, 'List of Enslaved People Belonging to William Jones (1802-1885),' theyhadnames.net, Apr. 27, 2021 (updated May 7, 2021); via staged/deepread-enslavement-legal.json. Plantation journal 1839-1858, Cornelia Jones Pond memoir (1898), deeds, Midway Congregational Church records."
Sambo,,,,,"Lead — 1839-1858 (plantation journal span; article compiled 2021). Stacy Ashmore Cole, 'List of Enslaved People Belonging to William Jones (1802-1885),' theyhadnames.net, Apr. 27, 2021 (updated May 7, 2021); via staged/deepread-enslavement-legal.json. Plantation journal 1839-1858, Cornelia Jones Pond memoir (1898), deeds, Midway Congregational Church records."
Sandy,,,,,"Lead — 1839-1858 (plantation journal span; article compiled 2021). Stacy Ashmore Cole, 'List of Enslaved People Belonging to William Jones (1802-1885),' theyhadnames.net, Apr. 27, 2021 (updated May 7, 2021); via staged/deepread-enslavement-legal.json. Plantation journal 1839-1858, Cornelia Jones Pond memoir (1898), deeds, Midway Congregational Church records."
Sandy,(Old),,,,"Lead — 1839-1858 (plantation journal span; article compiled 2021). Stacy Ashmore Cole, 'List of Enslaved People Belonging to William Jones (1802-1885),' theyhadnames.net, Apr. 27, 2021 (updated May 7, 2021); via staged/deepread-enslavement-legal.json. Plantation journal 1839-1858, Cornelia Jones Pond memoir (1898), deeds, Midway Congregational Church records."
Sary,,,,,"Lead — 1839-1858 (plantation journal span; article compiled 2021). Stacy Ashmore Cole, 'List of Enslaved People Belonging to William Jones (1802-1885),' theyhadnames.net, Apr. 27, 2021 (updated May 7, 2021); via staged/deepread-enslavement-legal.json. Plantation journal 1839-1858, Cornelia Jones Pond memoir (1898), deeds, Midway Congregational Church records."
Simon,Way,,,,"Lead — 1839-1858 (plantation journal span; article compiled 2021). Stacy Ashmore Cole, 'List of Enslaved People Belonging to William Jones (1802-1885),' theyhadnames.net, Apr. 27, 2021 (updated May 7, 2021); via staged/deepread-enslavement-legal.json. Plantation journal 1839-1858, Cornelia Jones Pond memoir (1898), deeds, Midway Congregational Church records."
Stephen,,,,,"Lead — 1839-1858 (plantation journal span; article compiled 2021). Stacy Ashmore Cole, 'List of Enslaved People Belonging to William Jones (1802-1885),' theyhadnames.net, Apr. 27, 2021 (updated May 7, 2021); via staged/deepread-enslavement-legal.json. Plantation journal 1839-1858, Cornelia Jones Pond memoir (1898), deeds, Midway Congregational Church records."
Stepney,,,,,"Lead — 1839-1858 (plantation journal span; article compiled 2021). Stacy Ashmore Cole, 'List of Enslaved People Belonging to William Jones (1802-1885),' theyhadnames.net, Apr. 27, 2021 (updated May 7, 2021); via staged/deepread-enslavement-legal.json. Plantation journal 1839-1858, Cornelia Jones Pond memoir (1898), deeds, Midway Congregational Church records."
Stepney,(Little),,,,"Lead — 1839-1858 (plantation journal span; article compiled 2021). Stacy Ashmore Cole, 'List of Enslaved People Belonging to William Jones (1802-1885),' theyhadnames.net, Apr. 27, 2021 (updated May 7, 2021); via staged/deepread-enslavement-legal.json. Plantation journal 1839-1858, Cornelia Jones Pond memoir (1898), deeds, Midway Congregational Church records."
Stepney,(Old),,,,"Lead — 1839-1858 (plantation journal span; article compiled 2021). Stacy Ashmore Cole, 'List of Enslaved People Belonging to William Jones (1802-1885),' theyhadnames.net, Apr. 27, 2021 (updated May 7, 2021); via staged/deepread-enslavement-legal.json. Plantation journal 1839-1858, Cornelia Jones Pond memoir (1898), deeds, Midway Congregational Church records."
Susan,,,,,"Lead — 1839-1858 (plantation journal span; article compiled 2021). Stacy Ashmore Cole, 'List of Enslaved People Belonging to William Jones (1802-1885),' theyhadnames.net, Apr. 27, 2021 (updated May 7, 2021); via staged/deepread-enslavement-legal.json. Plantation journal 1839-1858, Cornelia Jones Pond memoir (1898), deeds, Midway Congregational Church records."
Sylvia,(Old),,,,"Lead — 1839-1858 (plantation journal span; article compiled 2021). Stacy Ashmore Cole, 'List of Enslaved People Belonging to William Jones (1802-1885),' theyhadnames.net, Apr. 27, 2021 (updated May 7, 2021); via staged/deepread-enslavement-legal.json. Plantation journal 1839-1858, Cornelia Jones Pond memoir (1898), deeds, Midway Congregational Church records."
Sylvia,,,,,"Lead — 1839-1858 (plantation journal span; article compiled 2021). Stacy Ashmore Cole, 'List of Enslaved People Belonging to William Jones (1802-1885),' theyhadnames.net, Apr. 27, 2021 (updated May 7, 2021); via staged/deepread-enslavement-legal.json. Plantation journal 1839-1858, Cornelia Jones Pond memoir (1898), deeds, Midway Congregational Church records."
Tenah,,,,,"Lead — 1839-1858 (plantation journal span; article compiled 2021). Stacy Ashmore Cole, 'List of Enslaved People Belonging to William Jones (1802-1885),' theyhadnames.net, Apr. 27, 2021 (updated May 7, 2021); via staged/deepread-enslavement-legal.json. Plantation journal 1839-1858, Cornelia Jones Pond memoir (1898), deeds, Midway Congregational Church records."
Tinny,,,,,"Lead — 1839-1858 (plantation journal span; article compiled 2021). Stacy Ashmore Cole, 'List of Enslaved People Belonging to William Jones (1802-1885),' theyhadnames.net, Apr. 27, 2021 (updated May 7, 2021); via staged/deepread-enslavement-legal.json. Plantation journal 1839-1858, Cornelia Jones Pond memoir (1898), deeds, Midway Congregational Church records."
Titus,,,,,"Lead — 1839-1858 (plantation journal span; article compiled 2021). Stacy Ashmore Cole, 'List of Enslaved People Belonging to William Jones (1802-1885),' theyhadnames.net, Apr. 27, 2021 (updated May 7, 2021); via staged/deepread-enslavement-legal.json. Plantation journal 1839-1858, Cornelia Jones Pond memoir (1898), deeds, Midway Congregational Church records."
Toney,,,,,"Lead — 1839-1858 (plantation journal span; article compiled 2021). Stacy Ashmore Cole, 'List of Enslaved People Belonging to William Jones (1802-1885),' theyhadnames.net, Apr. 27, 2021 (updated May 7, 2021); via staged/deepread-enslavement-legal.json. Plantation journal 1839-1858, Cornelia Jones Pond memoir (1898), deeds, Midway Congregational Church records."
Toney,(Little),,,,"Lead — 1839-1858 (plantation journal span; article compiled 2021). Stacy Ashmore Cole, 'List of Enslaved People Belonging to William Jones (1802-1885),' theyhadnames.net, Apr. 27, 2021 (updated May 7, 2021); via staged/deepread-enslavement-legal.json. Plantation journal 1839-1858, Cornelia Jones Pond memoir (1898), deeds, Midway Congregational Church records."
Willoby,,,,,"Lead — 1839-1858 (plantation journal span; article compiled 2021). Stacy Ashmore Cole, 'List of Enslaved People Belonging to William Jones (1802-1885),' theyhadnames.net, Apr. 27, 2021 (updated May 7, 2021); via staged/deepread-enslavement-legal.json. Plantation journal 1839-1858, Cornelia Jones Pond memoir (1898), deeds, Midway Congregational Church records."
Willoby,(Old),,,,"Lead — 1839-1858 (plantation journal span; article compiled 2021). Stacy Ashmore Cole, 'List of Enslaved People Belonging to William Jones (1802-1885),' theyhadnames.net, Apr. 27, 2021 (updated May 7, 2021); via staged/deepread-enslavement-legal.json. Plantation journal 1839-1858, Cornelia Jones Pond memoir (1898), deeds, Midway Congregational Church records."
Zetta,,,,,"Lead — 1839-1858 (plantation journal span; article compiled 2021). Stacy Ashmore Cole, 'List of Enslaved People Belonging to William Jones (1802-1885),' theyhadnames.net, Apr. 27, 2021 (updated May 7, 2021); via staged/deepread-enslavement-legal.json. Plantation journal 1839-1858, Cornelia Jones Pond memoir (1898), deeds, Midway Congregational Church records."
Zog,,,,Male,"Lead — 1839-1858 (plantation journal span; article compiled 2021). Stacy Ashmore Cole, 'List of Enslaved People Belonging to William Jones (1802-1885),' theyhadnames.net, Apr. 27, 2021 (updated May 7, 2021); via staged/deepread-enslavement-legal.json. Plantation journal 1839-1858, Cornelia Jones Pond memoir (1898), deeds, Midway Congregational Church records."
John,Rawlins,over 21,,,"Lead — 1822-12-08 (act); freedom effective 1823-01-01 for those over 21. Act of December 8, 1822, reprinted verbatim in Henry Marks, 'A Slave Emancipation Act in Early North Alabama,' Huntsville Historical Review 4:3 (July 1974); via staged/deepread-enslavement-legal.json."
Jack,Lewis,over 21,,,"Lead — 1822-12-08 (act); freedom effective 1823-01-01 for those over 21. Act of December 8, 1822, reprinted verbatim in Henry Marks, 'A Slave Emancipation Act in Early North Alabama,' Huntsville Historical Review 4:3 (July 1974); via staged/deepread-enslavement-legal.json."
John,Fellows,over 21,,,"Lead — 1822-12-08 (act); freedom effective 1823-01-01 for those over 21. Act of December 8, 1822, reprinted verbatim in Henry Marks, 'A Slave Emancipation Act in Early North Alabama,' Huntsville Historical Review 4:3 (July 1974); via staged/deepread-enslavement-legal.json."
Thener,,over 21,,,"Lead — 1822-12-08 (act); freedom effective 1823-01-01 for those over 21. Act of December 8, 1822, reprinted verbatim in Henry Marks, 'A Slave Emancipation Act in Early North Alabama,' Huntsville Historical Review 4:3 (July 1974); via staged/deepread-enslavement-legal.json."
Fanny,,under 21,,,"Lead — 1822-12-08 (act); freedom effective 1823-01-01 for those over 21. Act of December 8, 1822, reprinted verbatim in Henry Marks, 'A Slave Emancipation Act in Early North Alabama,' Huntsville Historical Review 4:3 (July 1974); via staged/deepread-enslavement-legal.json."
Susan,,under 21,,,"Lead — 1822-12-08 (act); freedom effective 1823-01-01 for those over 21. Act of December 8, 1822, reprinted verbatim in Henry Marks, 'A Slave Emancipation Act in Early North Alabama,' Huntsville Historical Review 4:3 (July 1974); via staged/deepread-enslavement-legal.json."
Harriet,McCauley,16,,,"Lead — 1868. WikiTree/Space page 'Thomas McCalley Plantation, Madison County, Alabama' (modified 2023-03-13); 1868 Freedmen's Census p.20 (NARA M1900, Roll 19, image 12 of 82); Freedmen's Bank records NARA M816; via staged/deepread-enslavement-legal.json."
Berry,Scruggs,,,,"Lead — post-emancipation (Freedmen's Bank era). WikiTree/Space page 'Thomas McCalley Plantation, Madison County, Alabama' (modified 2023-03-13); 1868 Freedmen's Census p.20 (NARA M1900, Roll 19, image 12 of 82); Freedmen's Bank records NARA M816; via staged/deepread-enslavement-legal.json."
Burgess,E. Scruggs,,,,"Lead — post-emancipation (Freedmen's Bank era). WikiTree/Space page 'Thomas McCalley Plantation, Madison County, Alabama' (modified 2023-03-13); 1868 Freedmen's Census p.20 (NARA M1900, Roll 19, image 12 of 82); Freedmen's Bank records NARA M816; via staged/deepread-enslavement-legal.json."
Humphrey,Taylor,,,,"Lead — post-emancipation (Freedmen's Bank era). WikiTree/Space page 'Thomas McCalley Plantation, Madison County, Alabama' (modified 2023-03-13); 1868 Freedmen's Census p.20 (NARA M1900, Roll 19, image 12 of 82); Freedmen's Bank records NARA M816; via staged/deepread-enslavement-legal.json."
Frances,Miller,36,,Female,"Lead — 1880 — U.S. Federal Census, Huntsville, Madison County, Alabama, ED 234, dwelling 86/family 110; servant in the household of Paul L. Jones (lawyer); single; born Alabama; Ancestry image 4239783-00569","1880 household of Paul L. Jones (40, lawyer), wife Lucy (37), six children; Miller Frances (36, single, servant) is the only non-family member. Surname Miller per manuscript ('Miller Frances'); race mark uncertain — possibly 'mu' (mulatto), NOT merged with any live Miller/Frances. Dedupe vs live DB2 row 1506: 0 matches — staged as new. Pairs with DB1 row 1310; DB4 row 539. [deferred-folders pass 2026-09-23]"
Penny,,,,,,"Named in the Ancestry user tree (tree/210795668) as the mother of Polly Jones (b. Feb 1830, Alabama), with Alexander P. Jones. No surname, no dates, no status beyond the label in the print. Tree label preserved exactly as 'Penny Enslaved'; nothing inferred beyond the label. [deferred-folders pass 2026-09-23]"
Charles W.,Jones,"22 (b. ~1851, inferred from stated age at July 1873; not stated in manuscript)",light Brown (as written),,"Freedman's Bank signature register, NARA M816 roll 2 (Mobile, Alabama branch), frame 673, entry 7961, dated July 17, 1873. 'Chas. W. Jones'; complexion 'light Brown' (as written); born and brought up Tuscaloosa; living Mobile, 'Royal St by Dauphin & St Ann' (final word clipped at column edge); signed his own name — literate (NOT a mark). Father 'S. W. Jones' (initials only); mother 'C. Wiley Jones'; one sibling 'S. C. Jones'. No occupation, wife, or children stated; sex not stated on the form."
S. W.,Jones,,,,"Named as the father of Charles W. Jones in Freedman's Bank entry 7961 (NARA M816 roll 2, Mobile branch, frame 673, July 17, 1873). First initial reads as 'S' (tall looped cursive S; does not match the clerk's capital J form); second initial 'W'. Kept as initials — do not expand.","Plausible-but-unproven match to Shandy Wesley Jones (b. 1816, DB2 row 1213): initials fit, generation fits (Shandy ~35 at Charles's ~1851 birth), Shandy in Tuscaloosa by 1837. AGAINST: initials only (could be Samuel, Solomon, etc.); the record names no link. FENCED from row 1213 — not merged without direct evidence. Dedupe vs live DB2 row 1506: 0 identity matches — staged as new. Pairs with DB1 rows 1334, 1336; DB4 row 548; paper notes [374]–[375]. [deferred-folders pass 2026-09-23]"
C. Wiley,Jones,,,,"Named as the mother of Charles W. Jones in Freedman's Bank entry 7961 (NARA M816 roll 2, Mobile branch, frame 673, July 17, 1873). First initial 'C' (open form; 'E' possible but less likely); middle name 'Wiley' as written — possibly her maiden name.","Unattested in current Shandy scholarship (Shandy's documented mother is Elizabeth, manumitted Dec 11, 1820). Not merged with DB2 row 1084 ('Wiley Jones', SCC claim 13503 — different person; surname-only coincidence). Search census/DB2 for 'C. Wiley Jones' and Wiley-surname households. Dedupe vs live DB2 row 1506: 0 identity matches — staged as new. Pairs with DB1 rows 1334, 1336; DB4 row 548; paper notes [374]–[375]. [deferred-folders pass 2026-09-23]"
S. C.,Jones,,,,"Named as the one sibling of Charles W. Jones in Freedman's Bank entry 7961 (NARA M816 roll 2, Mobile branch, frame 673, July 17, 1873). First initial 'S' ('L' possible); second initial 'C'.","Unattested elsewhere in the project record. Search census/DB2; do not merge with any existing row without direct evidence. Dedupe vs live DB2 row 1506: 0 identity matches — staged as new. Pairs with DB1 rows 1334, 1336; DB4 rows 548–549; paper notes [374]–[375]. [deferred-folders pass 2026-09-23]"
Druella,Jones
Hercules,,"about ten (at suit, 1844-47)",,Male,"William Dearing vs John F. Lightfoot, Circuit Court, Lawrence County, Alabama — clerk-certified transcript (Final Record Vol. A.A., pp. 403-408; copied Nov 15, 1848; typed FromThePage transcription May 2023); PDF 1jA71kFAQ5JWK4W5lJtMqfwP_dEOtnt88. Enslaved boy, mortgage property of James Jackson; sued for in detinue by mortgagee William Dearing; sold to Col. John F. Lightfoot by Dr. Henry M. Jackson. Mortgage dated October 24, 1840; detinue writ Feb 10, 1844; trial Sept term 1847; valued at $2,000.","Spelling varies in the record: Harceles, Harcles, Hercles. In Dearing's prima facie title the boys were his as mortgagee of James Jackson; Lightfoot bought from Dr. H. M. Jackson (acting as his father's agent) in January 1842 for ~$1,000 by assuming James Jackson's debts. Carried by James Jackson from the Western District of Tennessee to North Alabama in 1832; at suit held by Col. J. F. Lightfoot (Lawrence County, Alabama). Sex: male (a boy) per record. Deduped against live DB2 through row 1693 — no Hercules/Harceles/Harcles/Hercles anywhere in the sheet. Not merged with any existing row. [DB2 fold-in 2026-09-23]"
Solomon,,"about twenty (at suit, 1844-47)",,Male,"William Dearing vs John F. Lightfoot, Circuit Court, Lawrence County, Alabama — clerk-certified transcript (Final Record Vol. A.A., pp. 403-408; copied Nov 15, 1848; typed FromThePage transcription May 2023); PDF 1jA71kFAQ5JWK4W5lJtMqfwP_dEOtnt88. Enslaved boy, mortgage property of James Jackson; sued for in detinue by mortgagee William Dearing; sold to Col. John F. Lightfoot by Dr. Henry M. Jackson. Mortgage dated October 24, 1840; detinue writ Feb 10, 1844; trial Sept term 1847; valued at $2,000.","James Jackson's deposition: he gave Dr. Jackson 'no special authority' to sell Solomon and Hercules, only a general power of attorney. Dearing twice told Dr. Jackson (Jan. & May 1841) that the proper course was to sell the mortgaged enslaved people. Carried by James Jackson from the Western District of Tennessee to North Alabama in 1832; at suit held by Col. J. F. Lightfoot (Lawrence County, Alabama). Sex: male (a boy) per record. Kept DISTINCT from live row 1027 (Solomon, James Manning 1841 probate, The Grove), row 1045/1434 (Solomon, about 60 in 1821, Peter Blow deed of trust), and row 1511 (Solomon Jones, 1877 SCC filing) — different people, different contexts; not merged. [DB2 fold-in 2026-09-23]"
Aggy,,,,Female,"James Jackson deposition in William Dearing vs John F. Lightfoot, Circuit Court, Lawrence County, Alabama; PDF 1jA71kFAQ5JWK4W5lJtMqfwP_dEOtnt88. Named within the 1844-1847 detinue suit.","James Jackson stated he inherited his enslaved people from his father 'with the exception of a woman Aggy given him by his wife's uncle and a man Edward bought by him in Jefferson Co., Georgia in 1816 or 1817.' Sex: female (a woman) per record. Kept DISTINCT from live row 1186 (Aggy, bequeathed with four children to Elizabeth Jackson Dabney in the 1791/1794 Thomas Jackson will, Louisa Co., VA) — half a century earlier, different person; not merged. [DB2 fold-in 2026-09-23]"
Edward,,,,Male,"James Jackson deposition in William Dearing vs John F. Lightfoot, Circuit Court, Lawrence County, Alabama; PDF 1jA71kFAQ5JWK4W5lJtMqfwP_dEOtnt88. Bought in Jefferson County, Georgia, in 1816 or 1817; named in the 1844-1847 detinue suit.","Sex: male (a man) per record. Kept DISTINCT from live row 230 (Edward Pope, Freedmen's Bank), row 1017 (Edward, James Manning 1841 probate, The Grove), and row 1410 (Edward Moore, formerly enslaved on the Harris plantation, SCC witness) — different people; not merged. [DB2 fold-in 2026-09-23]"
Tilla,,,,,"James Jackson deposition in William Dearing vs John F. Lightfoot, Circuit Court, Lawrence County, Alabama; PDF 1jA71kFAQ5JWK4W5lJtMqfwP_dEOtnt88. Named in the 1844-1847 detinue suit; mortgage property of James Jackson."
Fenton,,,,,"James Jackson deposition in William Dearing vs John F. Lightfoot, Circuit Court, Lawrence County, Alabama; PDF 1jA71kFAQ5JWK4W5lJtMqfwP_dEOtnt88. Named in the 1844-1847 detinue suit; mortgage property of James Jackson."
Will,,,"Black (""Negroe men"" per record)",Male,"Bedford County, Virginia chancery cause 1820-022: William L. Adams v. Richard & Benjamin Perkins (40 images, Library of Virginia; firsthand visual read, no OCR; read 2026-09-23). Dispute over the hire of three enslaved watermen for 1803; case revived/active 1820, disposition unknown from the file. Will: enslaved waterman of Richard Perkins Senr of Fluvanna Co., VA; 'head man' of the boat; hired to William L. Adams for one year from 1 Jan 1803 to 1 Jan 1804 at £90 for the three hands; carried 146 barrels of flour freight (£18.5s, via Jesse Moore's order on the Richmond merchants).","Applied to Jesse Moore 1 Feb 1803 for loading. Kept DISTINCT from every other live Will/William row — Big Will (rows 87/1364/1422, 1805 Lewellen Jones deed of gift); Will in the 1821 Peter Blow deed of trust (rows 1039/1428); Will Kanadey (row 1414, Orlando Jones 1719 will); Willoby/Willoby (Old) (rows 1673/1674, Georgia Jones line); and all Freedmen's Bank/post-emancipation William rows (214, 225, 239, 242, 252, 260, 263, 410, 1085, 1135, 1141, 1194, 1218, 1264, 1275, 1277, 1295, 1301, 1303, 1350, 1437, 1449, 1464, 1498) — different people, different eras/records; not merged. Sex and race grounded in the record's 'three Negroe men,' not inferred from the name. [DB2 fold-in 2026-09-23]"
James,,,"Black (""Negroe men"" per record)",Male,"Bedford County, Virginia chancery cause 1820-022: William L. Adams v. Richard & Benjamin Perkins (40 images, Library of Virginia; firsthand visual read, no OCR; read 2026-09-23). Dispute over the hire of three enslaved watermen for 1803; case revived/active 1820, disposition unknown from the file. James: enslaved waterman of Richard Perkins Senr of Fluvanna Co., VA, hired to William L. Adams for 1803; named by Richard Murray.","Kept DISTINCT from every other live James row — James (row 130, 1846 Chesterfield indenture); James Jones (row 155, 1860 Limestone slave schedule); James Scruggs cluster (237/269/284/1138, Freedmen's Bank); James (row 359, 1816 John Echols will); Nancoo James (row 1061, 1797 James Read estate, Bedford Co., VA); James Hall/James Steele (1297/1300, 1867 applicant records); George/Toby/Frances/Mary James (1370-1373, 1865 colored census); James Jones (1467, 1866 census); James (1485, murders/outrages list); Emory James Jones (1329); James Fraser (176) — different people; not merged. Sex and race grounded in the record's 'three Negroe men,' not inferred from the name. [DB2 fold-in 2026-09-23]"
Jack,,,"Black (""Negroe men"" per record)",Male,"Bedford County, Virginia chancery cause 1820-022: William L. Adams v. Richard & Benjamin Perkins (40 images, Library of Virginia; firsthand visual read, no OCR; read 2026-09-23). Dispute over the hire of three enslaved watermen for 1803; case revived/active 1820, disposition unknown from the file. Jack: enslaved waterman of Richard Perkins Senr of Fluvanna Co., VA, hired to William L. Adams for 1803; named by Richard Murray.","Kept DISTINCT from every other live Jack row — Jack belonging to Lucy Jones (row 1153, St. Peter's Parish register, d. June 22, 1721); 'Old Jack' (row 1167, Orlando Jones 1719 will, Cohoke); Jack (row 1624, Georgia Jones line, theyhadnames.net); Jack Lewis (row 1678, emancipated by the Dec 8, 1822 act) — different people; not merged. Sex and race grounded in the record's 'three Negroe men,' not inferred from the name. [DB2 fold-in 2026-09-23]"
Billy,a Waterman,,,,"Bedford County, Virginia chancery cause 1841-044: Benjamin Moore v. Benjamin Perkins et als, County Court of Bedford in Chancery (bill + subpoena dated 20 November 1820; dismissed at September 1841 rules; firsthand visual read of all PNGs, no OCR; read 2026-09-23). Moore alleged these 14 enslaved people were Benjamin Perkins's property, fraudulently put in the possession of his brother Richard Perkins under formal bills of sale as a means of covering the property from Benjamin Perkins's creditors; Richard Perkins was actually removing them westward under the care/management of Woodson Dowdy. Moore asked the court to decree the 14 to him 'they being the proper slaves of the sd Benjn Perkins & their increase if any of the females of them.' Names as written in the BILL (primary). The anti-removal writ (img-0006) repeats names with partially variant/uncertain readings: 'Rebeky' [vs Delphy?], 'Betsy' [vs Polly?], and a trailing 'Steven' [uncertain]; bill spellings taken as primary. Named in the bill as 'Billy a Waterman' — one of the 14."
Billy,an old man,,,,"Bedford County, Virginia chancery cause 1841-044: Benjamin Moore v. Benjamin Perkins et als, County Court of Bedford in Chancery (bill + subpoena dated 20 November 1820; dismissed at September 1841 rules; firsthand visual read of all PNGs, no OCR; read 2026-09-23). Moore alleged these 14 enslaved people were Benjamin Perkins's property, fraudulently put in the possession of his brother Richard Perkins under formal bills of sale as a means of covering the property from Benjamin Perkins's creditors; Richard Perkins was actually removing them westward under the care/management of Woodson Dowdy. Moore asked the court to decree the 14 to him 'they being the proper slaves of the sd Benjn Perkins & their increase if any of the females of them.' Names as written in the BILL (primary). The anti-removal writ (img-0006) repeats names with partially variant/uncertain readings: 'Rebeky' [vs Delphy?], 'Betsy' [vs Polly?], and a trailing 'Steven' [uncertain]; bill spellings taken as primary. Named in the bill as 'Billy an old man' — one of the 14."
Sally,,,,,"Bedford County, Virginia chancery cause 1841-044: Benjamin Moore v. Benjamin Perkins et als, County Court of Bedford in Chancery (bill + subpoena dated 20 November 1820; dismissed at September 1841 rules; firsthand visual read of all PNGs, no OCR; read 2026-09-23). Moore alleged these 14 enslaved people were Benjamin Perkins's property, fraudulently put in the possession of his brother Richard Perkins under formal bills of sale as a means of covering the property from Benjamin Perkins's creditors; Richard Perkins was actually removing them westward under the care/management of Woodson Dowdy. Moore asked the court to decree the 14 to him 'they being the proper slaves of the sd Benjn Perkins & their increase if any of the females of them.' Names as written in the BILL (primary). The anti-removal writ (img-0006) repeats names with partially variant/uncertain readings: 'Rebeky' [vs Delphy?], 'Betsy' [vs Polly?], and a trailing 'Steven' [uncertain]; bill spellings taken as primary. Named in the bill as Sally — one of the 14."
Judith,,,,,"Bedford County, Virginia chancery cause 1841-044: Benjamin Moore v. Benjamin Perkins et als, County Court of Bedford in Chancery (bill + subpoena dated 20 November 1820; dismissed at September 1841 rules; firsthand visual read of all PNGs, no OCR; read 2026-09-23). Moore alleged these 14 enslaved people were Benjamin Perkins's property, fraudulently put in the possession of his brother Richard Perkins under formal bills of sale as a means of covering the property from Benjamin Perkins's creditors; Richard Perkins was actually removing them westward under the care/management of Woodson Dowdy. Moore asked the court to decree the 14 to him 'they being the proper slaves of the sd Benjn Perkins & their increase if any of the females of them.' Names as written in the BILL (primary). The anti-removal writ (img-0006) repeats names with partially variant/uncertain readings: 'Rebeky' [vs Delphy?], 'Betsy' [vs Polly?], and a trailing 'Steven' [uncertain]; bill spellings taken as primary. Named in the bill as Judith — one of the 14."
Cato,,,,,"Bedford County, Virginia chancery cause 1841-044: Benjamin Moore v. Benjamin Perkins et als, County Court of Bedford in Chancery (bill + subpoena dated 20 November 1820; dismissed at September 1841 rules; firsthand visual read of all PNGs, no OCR; read 2026-09-23). Moore alleged these 14 enslaved people were Benjamin Perkins's property, fraudulently put in the possession of his brother Richard Perkins under formal bills of sale as a means of covering the property from Benjamin Perkins's creditors; Richard Perkins was actually removing them westward under the care/management of Woodson Dowdy. Moore asked the court to decree the 14 to him 'they being the proper slaves of the sd Benjn Perkins & their increase if any of the females of them.' Names as written in the BILL (primary). The anti-removal writ (img-0006) repeats names with partially variant/uncertain readings: 'Rebeky' [vs Delphy?], 'Betsy' [vs Polly?], and a trailing 'Steven' [uncertain]; bill spellings taken as primary. Named in the bill as Cato — one of the 14."
Libby,,,,,"Bedford County, Virginia chancery cause 1841-044: Benjamin Moore v. Benjamin Perkins et als, County Court of Bedford in Chancery (bill + subpoena dated 20 November 1820; dismissed at September 1841 rules; firsthand visual read of all PNGs, no OCR; read 2026-09-23). Moore alleged these 14 enslaved people were Benjamin Perkins's property, fraudulently put in the possession of his brother Richard Perkins under formal bills of sale as a means of covering the property from Benjamin Perkins's creditors; Richard Perkins was actually removing them westward under the care/management of Woodson Dowdy. Moore asked the court to decree the 14 to him 'they being the proper slaves of the sd Benjn Perkins & their increase if any of the females of them.' Names as written in the BILL (primary). The anti-removal writ (img-0006) repeats names with partially variant/uncertain readings: 'Rebeky' [vs Delphy?], 'Betsy' [vs Polly?], and a trailing 'Steven' [uncertain]; bill spellings taken as primary. Named in the bill as Libby — one of the 14."
Adaline,,,,,"Bedford County, Virginia chancery cause 1841-044: Benjamin Moore v. Benjamin Perkins et als, County Court of Bedford in Chancery (bill + subpoena dated 20 November 1820; dismissed at September 1841 rules; firsthand visual read of all PNGs, no OCR; read 2026-09-23). Moore alleged these 14 enslaved people were Benjamin Perkins's property, fraudulently put in the possession of his brother Richard Perkins under formal bills of sale as a means of covering the property from Benjamin Perkins's creditors; Richard Perkins was actually removing them westward under the care/management of Woodson Dowdy. Moore asked the court to decree the 14 to him 'they being the proper slaves of the sd Benjn Perkins & their increase if any of the females of them.' Names as written in the BILL (primary). The anti-removal writ (img-0006) repeats names with partially variant/uncertain readings: 'Rebeky' [vs Delphy?], 'Betsy' [vs Polly?], and a trailing 'Steven' [uncertain]; bill spellings taken as primary. Named in the bill as Adaline — one of the 14."
Maria,,,,,"Bedford County, Virginia chancery cause 1841-044: Benjamin Moore v. Benjamin Perkins et als, County Court of Bedford in Chancery (bill + subpoena dated 20 November 1820; dismissed at September 1841 rules; firsthand visual read of all PNGs, no OCR; read 2026-09-23). Moore alleged these 14 enslaved people were Benjamin Perkins's property, fraudulently put in the possession of his brother Richard Perkins under formal bills of sale as a means of covering the property from Benjamin Perkins's creditors; Richard Perkins was actually removing them westward under the care/management of Woodson Dowdy. Moore asked the court to decree the 14 to him 'they being the proper slaves of the sd Benjn Perkins & their increase if any of the females of them.' Names as written in the BILL (primary). The anti-removal writ (img-0006) repeats names with partially variant/uncertain readings: 'Rebeky' [vs Delphy?], 'Betsy' [vs Polly?], and a trailing 'Steven' [uncertain]; bill spellings taken as primary. Named in the bill as Maria — one of the 14."
Delphy,,,,,"Bedford County, Virginia chancery cause 1841-044: Benjamin Moore v. Benjamin Perkins et als, County Court of Bedford in Chancery (bill + subpoena dated 20 November 1820; dismissed at September 1841 rules; firsthand visual read of all PNGs, no OCR; read 2026-09-23). Moore alleged these 14 enslaved people were Benjamin Perkins's property, fraudulently put in the possession of his brother Richard Perkins under formal bills of sale as a means of covering the property from Benjamin Perkins's creditors; Richard Perkins was actually removing them westward under the care/management of Woodson Dowdy. Moore asked the court to decree the 14 to him 'they being the proper slaves of the sd Benjn Perkins & their increase if any of the females of them.' Names as written in the BILL (primary). The anti-removal writ (img-0006) repeats names with partially variant/uncertain readings: 'Rebeky' [vs Delphy?], 'Betsy' [vs Polly?], and a trailing 'Steven' [uncertain]; bill spellings taken as primary. Named in the bill as Delphy — one of the 14. Writ variant: the anti-removal writ reads 'Rebeky' in this position [uncertain] — bill spelling taken as primary; flagged for manuscript re-read."
Polly,,,,,"Bedford County, Virginia chancery cause 1841-044: Benjamin Moore v. Benjamin Perkins et als, County Court of Bedford in Chancery (bill + subpoena dated 20 November 1820; dismissed at September 1841 rules; firsthand visual read of all PNGs, no OCR; read 2026-09-23). Moore alleged these 14 enslaved people were Benjamin Perkins's property, fraudulently put in the possession of his brother Richard Perkins under formal bills of sale as a means of covering the property from Benjamin Perkins's creditors; Richard Perkins was actually removing them westward under the care/management of Woodson Dowdy. Moore asked the court to decree the 14 to him 'they being the proper slaves of the sd Benjn Perkins & their increase if any of the females of them.' Names as written in the BILL (primary). The anti-removal writ (img-0006) repeats names with partially variant/uncertain readings: 'Rebeky' [vs Delphy?], 'Betsy' [vs Polly?], and a trailing 'Steven' [uncertain]; bill spellings taken as primary. Named in the bill as Polly — one of the 14. Writ variant: the anti-removal writ reads 'Betsy' in this position [uncertain] — bill spelling taken as primary; flagged for manuscript re-read."
Bob,,,,,"Bedford County, Virginia chancery cause 1841-044: Benjamin Moore v. Benjamin Perkins et als, County Court of Bedford in Chancery (bill + subpoena dated 20 November 1820; dismissed at September 1841 rules; firsthand visual read of all PNGs, no OCR; read 2026-09-23). Moore alleged these 14 enslaved people were Benjamin Perkins's property, fraudulently put in the possession of his brother Richard Perkins under formal bills of sale as a means of covering the property from Benjamin Perkins's creditors; Richard Perkins was actually removing them westward under the care/management of Woodson Dowdy. Moore asked the court to decree the 14 to him 'they being the proper slaves of the sd Benjn Perkins & their increase if any of the females of them.' Names as written in the BILL (primary). The anti-removal writ (img-0006) repeats names with partially variant/uncertain readings: 'Rebeky' [vs Delphy?], 'Betsy' [vs Polly?], and a trailing 'Steven' [uncertain]; bill spellings taken as primary. Named in the bill as Bob — one of the 14."
Philada,,,,,"Bedford County, Virginia chancery cause 1841-044: Benjamin Moore v. Benjamin Perkins et als, County Court of Bedford in Chancery (bill + subpoena dated 20 November 1820; dismissed at September 1841 rules; firsthand visual read of all PNGs, no OCR; read 2026-09-23). Moore alleged these 14 enslaved people were Benjamin Perkins's property, fraudulently put in the possession of his brother Richard Perkins under formal bills of sale as a means of covering the property from Benjamin Perkins's creditors; Richard Perkins was actually removing them westward under the care/management of Woodson Dowdy. Moore asked the court to decree the 14 to him 'they being the proper slaves of the sd Benjn Perkins & their increase if any of the females of them.' Names as written in the BILL (primary). The anti-removal writ (img-0006) repeats names with partially variant/uncertain readings: 'Rebeky' [vs Delphy?], 'Betsy' [vs Polly?], and a trailing 'Steven' [uncertain]; bill spellings taken as primary. Named in the bill as Philada — one of the 14. Spelling as written in the bill; re-read priority if images become legible."
Jane,,,,,"Bedford County, Virginia chancery cause 1841-044: Benjamin Moore v. Benjamin Perkins et als, County Court of Bedford in Chancery (bill + subpoena dated 20 November 1820; dismissed at September 1841 rules; firsthand visual read of all PNGs, no OCR; read 2026-09-23). Moore alleged these 14 enslaved people were Benjamin Perkins's property, fraudulently put in the possession of his brother Richard Perkins under formal bills of sale as a means of covering the property from Benjamin Perkins's creditors; Richard Perkins was actually removing them westward under the care/management of Woodson Dowdy. Moore asked the court to decree the 14 to him 'they being the proper slaves of the sd Benjn Perkins & their increase if any of the females of them.' Names as written in the BILL (primary). The anti-removal writ (img-0006) repeats names with partially variant/uncertain readings: 'Rebeky' [vs Delphy?], 'Betsy' [vs Polly?], and a trailing 'Steven' [uncertain]; bill spellings taken as primary. Named in the bill as Jane — one of the 14."
Lewis,,,,,"Bedford County, Virginia chancery cause 1841-044: Benjamin Moore v. Benjamin Perkins et als, County Court of Bedford in Chancery (bill + subpoena dated 20 November 1820; dismissed at September 1841 rules; firsthand visual read of all PNGs, no OCR; read 2026-09-23). Moore alleged these 14 enslaved people were Benjamin Perkins's property, fraudulently put in the possession of his brother Richard Perkins under formal bills of sale as a means of covering the property from Benjamin Perkins's creditors; Richard Perkins was actually removing them westward under the care/management of Woodson Dowdy. Moore asked the court to decree the 14 to him 'they being the proper slaves of the sd Benjn Perkins & their increase if any of the females of them.' Names as written in the BILL (primary). The anti-removal writ (img-0006) repeats names with partially variant/uncertain readings: 'Rebeky' [vs Delphy?], 'Betsy' [vs Polly?], and a trailing 'Steven' [uncertain]; bill spellings taken as primary. Named in the bill as Lewis — one of the 14."
Pleasant (corrected from 'Giles' misread — see Notes),,,,,"Samuel G. Beary letter to 'Mrs Elizabeth Jones,' Feb 23, 1842 — J2 doc 016 (FamilySearch image group 005178550, image 193 of 1234); firsthand manuscript read 2026-09-22. Enslaved person, hired out (in Elizabeth Jones's control to send). [2026-09-23 correction: firsthand re-read of the manuscript (TS010312.pdf, same page: IG 005178550 img 193 of 1234) reads the hired person's name as 'ples' — the period abbreviation of Pleasant — NOT 'Giles'. The 2026-09-22 'Giles' read was a misread. This letter is the same hire offer already recorded on DB2 row 1351 (Pleasant).]"
Junius,W. Blunt,,"Black (""a negro"" per record)",,"Chancery bill, paragraphs 5-6, fraud/coercion suit to set aside a deed — J3 doc 043 (FamilySearch image group 005498864, image 294 of 1113); typed transcript chancery bill, undated, post-1900."
Thomas,Jones,47 ('my age is forty seven years'),,Male,"Farmer; SCC estate-claim witness (Seaborn Jones Sr. estate, No. 19,875); the estate wrapper lists 'Thomas White 60 to 72' but dep pp. 62-71 are signed 'Thomas Jones' in his own hand — the wrapper entry is a mislabel | Estate claim 19,875 (serial 19,875; report 54,830); deposition dep pp. 62-71"
Thomas,White,,,,"Named as an expected witness on the Seaborn Jones Sr. estate-claim front page and on the loyalty and fact interrogatory covers of the individual claim — but no deposition by Thomas White exists in the 155-page file; the wrapper's 'Thomas White 60 to 72' is Thomas Jones's deposition | Named on estate-claim front page and interrogatory covers, SCC claims 19,875/19,876"
Alexander,(Alex P.) Jones,,,Male,"White planter, Madison County; enslaver of Marshall, Nancy, and Zachariah Jones; old-bachelor owner of ~5,000 acres, d. 1865 | Nancy Jones, Marshall Jones, and John A. Hilliard depositions in Nancy Jones SCC file No. 2753; 1860 slave schedule (NARA M653, roll 30) verification, research_notes/alexander-p-jones-slave-schedule-20260921/"
Spotswood,Perkins,,,Male,"White man; business agent for Alexander (Alex P.) Jones's plantation, Madison County | Nancy Jones and Marshall Jones depositions in Nancy Jones SCC file No. 2753"
John,A. Hilliard,"58 (deposition, 1876)",,Male,"White witness; neighbor and character witness in Nancy Jones SCC file No. 2753; also the J.P. who took the original petition oath | John A. Hilliard deposition in Nancy Jones SCC file No. 2753 (deposition pp. 19-21; examined Aug 9, 1876); petition oath and Nancy's signature taken before 'J. D. Hilliard, J.P.' (same man, Lead)"
Thomas,White,,,,"Neighbor witness in Seaborn M. Jones Jr.'s individual SCC claim No. 19,876 (M1407, R31-R38); testified to the claimant's Union loyalty; did not see the mare taken | Deposition R31-R38, Seaborn M. Jones individual claim No. 19,876 (NARA M1407, Fold3 file 763186); M1407 substantive inspection 2026-09-22"
Elvira,Jones
Amanda,Ama [Ann?] Jones
Martha,Eddy Jones
William,Wheeler Jones
George,Jones
Mary,Carvin Jones
Moses,W. Jones (Mose),,,,"Decedent; estate $20,000–$30,000; died intestate October 2, 1915 — Died intestate October 2, 1915; suit Seleste/Celeste Fields Evans et als vs Junius Blunt et al, Madison County Chancery Court | Chancery bill, DGS 005464352, Item 10 of 40; FamilySearch full-text HTR transcription; manuscript not visually verified"
Celeste,Jones,,,,"Mother and heir of Moses W. Jones (decedent) — Suit ca. 1915–1917 | Chancery bill, DGS 005464352, Item 10 of 40; FamilySearch full-text HTR transcription; manuscript not visually verified"
Francis,Jones,,,,"Widow and heir of Moses W. Jones (decedent) — Suit ca. 1915–1917 | Chancery bill, DGS 005464352, Item 10 of 40; FamilySearch full-text HTR transcription; manuscript not visually verified"
Martha,Nance,,,,"Sister and heir of Moses W. Jones (decedent) — Suit ca. 1915–1917 | Chancery bill, DGS 005464352, Item 10 of 40; FamilySearch full-text HTR transcription; manuscript not visually verified"
Rebecca,Fields,,,,"Sister of Moses W. Jones (deceased); mother of the complainants and of Junius Blunt — Deceased before the suit (ca. 1915–1917) | Chancery bill, DGS 005464352, Item 10 of 40; FamilySearch full-text HTR transcription; manuscript not visually verified"
James,K. Fields,,,,"Father of the complainants (with Rebecca Fields, deceased) — Suit ca. 1915–1917 | Chancery bill, DGS 005464352, Item 10 of 40; FamilySearch full-text HTR transcription; manuscript not visually verified"
Seleste/Celeste,Fields Evans,,,,"Complainant (with her sisters); daughter of James K. Fields and Rebecca Fields (deceased) — Married Charlie Evans, March 1914; suit ca. 1915–1917 | Chancery bill, DGS 005464352, Item 10 of 40; FamilySearch full-text HTR transcription; manuscript not visually verified"
Francis,Fields Horton,,,,"Complainant; daughter of James K. Fields and Rebecca Fields (deceased) — Married Henry Horton; suit ca. 1915–1917 | Chancery bill, DGS 005464352, Item 10 of 40; FamilySearch full-text HTR transcription; manuscript not visually verified"
Robina,Fields Brandon,,,,"Complainant; daughter of James K. Fields and Rebecca Fields (deceased) — Suit ca. 1915–1917 | Chancery bill, DGS 005464352, Item 10 of 40; FamilySearch full-text HTR transcription; manuscript not visually verified"
Charlie,Evans,,,,"Husband of Seleste/Celeste Fields Evans (married March 1914) — Married March 1914 | Chancery bill, DGS 005464352, Item 10 of 40; FamilySearch full-text HTR transcription; manuscript not visually verified"
Henry,Horton,,,,"Husband of Francis Fields Horton — Suit ca. 1915–1917 | Chancery bill, DGS 005464352, Item 10 of 40; FamilySearch full-text HTR transcription; manuscript not visually verified"
Fanny,,,,,"Lead | 1816 (will) | Morris Raymond Boucher, 'The Free Negro in Alabama Prior to 1860,' Ph.D. diss., State University of Iowa, Feb. 1950 (targeted sections); via staged/deepread-enslavement-legal.json. Caution: appendix census lists are OCR-noisy — spot-verify against manuscript before any live write."
John,Taylor,,,,"Lead | 1825 (petition) | Morris Raymond Boucher, 'The Free Negro in Alabama Prior to 1860,' Ph.D. diss., State University of Iowa, Feb. 1950 (targeted sections); via staged/deepread-enslavement-legal.json. Caution: appendix census lists are OCR-noisy — spot-verify against manuscript before any live write."
Alfred,,,,,"Lead | 1832/33 | Morris Raymond Boucher, 'The Free Negro in Alabama Prior to 1860,' Ph.D. diss., State University of Iowa, Feb. 1950 (targeted sections); via staged/deepread-enslavement-legal.json. Caution: appendix census lists are OCR-noisy — spot-verify against manuscript before any live write."
Caesar,Kennedy,,,,"Lead | 1821 | Morris Raymond Boucher, 'The Free Negro in Alabama Prior to 1860,' Ph.D. diss., State University of Iowa, Feb. 1950 (targeted sections); via staged/deepread-enslavement-legal.json. Caution: appendix census lists are OCR-noisy — spot-verify against manuscript before any live write."
Free,Tom,,,,"Lead | 1829 (emancipated); 1850 (estate) | Morris Raymond Boucher, 'The Free Negro in Alabama Prior to 1860,' Ph.D. diss., State University of Iowa, Feb. 1950 (targeted sections); via staged/deepread-enslavement-legal.json. Caution: appendix census lists are OCR-noisy — spot-verify against manuscript before any live write."
Judy,Spence,,,,"Lead | pre-1860 | Morris Raymond Boucher, 'The Free Negro in Alabama Prior to 1860,' Ph.D. diss., State University of Iowa, Feb. 1950 (targeted sections); via staged/deepread-enslavement-legal.json. Caution: appendix census lists are OCR-noisy — spot-verify against manuscript before any live write."
Nathan,Jones,,,,"Lead | 1850/1860 (Boucher appendices) | Morris Raymond Boucher, 'The Free Negro in Alabama Prior to 1860,' Ph.D. diss., State University of Iowa, Feb. 1950 (targeted sections); via staged/deepread-enslavement-legal.json. Caution: appendix census lists are OCR-noisy — spot-verify against manuscript before any live write."
Starling,Jones,,,,"Lead | 1850/1860 (Boucher appendices) | Morris Raymond Boucher, 'The Free Negro in Alabama Prior to 1860,' Ph.D. diss., State University of Iowa, Feb. 1950 (targeted sections); via staged/deepread-enslavement-legal.json. Caution: appendix census lists are OCR-noisy — spot-verify against manuscript before any live write."
Kiziah,Jones,,,,"Lead | 1850/1860 (Boucher appendices) | Morris Raymond Boucher, 'The Free Negro in Alabama Prior to 1860,' Ph.D. diss., State University of Iowa, Feb. 1950 (targeted sections); via staged/deepread-enslavement-legal.json. Caution: appendix census lists are OCR-noisy — spot-verify against manuscript before any live write."
Oliver,Jones,,,,"Lead | 1850/1860 (Boucher appendices) | Morris Raymond Boucher, 'The Free Negro in Alabama Prior to 1860,' Ph.D. diss., State University of Iowa, Feb. 1950 (targeted sections); via staged/deepread-enslavement-legal.json. Caution: appendix census lists are OCR-noisy — spot-verify against manuscript before any live write."
Wm.,Jones,,,,"Lead | 1850/1860 (Boucher appendices) | Morris Raymond Boucher, 'The Free Negro in Alabama Prior to 1860,' Ph.D. diss., State University of Iowa, Feb. 1950 (targeted sections); via staged/deepread-enslavement-legal.json. Caution: appendix census lists are OCR-noisy — spot-verify against manuscript before any live write."
Alex,Jones,,,,"Lead | 1850/1860 (Boucher appendices) | Morris Raymond Boucher, 'The Free Negro in Alabama Prior to 1860,' Ph.D. diss., State University of Iowa, Feb. 1950 (targeted sections); via staged/deepread-enslavement-legal.json. Caution: appendix census lists are OCR-noisy — spot-verify against manuscript before any live write."
Kesiah,Jones,,,,"Lead | 1850/1860 (Boucher appendices) | Morris Raymond Boucher, 'The Free Negro in Alabama Prior to 1860,' Ph.D. diss., State University of Iowa, Feb. 1950 (targeted sections); via staged/deepread-enslavement-legal.json. Caution: appendix census lists are OCR-noisy — spot-verify against manuscript before any live write."
Oincy,Jones,,,,"Lead | 1850/1860 (Boucher appendices) | Morris Raymond Boucher, 'The Free Negro in Alabama Prior to 1860,' Ph.D. diss., State University of Iowa, Feb. 1950 (targeted sections); via staged/deepread-enslavement-legal.json. Caution: appendix census lists are OCR-noisy — spot-verify against manuscript before any live write."
Josepha,Jones,,,,"Lead | 1850/1860 (Boucher appendices) | Morris Raymond Boucher, 'The Free Negro in Alabama Prior to 1860,' Ph.D. diss., State University of Iowa, Feb. 1950 (targeted sections); via staged/deepread-enslavement-legal.json. Caution: appendix census lists are OCR-noisy — spot-verify against manuscript before any live write."
Matthew,Jones,,,,"Lead | 1850/1860 (Boucher appendices) | Morris Raymond Boucher, 'The Free Negro in Alabama Prior to 1860,' Ph.D. diss., State University of Iowa, Feb. 1950 (targeted sections); via staged/deepread-enslavement-legal.json. Caution: appendix census lists are OCR-noisy — spot-verify against manuscript before any live write."
Patsey,Jones,,,,"Lead | 1850/1860 (Boucher appendices) | Morris Raymond Boucher, 'The Free Negro in Alabama Prior to 1860,' Ph.D. diss., State University of Iowa, Feb. 1950 (targeted sections); via staged/deepread-enslavement-legal.json. Caution: appendix census lists are OCR-noisy — spot-verify against manuscript before any live write."
Zachariah,Jones,~19-20 in 1870 (b. ~1850-51),,M,"Hypothesis H1 (MODERATE) -- Track A 1870 cluster-match pass, 2026-09-23. Son of Marshall & Nancy Jones; ~25-26 in 1876 (SCC, Nancy Jones claim no. 2,753) -> ~19-20 in 1870; lived with parents ~6 mi W of Huntsville. Exact age/sex match (+/-2) to the single 1860 '9, M, mulatto' on Alexander P. Jones's holding (483BR row 1, NARA M653 roll 30). Parents documented enslaved by Alex Jones, so he was almost certainly born into the holding and should appear in its 1860 schedule as a child.","[TRACT-DEPENDENT]. HYPOTHESIS ONLY -- age/sex match alone never asserts identity; the strongest of this track's proposals, but still unproven. Do NOT merge. Caveats: Zachariah's color is unknown against the mulatto entry; any single-cell transcription error in the '9' reading would break the match; his birth year rests on approximate 1876 SCC testimony. Age-tolerance convention: +/-2 years between 1860 age+10 and documented 1870 age. Track A staged report: ~/workspace/research_notes/nonjones-find-20260923/trackA-1870-cluster-match.md. Foundational caveat: a concurrent 2026-09-22 systematic review of M653 roll 30 (research_notes/buck-jones-1860/sources/jones-owners-review-20260922.md) could not locate any Alex. P. Jones entry in the 1860 Madison County schedule (leaves 463-645) and refutes Blake's stated location -- the 96-person schedule transcription underpinning these hypotheses (DB1 rows 691-700) is DISPUTED, not settled; hypotheses stand pending reconciliation."
Marshall,Jones,~46 in 1870 (~52 in 1876 SCC),Black,M,"Hypothesis H3 (WEAK) -- Track A 1870 cluster-match pass, 2026-09-23. Enslaved by Alex Jones, his foreman/headman, freed tolerably early in the war; farmed the 'East Place' ($170, 1866 estate account). SCC, Nancy Jones claim no. 2,753, 1876 testimony: ~52 in 1876 -> ~46 in 1870. A foreman would plausibly be among the adult men of 483R.","[TRACT-DEPENDENT]. HYPOTHESIS ONLY. Rank: Weak. 1860 candidates '40, M, B' x4 (483R rows 31-34 -> 50 in 1870, off by 4) and '30, M, B' (483R row 35 -> 40, off by 6) -- both beyond the +/-2 age tolerance; four identical 40M candidates with no distinguishing feature. His implied 1860 age (~36) sits between the 30 and 40 entries, consistent with census age-rounding, but that is not a match. Age-tolerance convention: +/-2 years between 1860 age+10 and documented 1870 age. Do not merge identities without direct evidence. Foundational caveat: a concurrent 2026-09-22 systematic review of M653 roll 30 (research_notes/buck-jones-1860/sources/jones-owners-review-20260922.md) could not locate any Alex. P. Jones entry in the 1860 Madison County schedule (leaves 463-645) and refutes Blake's stated location -- the 96-person schedule transcription underpinning these hypotheses (DB1 rows 691-700) is DISPUTED, not settled; hypotheses stand pending reconciliation."
Nancy,Jones,~39-44 in 1870 (~45-50 Feb 1876 SCC),Black,F,"Hypothesis H2 (WEAK) -- Track A 1870 cluster-match pass, 2026-09-23. SCC, Nancy Jones claim no. 2,753, 1876 testimony: ~45-50 in Feb 1876 -> ~39-44 in 1870; residence ~4 mi S of Huntsville on the Athens road (there ~5 years by 1876); a slave at the war's start, freed by Yankee soldiers during the war. She was the family's business manager; both she and Marshall signed with X mark (illiterate).","[TRACT-DEPENDENT]. HYPOTHESIS ONLY. Rank: Weak. 1860 candidates: ~12 entries of '30, F' (483BR rows 22, 28-31, 33-39; 484R row 24 -> 40 in 1870) and '35, F, B' (484R row 17 -> 45) -- a dozen-plus indistinguishable candidates with no way to select among them, and her own age range is itself +/-5 wide. Cannot rise above Weak without a distinguishing feature. Age-tolerance convention: +/-2 years between 1860 age+10 and documented 1870 age. Do not merge identities without direct evidence. Foundational caveat: a concurrent 2026-09-22 systematic review of M653 roll 30 (research_notes/buck-jones-1860/sources/jones-owners-review-20260922.md) could not locate any Alex. P. Jones entry in the 1860 Madison County schedule (leaves 463-645) and refutes Blake's stated location -- the 96-person schedule transcription underpinning these hypotheses (DB1 rows 691-700) is DISPUTED, not settled; hypotheses stand pending reconciliation."
Marshall-Nancy-Zachariah,Jones (family-cluster hypothesis),~46 / ~39-44 / ~19-20 (1870),,M / F / M,"Hypothesis H6 (WEAK-MODERATE) -- Track A 1870 cluster-match pass, 2026-09-23. The SCC file documents Marshall (~46 in 1870), Nancy (~39-44), and their son Zachariah (~19-20) as a family unit living together west of Huntsville, all tied to Alex Jones's holding. The 1860 demographic profile: an adult man ~36, an adult woman ~29-34, a boy ~9-10. The schedule contains M30/M40 x5 (Marshall candidates), F30 x12+ (Nancy candidates), and exactly one M9 (Zachariah candidate). A family-cluster match is inherently stronger than three independent age/sex matches, and the M9's uniqueness anchors it.","[TRACT-DEPENDENT]. HYPOTHESIS ONLY. Rank: Weak-Moderate -- stands or falls with H1 (Zachariah). Caveat: the 1860 schedule is a flat list roughly ordered by age/sex cohort, NOT grouped by family, so this is a demographic-profile match, not a household-structure match; Marshall's age fit is the weakest leg. Do not merge identities without direct evidence. Foundational caveat: a concurrent 2026-09-22 systematic review of M653 roll 30 (research_notes/buck-jones-1860/sources/jones-owners-review-20260922.md) could not locate any Alex. P. Jones entry in the 1860 Madison County schedule (leaves 463-645) and refutes Blake's stated location -- the 96-person schedule transcription underpinning these hypotheses (DB1 rows 691-700) is DISPUTED, not settled; hypotheses stand pending reconciliation."
Reuben,Jones,~37 in 1870 (b. ~1833),Black,M,"NEGATIVE CONTROL / METHOD ROW -- Hypothesis H4 RULED OUT (Track A 1870 cluster-match pass, 2026-09-23). The tempting match was perfect on paper: ~37 in 1870 on the former plantation (T4R1W, NARA M593 p. 13) -> ~27 in 1860, and the schedule has exactly one 1860 '27, M, B' (483R row 36). It is WRONG: Reuben was a free man of color in Tuscaloosa in 1860 (1860 census, Tuscaloosa pp. 7, 24 -- blacksmith household with Jane and Emily), documented in peer-reviewed scholarship (Hoksbergen & DeNeefe 2026). The 1860 slave schedule enumerates enslaved people only.","Method lesson I am keeping: a perfect age/sex/surname/location match can still be wrong -- post-emancipation residence on the tract does not prove 1860 enslavement there; always dig deeper. The correct 1860-generation targets are his parents Eliza Jones and Turner Moore (Freedman's Bank registers). Cross-reference my existing Reuben Jones rows: 133, 144, 1099, 1216, 1217, 1317 -- this row is a labeled negative-control/method row, NOT a duplicate bio. Do NOT merge: freedman Reuben Jones != white Reuben P. Jones (1830s, S18-S19 T3 R3E). [TRACT-DEPENDENT]."
Albert,Jones,~55 in 1870 (50 in July 1865 Freedmen's Bureau),Black,M,"Hypothesis H5 (WEAK) -- Track A 1870 cluster-match pass, 2026-09-23. 50 in the July 1865 Freedmen's Bureau record, blacksmith 'associated with Alex. Jones' -> ~55 in 1870. That 'Alex. Jones' is NOT proven to be Alexander P. Jones. 1860 candidates: '50, M' x3 (483R rows 28-30, two mulatto one Black -> 60 in 1870, off by 5) and '40, M, B' x4 (-> 50, off by 5) -- both beyond the +/-2 tolerance.","Rank: Weak -- retained only because the blacksmith trade links him to the plantation economy. HYPOTHESIS ONLY. Cross-reference my existing Albert Jones rows: 1103 (1865 Huntsville free-census Albert under 'Alex. Jones'/'A. Jones' -- MEDIUM-HIGH that Alex is APJ but unverified against NARA microfilm), 1269 (Bill of complaint, Albert Jones v. Mary E. Jones -- do NOT merge with 1103 without evidence), 1451 (1866 census, age 41 -- do NOT merge with the former owner Albert Jones), 1499 (WPA Virginia narrative -- do NOT merge with Madison County men). Do not merge any of them without direct evidence. Age-tolerance convention: +/-2 years between 1860 age+10 and documented 1870 age."
Dredd,Jones,,Black,M,"1866-67 estate tenant/purchaser cluster (Track A H-C), on the tract. Alexander P. Jones ~1866 estate accounts: Dredd Jones took the Bradford Place for $5 (DB1 row 1133; paper note [222])."
Peterson,Jones,,Black,M,"1866-67 estate tenant/purchaser cluster (Track A H-C), on the tract. Alexander P. Jones ~1866 estate accounts: Peterson Jones took the King Place for $63 (DB1 row 1133; paper note [222])."
Anthony,Jones,,Black,M,"1866-67 estate tenant/purchaser cluster (Track A H-C), on the tract. Anthony Jones is an SCC claimant and signed his 1871 filing -- he was literate (Alexander P. Jones ~1866 estate accounts context; DB1 row 1133; paper note [222])."
Aron,Jones,,Black,M,"1866-67 estate tenant/purchaser cluster (Track A H-C), on the tract. Alexander P. Jones ~1866 estate accounts: Aron Jones appears in the rental/bidding context (DB1 row 1133; paper note [222])."
Caledonia,Jones,,Black,F,"1866-67 estate tenant/purchaser cluster (Track A H-C), on the tract. Alexander P. Jones ~1866 estate accounts: Caledonia Jones purchased livestock/equipment (DB1 row 1133; paper note [222])."
Lucy,Jones,,Black,F,"1866-67 estate tenant/purchaser cluster (Track A H-C), on the tract. Alexander P. Jones ~1866 estate accounts: Lucy Jones purchased livestock/equipment (DB1 row 1133; paper note [222])."
George,Jones,,Black,M,"1866-67 estate tenant/purchaser cluster (Track A H-C), on the tract. Alexander P. Jones ~1866 estate accounts: George Jones purchased equipment (DB1 row 1133; paper note [222]) -- a different man from Big George Jones below."
Big George,Jones,,Black,M,"1866-67 estate tenant/purchaser cluster (Track A H-C), on the tract. Alexander P. Jones ~1866 estate accounts: Big George Jones purchased equipment (DB1 row 1133; paper note [222]) -- a different man from George Jones above."
Turner,Jones,,,M
Wesley,Jones
Spencer,,,Black,Male,,"Do not merge with the $750 unnamed person in Abram's answer (possibly the same, not proven). LVA Bedford chancery 1836-032. Read 2026-09-23; builds on DB1 1492."
Seamon,,,Black,,"Named in Elisha Perkins's $553 bond to John R. Perkins, July 29, 1819, 'for the sale of three Negroes' (with Daphney and one name obscured at the line break)."
Daphney,,,Black,,"Named in the same July 29, 1819 $553 bond as Seamon ('three Negroes')."
[unnamed],,,Black,,"Third of the 'three Negroes' in the $553 bond (Elisha Perkins to John R. Perkins, Jul 29, 1819); name obscured at the line break in the manuscript."
[unnamed],,,Black,,"Sold and delivered to Elisha Perkins by Abraham Perkins at $750 cash value ('the price that he was offered on the day of sale by another'), applied to the bond (Abram's answer, sworn Dec 12, 1821). Possibly Spencer under a different accounting — do not merge."
Martha,Jones,,,Female,Named grantor with her husband David Jones Sr. in the 17 Jul 1819 deed of 12 acres on Big Otter River to Elisha Perkins ($50; recorded p. 615) — the confirmatory deed at the heart of 1837-016. First naming of David Jones Sr.'s wife. Bedford County.,"Do NOT merge with any other Martha Jones in the databases (DB2 1106, 1207, 1641 are different people). LVA Bedford chancery 1837-016. Read 2026-09-23; DB1 1544."
Bowling,,about 24,Black,Male,"Lot 1 (to Thomas G. J. Jones): '1 negro man Bowling, about 24 years old, $400' — with Sukey ($125) = $525; Lot 1 pays $18.75 to Lot 3 → equal share $506.25. Commissioners' report, Bedford chancery 1830-001 (Joseph Henry Jones v Edward Jones et als), returned/filed 23 June 1828, recorded Book 7, p. 518.","Partition of nine enslaved people devised by Harris Carter of Sussex County (originally six, increased to nine by 'increase'), in the possession of Edward Jones of Bedford. Do not merge with any other Bowling. Read 2026-09-23; DB1 1568."
Sukey,,about 4,Black,Female,"Lot 1 (to Thomas G. J. Jones): '1 negro girl Sukey, about 4, $125' — with Bowling ($400) = $525. Commissioners' report, Bedford chancery 1830-001 (Joseph Henry Jones v Edward Jones et als), returned/filed 23 June 1828, recorded Book 7, p. 518.",Same 1830-001 partition. Do not merge with any other Sukey. Read 2026-09-23; DB1 1568.
Annise,,about 35,Black,Female,"Lot 2 (to Mary B. Jones): '1 negro woman Annise (read Annise, not Amise), about 35, $250' — with Mary ($175) and Harry ($125) = $550; Lot 2 pays $12.50 to Lot 3 and $31.25 to Lot 4 → share $506.25. Commissioners' report, Bedford chancery 1830-001 (Joseph Henry Jones v Edward Jones et als), returned/filed 23 June 1828, recorded Book 7, p. 518.",Same 1830-001 partition. Do not merge with any other Annise. Read 2026-09-23; DB1 1568.
Mary,,about 6,Black,Female,"Lot 2 (to Mary B. Jones): '1 negro girl Mary, about 6, $175.' Commissioners' report, Bedford chancery 1830-001 (Joseph Henry Jones v Edward Jones et als), returned/filed 23 June 1828, recorded Book 7, p. 518.",Same 1830-001 partition. NOT Mary B. Jones the legatee (Edward Jones's daughter) — this is the enslaved girl allotted to her. Do not merge with any other Mary. Read 2026-09-23; DB1 1568.
Harry,,about 2,Black,Male,"Lot 2 (to Mary B. Jones): '1 negro boy Harry, about 2, $125.' Commissioners' report, Bedford chancery 1830-001 (Joseph Henry Jones v Edward Jones et als), returned/filed 23 June 1828, recorded Book 7, p. 518.",Same 1830-001 partition. Do not merge with any other Harry. Read 2026-09-23; DB1 1568.
Peggy,,about 20,Black,Female,"Lot 3 (to Dolley Jones): '1 negro woman Peggy, about 20, $325' — with Lucinda ($150) = $475; receives $18.75 from Lot 1 + $12.50 from Lot 2 → share $506.25. Commissioners' report, Bedford chancery 1830-001 (Joseph Henry Jones v Edward Jones et als), returned/filed 23 June 1828, recorded Book 7, p. 518.",Same 1830-001 partition. Do not merge with any other Peggy. Read 2026-09-23; DB1 1568.
Lucinda,,about 4,Black,Female,"Lot 3 (to Dolley Jones): '1 negro girl Lucinda, about 4, $150.' Commissioners' report, Bedford chancery 1830-001 (Joseph Henry Jones v Edward Jones et als), returned/filed 23 June 1828, recorded Book 7, p. 518.",Same 1830-001 partition. Do not merge with any other Lucinda. Read 2026-09-23; DB1 1568.
Eliza,,about 18,Black,Female,"Lot 4 (to Joseph H. Jones): '1 negro woman Eliza, about 18, $325' — with Sam ($150) = $475; receives $31.25 from Lot 2 → share $506.25. Commissioners' report, Bedford chancery 1830-001 (Joseph Henry Jones v Edward Jones et als), returned/filed 23 June 1828, recorded Book 7, p. 518.","Same 1830-001 partition. Do NOT merge with Elizabeth (manumitted Dec 11, 1820, age 3 — Shandy's mother per Hoksbergen & DeNeefe 2026) or with any Freedman's Bank Eliza. Firewalled. Read 2026-09-23; DB1 1568."
Sam,,about 4,Black,Male,"Lot 4 (to Joseph H. Jones): '1 negro boy Sam, about 4, $150.' Commissioners' report, Bedford chancery 1830-001 (Joseph Henry Jones v Edward Jones et als), returned/filed 23 June 1828, recorded Book 7, p. 518.",Same 1830-001 partition. Do not merge with any other Sam. Read 2026-09-23; DB1 1568.
Armstead,Enslaved son of Edmund Townsend,,,Male,"Bequeathed $10,000 in his father’s Jan. 25, 1853 will along with brother Woodson; relatives contested and broke the will, and all property — including the children — was sold. No freedom resulted. Do not merge with Armstead Jones (Armstead Jones–Mary Moore, Aug. 6, 1836, marriage index) without direct evidence.","ZIP 15.04 (W2 p. 42), read 2026-09-23; DB1 1591; folded live 2026-09-23"
Woodson,Enslaved son of Edmund Townsend,,,Male,"Bequeathed $10,000 in his father’s Jan. 25, 1853 will along with brother Armstead; the will was broken and the children sold. No freedom resulted. Do not merge with any other Woodson.","ZIP 15.04 (W2 p. 42), read 2026-09-23; DB1 1591; folded live 2026-09-23"
Eliza M. Townsend,Enslaved daughter of Edmund Townsend,,,Female,"Left ‘all his land, stock, tools, furniture, negroes, all money’ in her father’s Jan. 25, 1853 will, with executors to petition the Legislature for her freedom; the will was broken and she was sold with the property. Firewalled from the Freedman’s Bank Elizas, Shandy’s mother Elizabeth, and every other Eliza — do not merge.","ZIP 15.04 (W2 p. 42), read 2026-09-23; DB1 1591; folded live 2026-09-23"
Virginia Townsend,Enslaved daughter of Edmund Townsend,,,Female,"Left ‘all his land, stock, tools, furniture, negroes, all money’ in her father’s Jan. 25, 1853 will, with executors to petition for her freedom; the will was broken and she was sold with the property. Do not merge with any other Virginia.","ZIP 15.04 (W2 p. 42), read 2026-09-23; DB1 1591; folded live 2026-09-23"
Tom Jude,Post-Emancipation named row,18,Mulatto,,,"ZIP 15.04 (W1), read 2026-09-23; folded live 2026-09-23"
Becca,Index-only given name,,,,"Enslaved given-name index (Jackson, Alabama 1860 Slave Schedule, Madison County): no owner linkage in this source. Candidate context row only — the index never proves an identity; do not merge with any other Becca.","ZIP 15.43 (files 1–40), read 2026-09-23; DB1 1593; folded live 2026-09-23"
Charlotte,Index-only given name,,,,"Enslaved given-name index (Jackson, Alabama 1860 Slave Schedule, Madison County): no owner linkage in this source. Candidate context row only; do not merge.","ZIP 15.43 (files 1–40), read 2026-09-23; DB1 1593; folded live 2026-09-23"
Dorcas,Index-only given name,,,,"Enslaved given-name index (Jackson, Alabama 1860 Slave Schedule, Madison County): no owner linkage in this source. Candidate context row only; do not merge.","ZIP 15.43 (files 1–40), read 2026-09-23; DB1 1593; folded live 2026-09-23"
Harriet,Index-only given name,,,,"Enslaved given-name index (Jackson, Alabama 1860 Slave Schedule, Madison County): no owner linkage in this source. Candidate context row only; do not merge.","ZIP 15.43 (files 1–40), read 2026-09-23; DB1 1593; folded live 2026-09-23"
Isham,Index-only given name,,,,"Enslaved given-name index (Jackson, Alabama 1860 Slave Schedule, Madison County): no owner linkage in this source. Candidate context row only; do not merge.","ZIP 15.43 (files 1–40), read 2026-09-23; DB1 1593; folded live 2026-09-23"
John,Index-only given name,,,,"Enslaved given-name index (Jackson, Alabama 1860 Slave Schedule, Madison County): no owner linkage in this source. Candidate context row only; do not merge with any John.","ZIP 15.43 (files 1–40), read 2026-09-23; DB1 1593; folded live 2026-09-23"
Philis,Index-only given name,,,,"Enslaved given-name index (Jackson, Alabama 1860 Slave Schedule, Madison County): no owner linkage in this source. Candidate context row only; do not merge.","ZIP 15.43 (files 1–40), read 2026-09-23; DB1 1593; folded live 2026-09-23"
Oliver,Index-only given name,about 10,Black,,"Indexed under Moore (given-name index, Jackson, Alabama 1860 Slave Schedule): coded approximately age ten and Black. No owner linkage. Candidate context row only; do not merge.","ZIP 15.43 (files 1–40), read 2026-09-23; DB1 1593; folded live 2026-09-23"
Hartwell,"Enslaved man, 1853",28,Mulatto,Male,"Bricklayer and plasterer; had lived in Columbus fifteen years; enslaver William B. Robinson, 1853. Sex stated by the notice’s wording (‘his wife’): his wife was ‘at Colonel Seaborn Jones’ — the Columbus-network Seaborn (DB1 1597), not the New Market man. Do not merge with any other Hartwell.","Evans newspaper clippings via ZIP 16.10, read 2026-09-23; DB1 1597; folded live 2026-09-23"
Benedick (Ben),"Enslaved man, 1837",22,Bright mulatto with blue eyes,,,"Evans newspaper clippings via ZIP 16.10, read 2026-09-23; folded live 2026-09-23"
Silas,"Enslaved man, 1831",45–50,Dark complexion; branded ‘J.W.’,,,"Evans newspaper clippings via ZIP 16.10, read 2026-09-23; folded live 2026-09-23"
(Unnamed woman),Unnamed — incomplete H. M. Waters notice,,,Female,"Incomplete H. M. Waters notice (Evans clippings): described only by moles near her nose and on her back. Sex is stated by the notice’s wording, as recorded in the memo. No name; no enslaver named in the fragment.","Evans newspaper clippings via ZIP 16.10, read 2026-09-23; folded live 2026-09-23"
Stephen Bradley,Black agricultural operator,,Black,,,"Edwards dissertation via ZIP 16.10, read 2026-09-23; DB1 1599; folded live 2026-09-23"
Reuben Jordan,Black agricultural operator,,Black,,,"Edwards dissertation via ZIP 16.10, read 2026-09-23; DB1 1599; folded live 2026-09-23"
Roosevelt Clay,Black agricultural operator,,Black,,,"Edwards dissertation via ZIP 16.10, read 2026-09-23; DB1 1599; folded live 2026-09-23"
Percy Joiner,Black agricultural operator,,Black,,,"Edwards dissertation via ZIP 16.10, read 2026-09-23; DB1 1599; folded live 2026-09-23"
Charlie Harris,Black agricultural operator; Alabama A&M farm manager,,Black,,,"Edwards dissertation via ZIP 16.10, read 2026-09-23; DB1 1599; folded live 2026-09-23"
George,,,,,"1814 Edgefield County, SC will (Matthews and Jones families), as reported in my lit-review draft citing 'University of Alabama in Huntsville, N.d.'; will not read firsthand. Draft-level claim; will not read firsthand; same name appears in live DB2 from other sources — NOT merged"
Lillie,Perkins,31,Black,Female
Lewis,Perkins,4,Black,,"1870 U.S. Federal Census, Population Schedule, T4R3W, Limestone County, AL, p. 13 — as cited in my Research Catalog 11; census image not re-read in this pass. Census facts as cited; same name appears in live DB2 from other sources for Robert/Eliza/Lewis — NOT merged"
Meredith,Perkins,1,Black,,"1870 U.S. Federal Census, Population Schedule, T4R3W, Limestone County, AL, p. 13 — as cited in my Research Catalog 11; census image not re-read in this pass. Census facts as cited; same name appears in live DB2 from other sources for Robert/Eliza/Lewis — NOT merged"
Louisa,,15,,,,"Fifteen-year-old girl named in an 1834 Virginia Free Press runaway advertisement Enslavement narrative: The 1834 runaway ad is cited in the draft as primary evidence of individual agency alongside the 1823 trial of Squire Location: Virginia (1834 newspaper) File: deepread-docx-notes.json (staged deep-read of Research Catalogs 11-12, lit-review drafts, emails, Floyd p.64); originals not read firsthand in this pass DB cross-refs: DB1-1234 (runaway corpus) Staged cross-ref DB2-DF-288 (Louisa) — same-name staged row, different record; kept separate, do not merge without direct evidence. [deferred-folders pass 2026-09-23]"
Albert,Jones,50,"Black (""colored"" per source)",Male,"Rohr Appendix II (1865 Colored Census, NARA M-1900 Roll 19), p.6. Extracted from appendix text layer 2026-09-22; manuscript not re-read; spellings preserved as marked","Freedman; 1865 Colored Census, Huntsville Enslavement narrative: Freedperson enumerated in the 1865 Colored Census, Huntsville; formerly enslaved by Alex. Jones; occupation as slave: farming; present employment: blacksmith Former enslaver: Alex. Jones Relations: Kept separate from former owner 'Albert Jones' (McDonald entries) — same name, no evidence same man Location: Huntsville, Madison County, Ala. — E Side Church (1865) File: Free_Blacks-Appendix_II.pdf (text-layer extraction 2026-09-22) DB cross-refs: DB1-1261; paper note [348]; bibliography AU; Kept separate from former owner 'Albert Jones' (McDonald entries) — same name, no evidence same man [deferred-folders pass 2026-09-23]"
Amanda,Jones,18,"Black (""colored"" per source)",Female,"Rohr Appendix II (1865 Colored Census, NARA M-1900 Roll 19), p.6. Extracted from appendix text layer 2026-09-22; manuscript not re-read; spellings preserved as marked","Freedwoman; 1865 Colored Census, Huntsville Enslavement narrative: Freedperson enumerated in the 1865 Colored Census, Huntsville; formerly enslaved by Widow Fults; occupation as slave: field hand; remarks: 'her mother' Former enslaver: Widow Fults Location: Huntsville, Madison County, Ala. — E Side Church (1865) File: Free_Blacks-Appendix_II.pdf (text-layer extraction 2026-09-22) DB cross-refs: DB1-1261; paper note [348]; bibliography AU [deferred-folders pass 2026-09-23]"
Anna,Jones,22,"Black (""colored"" per source)",Female,"Rohr Appendix II (1865 Colored Census, NARA M-1900 Roll 19), p.6. Extracted from appendix text layer 2026-09-22; manuscript not re-read; spellings preserved as marked","Freedwoman; 1865 Colored Census, Huntsville Enslavement narrative: Freedperson enumerated in the 1865 Colored Census, Huntsville; formerly enslaved by James Crawford; occupation as slave: House Servant; remarks: 'Living with her mother' Former enslaver: James Crawford Location: Huntsville, Madison County, Ala. — W Side Church (1865) File: Free_Blacks-Appendix_II.pdf (text-layer extraction 2026-09-22) DB cross-refs: DB1-1261; paper note [348]; bibliography AU [deferred-folders pass 2026-09-23]"
Benjamin,Jones,9,"Black (""colored"" per source)",Male,"Rohr Appendix II (1865 Colored Census, NARA M-1900 Roll 19), p.7. Extracted from appendix text layer 2026-09-22; manuscript not re-read; spellings preserved as marked","Freed boy; 1865 Colored Census, Huntsville Enslavement narrative: Freedperson enumerated in the 1865 Colored Census, Huntsville; formerly enslaved by James Crawford Former enslaver: James Crawford Location: Huntsville, Madison County, Ala. — W Side Church (1865) File: Free_Blacks-Appendix_II.pdf (text-layer extraction 2026-09-22) DB cross-refs: DB1-1261; paper note [348]; bibliography AU; possible same person as BL-28 (enumerator-1/2 overlap — NOT merged) [deferred-folders pass 2026-09-23]"
Caroline,Jones,24,"Black (""colored"" per source)",Female,"Rohr Appendix II (1865 Colored Census, NARA M-1900 Roll 19), p.7. Extracted from appendix text layer 2026-09-22; manuscript not re-read; spellings preserved as marked","Freedwoman; 1865 Colored Census, Huntsville Enslavement narrative: Freedperson enumerated in the 1865 Colored Census, Huntsville; formerly enslaved by John Haws; occupation as slave: House Servant; remarks: 'Caring for family' Former enslaver: John Haws Relations: Haws/Hawk likely same white family as 'Hawk' entries — kept separate Location: Huntsville, Madison County, Ala. — W Side Church (1865) File: Free_Blacks-Appendix_II.pdf (text-layer extraction 2026-09-22) DB cross-refs: DB1-1261; paper note [348]; bibliography AU; possible same person as BL-29? (enumerator-1/2 overlap — NOT merged); Haws/Hawk likely same white family as 'Hawk' entries — kept separate [deferred-folders pass 2026-09-23]"
Jerry,Jones,12,"Black (""colored"" per source)",Male,"Rohr Appendix II (1865 Colored Census, NARA M-1900 Roll 19), p.7. Extracted from appendix text layer 2026-09-22; manuscript not re-read; spellings preserved as marked","Freed boy; 1865 Colored Census, Huntsville Enslavement narrative: Freedperson enumerated in the 1865 Colored Census, Huntsville; formerly enslaved by James Crawford; occupation as slave: House Servant; present employment: R.R. Shop Former enslaver: James Crawford Relations: Name also among Turner-card DB2 rows 1232-1248; different former owner — not merged Location: Huntsville, Madison County, Ala. — W Side Church (1865) File: Free_Blacks-Appendix_II.pdf (text-layer extraction 2026-09-22) DB cross-refs: DB1-1261; paper note [348]; bibliography AU; possible same person as BL-36 (enumerator-1/2 overlap — NOT merged); Name also among Turner-card DB2 rows 1232-1248; different former owner — not merged [deferred-folders pass 2026-09-23]"
Julia,Jones,48,"Black (""colored"" per source)",Female,"Rohr Appendix II (1865 Colored Census, NARA M-1900 Roll 19), p.7. Extracted from appendix text layer 2026-09-22; manuscript not re-read; spellings preserved as marked","Freedwoman; 1865 Colored Census, Huntsville Enslavement narrative: Freedperson enumerated in the 1865 Colored Census, Huntsville; formerly enslaved by Widow Fults; occupation as slave: Field Hand; present employment: housekeeping Former enslaver: Widow Fults Location: Huntsville, Madison County, Ala. — E Side Church (1865) File: Free_Blacks-Appendix_II.pdf (text-layer extraction 2026-09-22) DB cross-refs: DB1-1261; paper note [348]; bibliography AU [deferred-folders pass 2026-09-23]"
Tempy,Jones,50,"Black (""colored"" per source)",Female,"Rohr Appendix II (1865 Colored Census, NARA M-1900 Roll 19), p.7. Extracted from appendix text layer 2026-09-22; manuscript not re-read; spellings preserved as marked","Freedwoman; 1865 Colored Census, Huntsville Enslavement narrative: Freedperson enumerated in the 1865 Colored Census, Huntsville; formerly enslaved by James Crawford; occupation as slave: House Servant; remarks: 'living with her children' Former enslaver: James Crawford Relations: Name also among Turner-card DB2 rows 1232-1248; different former owner — not merged Location: Huntsville, Madison County, Ala. — W Side Church (1865) File: Free_Blacks-Appendix_II.pdf (text-layer extraction 2026-09-22) DB cross-refs: DB1-1261; paper note [348]; bibliography AU; possible same person as BL-56 (enumerator-1/2 overlap — NOT merged); Name also among Turner-card DB2 rows 1232-1248; different former owner — not merged [deferred-folders pass 2026-09-23]"
William,Jones,28,"Black (""colored"" per source)",Male,"Rohr Appendix II (1865 Colored Census, NARA M-1900 Roll 19), p.7. Extracted from appendix text layer 2026-09-22; manuscript not re-read; spellings preserved as marked","Freedman; 1865 Colored Census, Huntsville Enslavement narrative: Freedperson enumerated in the 1865 Colored Census, Huntsville; formerly enslaved by James Crawford; occupation as slave: R. R. Shop; present employment: R.R. Shop Former enslaver: James Crawford Relations: Name also among Turner-card DB2 rows 1232-1248; different former owner — not merged Location: Huntsville, Madison County, Ala. — W Side Church (1865) File: Free_Blacks-Appendix_II.pdf (text-layer extraction 2026-09-22) DB cross-refs: DB1-1261; paper note [348]; bibliography AU; possible same person as BL-62 (enumerator-1/2 overlap — NOT merged); Name also among Turner-card DB2 rows 1232-1248; different former owner — not merged [deferred-folders pass 2026-09-23]"
William,Jones,21,"Black (""colored"" per source)",Male,"Rohr Appendix II (1865 Colored Census, NARA M-1900 Roll 19), p.7. Extracted from appendix text layer 2026-09-22; manuscript not re-read; spellings preserved as marked","Freedman; 1865 Colored Census, Huntsville Enslavement narrative: Freedperson enumerated in the 1865 Colored Census, Huntsville; formerly enslaved by Widow Fults; occupation as slave: farming; present employment: field hand Former enslaver: Widow Fults Relations: Distinct from BL-22 (different age, former owner, street) — kept separate Location: Huntsville, Madison County, Ala. — E Side Church (1865) File: Free_Blacks-Appendix_II.pdf (text-layer extraction 2026-09-22) DB cross-refs: DB1-1261; paper note [348]; bibliography AU; Distinct from BL-22 (different age, former owner, street) — kept separate [deferred-folders pass 2026-09-23]"
Adeline,Jones,13+,"Black (""colored"" per source)",,"Rohr Appendix II (1865 Colored Census, NARA M-1900 Roll 19), p.37. Extracted from appendix text layer 2026-09-22; manuscript not re-read; spellings preserved as marked","Freedperson; 1865 Colored Census, Huntsville (enumerator 2: age group only) Enslavement narrative: Freedperson enumerated in the 1865 Colored Census, Huntsville; formerly enslaved by Fred Jones; occupation as slave: cook Former enslaver: Fred Jones Location: Huntsville, Madison County, Ala. — Hollmes [sic] (1865) File: Free_Blacks-Appendix_II.pdf (text-layer extraction 2026-09-22) DB cross-refs: DB1-1262; paper note [348]; bibliography AU [deferred-folders pass 2026-09-23]"
Beals,Jones,under 13,"Black (""colored"" per source)",,"Rohr Appendix II (1865 Colored Census, NARA M-1900 Roll 19), p.37. Extracted from appendix text layer 2026-09-22; manuscript not re-read; spellings preserved as marked","Freedperson; 1865 Colored Census, Huntsville (enumerator 2: age group only) Enslavement narrative: Freedperson enumerated in the 1865 Colored Census, Huntsville; formerly enslaved by A. Jones Former enslaver: A. Jones Location: Huntsville, Madison County, Ala. — Holmes (1865) File: Free_Blacks-Appendix_II.pdf (text-layer extraction 2026-09-22) DB cross-refs: DB1-1262; paper note [348]; bibliography AU [deferred-folders pass 2026-09-23]"
Benjamin,Jones,under 13,"Black (""colored"" per source)",,"Rohr Appendix II (1865 Colored Census, NARA M-1900 Roll 19), p.37. Extracted from appendix text layer 2026-09-22; manuscript not re-read; spellings preserved as marked","Freedperson; 1865 Colored Census, Huntsville (enumerator 2: age group only) Enslavement narrative: Freedperson enumerated in the 1865 Colored Census, Huntsville; formerly enslaved by Crawford Former enslaver: Crawford Location: Huntsville, Madison County, Ala. — Church (1865) File: Free_Blacks-Appendix_II.pdf (text-layer extraction 2026-09-22) DB cross-refs: DB1-1262; paper note [348]; bibliography AU; possible same person as BL-09 (enumerator-1/2 overlap — NOT merged) [deferred-folders pass 2026-09-23]"
Caroline,Jones,13+,"Black (""colored"" per source)",,"Rohr Appendix II (1865 Colored Census, NARA M-1900 Roll 19), p.37. Extracted from appendix text layer 2026-09-22; manuscript not re-read; spellings preserved as marked","Freedperson; 1865 Colored Census, Huntsville (enumerator 2: age group only) Enslavement narrative: Freedperson enumerated in the 1865 Colored Census, Huntsville; formerly enslaved by Hawk; occupation as slave: wash. & ironing Former enslaver: Hawk Relations: Hawk/Haws likely same white family as BL-11 — kept separate Location: Huntsville, Madison County, Ala. — Church (1865) File: Free_Blacks-Appendix_II.pdf (text-layer extraction 2026-09-22) DB cross-refs: DB1-1262; paper note [348]; bibliography AU; possible same person as BL-11? (enumerator-1/2 overlap — NOT merged); Hawk/Haws likely same white family as BL-11 — kept separate [deferred-folders pass 2026-09-23]"
Cato,Jones,13+,"Black (""colored"" per source)",,"Rohr Appendix II (1865 Colored Census, NARA M-1900 Roll 19), p.37. Extracted from appendix text layer 2026-09-22; manuscript not re-read; spellings preserved as marked","Freedperson; 1865 Colored Census, Huntsville (enumerator 2: age group only) Enslavement narrative: Freedperson enumerated in the 1865 Colored Census, Huntsville; formerly enslaved by J. Harris; occupation as slave: field hand; present employment: field hand Former enslaver: J. Harris Location: Huntsville, Madison County, Ala. — Church (1865) File: Free_Blacks-Appendix_II.pdf (text-layer extraction 2026-09-22) DB cross-refs: DB1-1262; paper note [348]; bibliography AU [deferred-folders pass 2026-09-23]"
Edmond,Jones,under 13,"Black (""colored"" per source)",,"Rohr Appendix II (1865 Colored Census, NARA M-1900 Roll 19), p.37. Extracted from appendix text layer 2026-09-22; manuscript not re-read; spellings preserved as marked","Freedperson; 1865 Colored Census, Huntsville (enumerator 2: age group only) Enslavement narrative: Freedperson enumerated in the 1865 Colored Census, Huntsville; formerly enslaved by Smither Former enslaver: Smither Location: Huntsville, Madison County, Ala. — Georgia (1865) File: Free_Blacks-Appendix_II.pdf (text-layer extraction 2026-09-22) DB cross-refs: DB1-1262; paper note [348]; bibliography AU [deferred-folders pass 2026-09-23]"
Emma,Jones,13+,"Black (""colored"" per source)",,"Rohr Appendix II (1865 Colored Census, NARA M-1900 Roll 19), p.37. Extracted from appendix text layer 2026-09-22; manuscript not re-read; spellings preserved as marked","Freedperson; 1865 Colored Census, Huntsville (enumerator 2: age group only) Enslavement narrative: Freedperson enumerated in the 1865 Colored Census, Huntsville; formerly enslaved by J. Ward; occupation as slave: washer; present employment: washing Former enslaver: J. Ward Location: Huntsville, Madison County, Ala. — Commerce (1865) File: Free_Blacks-Appendix_II.pdf (text-layer extraction 2026-09-22) DB cross-refs: DB1-1262; paper note [348]; bibliography AU [deferred-folders pass 2026-09-23]"
Fanny,Jones,under 13,"Black (""colored"" per source)",,"Rohr Appendix II (1865 Colored Census, NARA M-1900 Roll 19), p.37. Extracted from appendix text layer 2026-09-22; manuscript not re-read; spellings preserved as marked","Freedperson; 1865 Colored Census, Huntsville (enumerator 2: age group only) Enslavement narrative: Freedperson enumerated in the 1865 Colored Census, Huntsville; formerly enslaved by R. Crutcher Former enslaver: R. Crutcher Location: Huntsville, Madison County, Ala. — Church (1865) File: Free_Blacks-Appendix_II.pdf (text-layer extraction 2026-09-22) DB cross-refs: DB1-1262; paper note [348]; bibliography AU [deferred-folders pass 2026-09-23]"
James,Jones,under 13,"Black (""colored"" per source)",,"Rohr Appendix II (1865 Colored Census, NARA M-1900 Roll 19), p.37. Extracted from appendix text layer 2026-09-22; manuscript not re-read; spellings preserved as marked","Freedperson; 1865 Colored Census, Huntsville (enumerator 2: age group only) Enslavement narrative: Freedperson enumerated in the 1865 Colored Census, Huntsville; formerly enslaved by Hawk; occupation as slave: wash Former enslaver: Hawk Relations: Name also among Turner-card DB2 rows 1232-1248; different former owner — not merged Location: Huntsville, Madison County, Ala. — Church (1865) File: Free_Blacks-Appendix_II.pdf (text-layer extraction 2026-09-22) DB cross-refs: DB1-1262; paper note [348]; bibliography AU; Name also among Turner-card DB2 rows 1232-1248; different former owner — not merged [deferred-folders pass 2026-09-23]"
Jerry,Jones,under 13,"Black (""colored"" per source)",,"Rohr Appendix II (1865 Colored Census, NARA M-1900 Roll 19), p.37. Extracted from appendix text layer 2026-09-22; manuscript not re-read; spellings preserved as marked","Freedperson; 1865 Colored Census, Huntsville (enumerator 2: age group only) Enslavement narrative: Freedperson enumerated in the 1865 Colored Census, Huntsville; formerly enslaved by Crawford Former enslaver: Crawford Relations: Name also among Turner-card DB2 rows 1232-1248; different former owner — not merged Location: Huntsville, Madison County, Ala. — Church (1865) File: Free_Blacks-Appendix_II.pdf (text-layer extraction 2026-09-22) DB cross-refs: DB1-1262; paper note [348]; bibliography AU; possible same person as BL-16 (enumerator-1/2 overlap — NOT merged); Name also among Turner-card DB2 rows 1232-1248; different former owner — not merged [deferred-folders pass 2026-09-23]"
Joanna,Jones,13+,"Black (""colored"" per source)",,"Rohr Appendix II (1865 Colored Census, NARA M-1900 Roll 19), p.37. Extracted from appendix text layer 2026-09-22; manuscript not re-read; spellings preserved as marked","Freedperson; 1865 Colored Census, Huntsville (enumerator 2: age group only) Enslavement narrative: Freedperson enumerated in the 1865 Colored Census, Huntsville; formerly enslaved by Crawford; occupation as slave: washer; present employment: washing Former enslaver: Crawford Location: Huntsville, Madison County, Ala. — Church (1865) File: Free_Blacks-Appendix_II.pdf (text-layer extraction 2026-09-22) DB cross-refs: DB1-1262; paper note [348]; bibliography AU [deferred-folders pass 2026-09-23]"
John,Jones,under 13,"Black (""colored"" per source)",,"Rohr Appendix II (1865 Colored Census, NARA M-1900 Roll 19), p.37. Extracted from appendix text layer 2026-09-22; manuscript not re-read; spellings preserved as marked","Freedperson; 1865 Colored Census, Huntsville (enumerator 2: age group only) Enslavement narrative: Freedperson enumerated in the 1865 Colored Census, Huntsville; formerly enslaved by A. Jones Former enslaver: A. Jones Location: Huntsville, Madison County, Ala. — Holmes (1865) File: Free_Blacks-Appendix_II.pdf (text-layer extraction 2026-09-22) DB cross-refs: DB1-1262; paper note [348]; bibliography AU [deferred-folders pass 2026-09-23]"
Kate,Jones,13+,"Black (""colored"" per source)",,"Rohr Appendix II (1865 Colored Census, NARA M-1900 Roll 19), p.37. Extracted from appendix text layer 2026-09-22; manuscript not re-read; spellings preserved as marked","Freedperson; 1865 Colored Census, Huntsville (enumerator 2: age group only) Enslavement narrative: Freedperson enumerated in the 1865 Colored Census, Huntsville; formerly enslaved by Wash. Jones; occupation as slave: field hand Former enslaver: Wash. Jones Location: Huntsville, Madison County, Ala. — Lincoln (1865) File: Free_Blacks-Appendix_II.pdf (text-layer extraction 2026-09-22) DB cross-refs: DB1-1262; paper note [348]; bibliography AU [deferred-folders pass 2026-09-23]"
Lucinda,Jones,13+,"Black (""colored"" per source)",,"Rohr Appendix II (1865 Colored Census, NARA M-1900 Roll 19), p.37. Extracted from appendix text layer 2026-09-22; manuscript not re-read; spellings preserved as marked","Freedperson; 1865 Colored Census, Huntsville (enumerator 2: age group only) Enslavement narrative: Freedperson enumerated in the 1865 Colored Census, Huntsville; formerly enslaved by Mrs. T. Frankell; occupation as slave: cook; present employment: cooking Former enslaver: Mrs. T. Frankell Relations: Distinct from BL-41 (different street, former owner) — kept separate Location: Huntsville, Madison County, Ala. — Washington (1865) File: Free_Blacks-Appendix_II.pdf (text-layer extraction 2026-09-22) DB cross-refs: DB1-1262; paper note [348]; bibliography AU; Distinct from BL-41 (different street, former owner) — kept separate [deferred-folders pass 2026-09-23]"
Lucinda,Jones,13+,"Black (""colored"" per source)",,"Rohr Appendix II (1865 Colored Census, NARA M-1900 Roll 19), p.37. Extracted from appendix text layer 2026-09-22; manuscript not re-read; spellings preserved as marked","Freedperson; 1865 Colored Census, Huntsville (enumerator 2: age group only) Enslavement narrative: Freedperson enumerated in the 1865 Colored Census, Huntsville; formerly enslaved by R. Crutcher; occupation as slave: washing; present employment: washing Former enslaver: R. Crutcher Relations: Distinct from BL-40 — kept separate Location: Huntsville, Madison County, Ala. — Church (1865) File: Free_Blacks-Appendix_II.pdf (text-layer extraction 2026-09-22) DB cross-refs: DB1-1262; paper note [348]; bibliography AU; Distinct from BL-40 — kept separate [deferred-folders pass 2026-09-23]"
Lucy,Jones,under 13,"Black (""colored"" per source)",,"Rohr Appendix II (1865 Colored Census, NARA M-1900 Roll 19), p.37. Extracted from appendix text layer 2026-09-22; manuscript not re-read; spellings preserved as marked","Freedperson; 1865 Colored Census, Huntsville (enumerator 2: age group only) Enslavement narrative: Freedperson enumerated in the 1865 Colored Census, Huntsville; formerly enslaved by Mrs. T. Frankell Former enslaver: Mrs. T. Frankell Location: Huntsville, Madison County, Ala. — Washington (1865) File: Free_Blacks-Appendix_II.pdf (text-layer extraction 2026-09-22) DB cross-refs: DB1-1262; paper note [348]; bibliography AU [deferred-folders pass 2026-09-23]"
Lucy Jones,Jones,13+,"Black (""colored"" per source)",,"Rohr Appendix II (1865 Colored Census, NARA M-1900 Roll 19), p.37. Extracted from appendix text layer 2026-09-22; manuscript not re-read; spellings preserved as marked","Freedperson; 1865 Colored Census, Huntsville (enumerator 2: age group only) Enslavement narrative: Freedperson enumerated in the 1865 Colored Census, Huntsville; formerly enslaved by Jones Former enslaver: Jones Location: Huntsville, Madison County, Ala. — Summer (1865) File: Free_Blacks-Appendix_II.pdf (text-layer extraction 2026-09-22) DB cross-refs: DB1-1262; paper note [348]; bibliography AU [deferred-folders pass 2026-09-23]"
Martha,Jones,13+,"Black (""colored"" per source)",,"Rohr Appendix II (1865 Colored Census, NARA M-1900 Roll 19), p.37. Extracted from appendix text layer 2026-09-22; manuscript not re-read; spellings preserved as marked","Freedperson; 1865 Colored Census, Huntsville (enumerator 2: age group only) Enslavement narrative: Freedperson enumerated in the 1865 Colored Census, Huntsville; formerly enslaved by A. Jones; occupation as slave: farming Former enslaver: A. Jones Location: Huntsville, Madison County, Ala. — Holmes (1865) File: Free_Blacks-Appendix_II.pdf (text-layer extraction 2026-09-22) DB cross-refs: DB1-1262; paper note [348]; bibliography AU [deferred-folders pass 2026-09-23]"
Mary,Jones,under 13,"Black (""colored"" per source)",,"Rohr Appendix II (1865 Colored Census, NARA M-1900 Roll 19), p.37. Extracted from appendix text layer 2026-09-22; manuscript not re-read; spellings preserved as marked","Freedperson; 1865 Colored Census, Huntsville (enumerator 2: age group only) Enslavement narrative: Freedperson enumerated in the 1865 Colored Census, Huntsville; formerly enslaved by Smither Former enslaver: Smither Location: Huntsville, Madison County, Ala. — Georgia (1865) File: Free_Blacks-Appendix_II.pdf (text-layer extraction 2026-09-22) DB cross-refs: DB1-1262; paper note [348]; bibliography AU [deferred-folders pass 2026-09-23]"
Milly,Jones,under 13,"Black (""colored"" per source)",,"Rohr Appendix II (1865 Colored Census, NARA M-1900 Roll 19), p.37. Extracted from appendix text layer 2026-09-22; manuscript not re-read; spellings preserved as marked","Freedperson; 1865 Colored Census, Huntsville (enumerator 2: age group only) Enslavement narrative: Freedperson enumerated in the 1865 Colored Census, Huntsville; formerly enslaved by Fred Jones Former enslaver: Fred Jones Relations: Distinct from BL-01 (Milly Jones Howard, f.o. Crawford) — kept separate Location: Huntsville, Madison County, Ala. — Holmes (1865) File: Free_Blacks-Appendix_II.pdf (text-layer extraction 2026-09-22) DB cross-refs: DB1-1262; paper note [348]; bibliography AU; Distinct from BL-01 (Milly Jones Howard, f.o. Crawford) — kept separate [deferred-folders pass 2026-09-23]"
Mingo,Jones,under 13,"Black (""colored"" per source)",,"Rohr Appendix II (1865 Colored Census, NARA M-1900 Roll 19), p.37. Extracted from appendix text layer 2026-09-22; manuscript not re-read; spellings preserved as marked","Freedperson; 1865 Colored Census, Huntsville (enumerator 2: age group only) Enslavement narrative: Freedperson enumerated in the 1865 Colored Census, Huntsville; formerly enslaved by Fred Jones; occupation as slave: farmer; present employment: teamster Former enslaver: Fred Jones Location: Huntsville, Madison County, Ala. — Holmes (1865) File: Free_Blacks-Appendix_II.pdf (text-layer extraction 2026-09-22) DB cross-refs: DB1-1262; paper note [348]; bibliography AU [deferred-folders pass 2026-09-23]"
Priscilla,Jones,under 13,"Black (""colored"" per source)",,"Rohr Appendix II (1865 Colored Census, NARA M-1900 Roll 19), p.37. Extracted from appendix text layer 2026-09-22; manuscript not re-read; spellings preserved as marked","Freedperson; 1865 Colored Census, Huntsville (enumerator 2: age group only) Enslavement narrative: Freedperson enumerated in the 1865 Colored Census, Huntsville; formerly enslaved by R. Crutcher Former enslaver: R. Crutcher Location: Huntsville, Madison County, Ala. — Church (1865) File: Free_Blacks-Appendix_II.pdf (text-layer extraction 2026-09-22) DB cross-refs: DB1-1262; paper note [348]; bibliography AU [deferred-folders pass 2026-09-23]"
Sarah,Jones,13+,"Black (""colored"" per source)",,"Rohr Appendix II (1865 Colored Census, NARA M-1900 Roll 19), p.38. Extracted from appendix text layer 2026-09-22; manuscript not re-read; spellings preserved as marked","Freedperson; 1865 Colored Census, Huntsville (enumerator 2: age group only) Enslavement narrative: Freedperson enumerated in the 1865 Colored Census, Huntsville; formerly enslaved by Jones Former enslaver: Jones Location: Huntsville, Madison County, Ala. — Summer (1865) File: Free_Blacks-Appendix_II.pdf (text-layer extraction 2026-09-22) DB cross-refs: DB1-1262; paper note [348]; bibliography AU [deferred-folders pass 2026-09-23]"
Tempy,Jones,13+,"Black (""colored"" per source)",,"Rohr Appendix II (1865 Colored Census, NARA M-1900 Roll 19), p.38. Extracted from appendix text layer 2026-09-22; manuscript not re-read; spellings preserved as marked","Freedperson; 1865 Colored Census, Huntsville (enumerator 2: age group only) Enslavement narrative: Freedperson enumerated in the 1865 Colored Census, Huntsville; formerly enslaved by Crawford; remarks: 'very old' Former enslaver: Crawford Relations: Name also among Turner-card DB2 rows 1232-1248; different former owner — not merged Location: Huntsville, Madison County, Ala. — Church (1865) File: Free_Blacks-Appendix_II.pdf (text-layer extraction 2026-09-22) DB cross-refs: DB1-1262; paper note [348]; bibliography AU; possible same person as BL-21 (enumerator-1/2 overlap — NOT merged); Name also among Turner-card DB2 rows 1232-1248; different former owner — not merged [deferred-folders pass 2026-09-23]"
Thomas,Jones,under 13,"Black (""colored"" per source)",,"Rohr Appendix II (1865 Colored Census, NARA M-1900 Roll 19), p.38. Extracted from appendix text layer 2026-09-22; manuscript not re-read; spellings preserved as marked","Freedperson; 1865 Colored Census, Huntsville (enumerator 2: age group only) Enslavement narrative: Freedperson enumerated in the 1865 Colored Census, Huntsville; formerly enslaved by R. Crutcher Former enslaver: R. Crutcher Location: Huntsville, Madison County, Ala. — Church (1865) File: Free_Blacks-Appendix_II.pdf (text-layer extraction 2026-09-22) DB cross-refs: DB1-1262; paper note [348]; bibliography AU [deferred-folders pass 2026-09-23]"
Tom,Jones,under 13,"Black (""colored"" per source)",,"Rohr Appendix II (1865 Colored Census, NARA M-1900 Roll 19), p.38. Extracted from appendix text layer 2026-09-22; manuscript not re-read; spellings preserved as marked","Freedperson; 1865 Colored Census, Huntsville (enumerator 2: age group only) Enslavement narrative: Freedperson enumerated in the 1865 Colored Census, Huntsville; formerly enslaved by A. Jones Former enslaver: A. Jones Relations: Distinct from BL-59 (different street, former owner) — kept separate Location: Huntsville, Madison County, Ala. — Holmes (1865) File: Free_Blacks-Appendix_II.pdf (text-layer extraction 2026-09-22) DB cross-refs: DB1-1262; paper note [348]; bibliography AU; Distinct from BL-59 (different street, former owner) — kept separate [deferred-folders pass 2026-09-23]"
Tom,Jones,under 13,"Black (""colored"" per source)",,"Rohr Appendix II (1865 Colored Census, NARA M-1900 Roll 19), p.38. Extracted from appendix text layer 2026-09-22; manuscript not re-read; spellings preserved as marked","Freedperson; 1865 Colored Census, Huntsville (enumerator 2: age group only) Enslavement narrative: Freedperson enumerated in the 1865 Colored Census, Huntsville; formerly enslaved by Jones Former enslaver: Jones Relations: Distinct from BL-58 — kept separate Location: Huntsville, Madison County, Ala. — Summer (1865) File: Free_Blacks-Appendix_II.pdf (text-layer extraction 2026-09-22) DB cross-refs: DB1-1262; paper note [348]; bibliography AU; Distinct from BL-58 — kept separate [deferred-folders pass 2026-09-23]"
Violet,Jones,under 13,"Black (""colored"" per source)",,"Rohr Appendix II (1865 Colored Census, NARA M-1900 Roll 19), p.38. Extracted from appendix text layer 2026-09-22; manuscript not re-read; spellings preserved as marked","Freedperson; 1865 Colored Census, Huntsville (enumerator 2: age group only) Enslavement narrative: Freedperson enumerated in the 1865 Colored Census, Huntsville; formerly enslaved by Fred Jones; occupation as slave: farmer; present employment: nursing Former enslaver: Fred Jones Location: Huntsville, Madison County, Ala. — Holmes (1865) File: Free_Blacks-Appendix_II.pdf (text-layer extraction 2026-09-22) DB cross-refs: DB1-1262; paper note [348]; bibliography AU [deferred-folders pass 2026-09-23]"
William,Jones,13+,"Black (""colored"" per source)",,"Rohr Appendix II (1865 Colored Census, NARA M-1900 Roll 19), p.38. Extracted from appendix text layer 2026-09-22; manuscript not re-read; spellings preserved as marked","Freedperson; 1865 Colored Census, Huntsville (enumerator 2: age group only) Enslavement narrative: Freedperson enumerated in the 1865 Colored Census, Huntsville; formerly enslaved by Mrs. T. Frankell Former enslaver: Mrs. T. Frankell Relations: Name also among Turner-card DB2 rows 1232-1248; different former owner — not merged Location: Huntsville, Madison County, Ala. — Washington (1865) File: Free_Blacks-Appendix_II.pdf (text-layer extraction 2026-09-22) DB cross-refs: DB1-1262; paper note [348]; bibliography AU; Name also among Turner-card DB2 rows 1232-1248; different former owner — not merged [deferred-folders pass 2026-09-23]"
William,Jones,13+,"Black (""colored"" per source)",,"Rohr Appendix II (1865 Colored Census, NARA M-1900 Roll 19), p.38. Extracted from appendix text layer 2026-09-22; manuscript not re-read; spellings preserved as marked","Freedperson; 1865 Colored Census, Huntsville (enumerator 2: age group only) Enslavement narrative: Freedperson enumerated in the 1865 Colored Census, Huntsville; formerly enslaved by Crawford; occupation as slave: m. shop; present employment: rail road Former enslaver: Crawford Relations: Name also among Turner-card DB2 rows 1232-1248; different former owner — not merged Location: Huntsville, Madison County, Ala. — Church (1865) File: Free_Blacks-Appendix_II.pdf (text-layer extraction 2026-09-22) DB cross-refs: DB1-1262; paper note [348]; bibliography AU; possible same person as BL-22 (enumerator-1/2 overlap — NOT merged); Name also among Turner-card DB2 rows 1232-1248; different former owner — not merged [deferred-folders pass 2026-09-23]"
Woodson,Jones,13+,"Black (""colored"" per source)",,"Rohr Appendix II (1865 Colored Census, NARA M-1900 Roll 19), p.38. Extracted from appendix text layer 2026-09-22; manuscript not re-read; spellings preserved as marked","Freedperson; 1865 Colored Census, Huntsville (enumerator 2: age group only) Enslavement narrative: Freedperson enumerated in the 1865 Colored Census, Huntsville; formerly enslaved by J. Ward; occupation as slave: waiter; present employment: waiting Former enslaver: J. Ward Location: Huntsville, Madison County, Ala. — Commerce (1865) File: Free_Blacks-Appendix_II.pdf (text-layer extraction 2026-09-22) DB cross-refs: DB1-1262; paper note [348]; bibliography AU [deferred-folders pass 2026-09-23]"
Ellen,McDonald,20,"Black (""colored"" per source)",Female,"Rohr Appendix II (1865 Colored Census, NARA M-1900 Roll 19), p.8. Extracted from appendix text layer 2026-09-22; manuscript not re-read; spellings preserved as marked","Freedwoman; 1865 Colored Census, Huntsville; held by a Jones former owner Enslavement narrative: Freedperson enumerated in the 1865 Colored Census, Huntsville; formerly enslaved by Phillippe Jones; occupation as slave: field hand; remarks: 'much' Former enslaver: Phillippe Jones Location: Huntsville, Madison County, Ala. — W Side Mill (1865) File: Free_Blacks-Appendix_II.pdf (text-layer extraction 2026-09-22) DB cross-refs: DB1-1264; paper note [348]; bibliography AU [deferred-folders pass 2026-09-23]"
Jane,McDonald,50,"Black (""colored"" per source)",Female,"Rohr Appendix II (1865 Colored Census, NARA M-1900 Roll 19), p.8. Extracted from appendix text layer 2026-09-22; manuscript not re-read; spellings preserved as marked","Freedwoman; 1865 Colored Census, Huntsville; held by a Jones former owner Enslavement narrative: Freedperson enumerated in the 1865 Colored Census, Huntsville; formerly enslaved by Albert Jones; occupation as slave: fild hand [sic]; present employment: washing Former enslaver: Albert Jones Relations: Kept separate from freedman Albert Jones (BL-06) — same name, no evidence same man Location: Huntsville, Madison County, Ala. — W Side Mill (1865) File: Free_Blacks-Appendix_II.pdf (text-layer extraction 2026-09-22) DB cross-refs: DB1-1264; paper note [348]; bibliography AU; Kept separate from freedman Albert Jones (BL-06) — same name, no evidence same man [deferred-folders pass 2026-09-23]"
John,McDonald,22,"Black (""colored"" per source)",Male,"Rohr Appendix II (1865 Colored Census, NARA M-1900 Roll 19), p.8. Extracted from appendix text layer 2026-09-22; manuscript not re-read; spellings preserved as marked","Freedman; 1865 Colored Census, Huntsville; held by a Jones former owner Enslavement narrative: Freedperson enumerated in the 1865 Colored Census, Huntsville; formerly enslaved by Phillippe Jones; occupation as slave: Field Hand; present employment: nothing; remarks: 'out of employment' Former enslaver: Phillippe Jones Location: Huntsville, Madison County, Ala. — W Side Mill (1865) File: Free_Blacks-Appendix_II.pdf (text-layer extraction 2026-09-22) DB cross-refs: DB1-1264; paper note [348]; bibliography AU [deferred-folders pass 2026-09-23]"
Mary,Terrel,13+,"Black (""colored"" per source)",,"Rohr Appendix II (1865 Colored Census, NARA M-1900 Roll 19), p.65. Extracted from appendix text layer 2026-09-22; manuscript not re-read; spellings preserved as marked","Freedwoman; 1865 Colored Census, Huntsville; held by a Jones former owner Enslavement narrative: Freedperson enumerated in the 1865 Colored Census, Huntsville; formerly enslaved by A. Jones; occupation as slave: seamstress; present employment: seamstress Former enslaver: A. Jones Location: Huntsville, Madison County, Ala. — Holmes (1865) File: Free_Blacks-Appendix_II.pdf (text-layer extraction 2026-09-22) DB cross-refs: DB1-1264; paper note [348]; bibliography AU [deferred-folders pass 2026-09-23]"
Hannah,"Jones (Freedman's Bank No. 6349, Augusta GA)",30 (in 1873),,Female,"Freedman's Savings and Trust Company, Augusta GA, signature book No. 6349, Nov 8 1873 (image GAM816_7-0050). Transcribed in full 2026-09-22; spellings preserved as marked; signed by mark (cannot write)"
Eliza,,,,,"Lead — 1839-1858 (plantation journal span; article compiled 2021). Stacy Ashmore Cole, 'List of Enslaved People Belonging to William Jones (1802-1885),' theyhadnames.net, Apr. 27, 2021 (updated May 7, 2021); via staged/deepread-enslavement-legal.json. Plantation journal 1839-1858, Cornelia Jones Pond memoir (1898), deeds, Midway Congregational Church records."
George,,,,,"Lead — 1839-1858 (plantation journal span; article compiled 2021). Stacy Ashmore Cole, 'List of Enslaved People Belonging to William Jones (1802-1885),' theyhadnames.net, Apr. 27, 2021 (updated May 7, 2021); via staged/deepread-enslavement-legal.json. Plantation journal 1839-1858, Cornelia Jones Pond memoir (1898), deeds, Midway Congregational Church records."
Mary,,,,,"Lead — 1839-1858 (plantation journal span; article compiled 2021). Stacy Ashmore Cole, 'List of Enslaved People Belonging to William Jones (1802-1885),' theyhadnames.net, Apr. 27, 2021 (updated May 7, 2021); via staged/deepread-enslavement-legal.json. Plantation journal 1839-1858, Cornelia Jones Pond memoir (1898), deeds, Midway Congregational Church records."
Nancy,,,,,"Lead — 1822-12-08 (act); freedom effective 1823-01-01 for those over 21. Act of December 8, 1822, reprinted verbatim in Henry Marks, 'A Slave Emancipation Act in Early North Alabama,' Huntsville Historical Review 4:3 (July 1974); via staged/deepread-enslavement-legal.json."
Tom,,,,,"Lead — 1822-12-08 (act); freedom effective 1823-01-01 for those over 21. Act of December 8, 1822, reprinted verbatim in Henry Marks, 'A Slave Emancipation Act in Early North Alabama,' Huntsville Historical Review 4:3 (July 1974); via staged/deepread-enslavement-legal.json."
George,,,,,"Lead — 1822-12-08 (act); freedom effective 1823-01-01 for those over 21. Act of December 8, 1822, reprinted verbatim in Henry Marks, 'A Slave Emancipation Act in Early North Alabama,' Huntsville Historical Review 4:3 (July 1974); via staged/deepread-enslavement-legal.json."
Penny,,,,,"'Alexander P Jones.pdf' and 'Polly Jones.pdf' — Ancestry story prints, tree/210795668, captured 5/30/26; staged deepread-profiles-genealogy.json (2026-09-22); Confidence: Low — tree-level only"
Hannah,Jones,30 (in 1873),Black,F,"Freedwoman; Freedman's Bank depositor, Augusta GA, Nov 8 1873; born ~1843 Columbia SC — a DIFFERENT person from the 1870/1880 Hannah (wife of William Jones); DO NOT MERGE. Freedman's Savings and Trust Company, Augusta GA, signature book No. 6349, Nov 8 1873 (image GAM816_7-0050). Transcribed in full 2026-09-22; spellings preserved as marked; signed by mark (cannot write)"
Anthony,,,,,"Stacy Ashmore Cole, 'List of Enslaved People Belonging to William Jones (1802-1885),' theyhadnames.net, Apr. 27, 2021 (updated May 7, 2021); via staged/deepread-enslavement-legal.json. Plantation journal 1839-1858, Cornelia Jones Pond memoir (1898), deeds, Midway Congregational Church records. Date: 1839-1858 (plantation journal span; article compiled 2021)."
Betty,(Little),,,,"Stacy Ashmore Cole, 'List of Enslaved People Belonging to William Jones (1802-1885),' theyhadnames.net, Apr. 27, 2021 (updated May 7, 2021); via staged/deepread-enslavement-legal.json. Plantation journal 1839-1858, Cornelia Jones Pond memoir (1898), deeds, Midway Congregational Church records. Date: 1839-1858 (plantation journal span; article compiled 2021)."
Betty,(two mentioned 1845),,,,"Stacy Ashmore Cole, 'List of Enslaved People Belonging to William Jones (1802-1885),' theyhadnames.net, Apr. 27, 2021 (updated May 7, 2021); via staged/deepread-enslavement-legal.json. Plantation journal 1839-1858, Cornelia Jones Pond memoir (1898), deeds, Midway Congregational Church records. Date: 1839-1858 (plantation journal span; article compiled 2021)."
Betty,,,,,"Stacy Ashmore Cole, 'List of Enslaved People Belonging to William Jones (1802-1885),' theyhadnames.net, Apr. 27, 2021 (updated May 7, 2021); via staged/deepread-enslavement-legal.json. Plantation journal 1839-1858, Cornelia Jones Pond memoir (1898), deeds, Midway Congregational Church records. Date: 1839-1858 (plantation journal span; article compiled 2021)."
Cato,,,,,"Stacy Ashmore Cole, 'List of Enslaved People Belonging to William Jones (1802-1885),' theyhadnames.net, Apr. 27, 2021 (updated May 7, 2021); via staged/deepread-enslavement-legal.json. Plantation journal 1839-1858, Cornelia Jones Pond memoir (1898), deeds, Midway Congregational Church records. Date: 1839-1858 (plantation journal span; article compiled 2021)."
Charles,,,,,"Stacy Ashmore Cole, 'List of Enslaved People Belonging to William Jones (1802-1885),' theyhadnames.net, Apr. 27, 2021 (updated May 7, 2021); via staged/deepread-enslavement-legal.json. Plantation journal 1839-1858, Cornelia Jones Pond memoir (1898), deeds, Midway Congregational Church records. Date: 1839-1858 (plantation journal span; article compiled 2021)."
Dick,,,,,"Stacy Ashmore Cole, 'List of Enslaved People Belonging to William Jones (1802-1885),' theyhadnames.net, Apr. 27, 2021 (updated May 7, 2021); via staged/deepread-enslavement-legal.json. Plantation journal 1839-1858, Cornelia Jones Pond memoir (1898), deeds, Midway Congregational Church records. Date: 1839-1858 (plantation journal span; article compiled 2021)."
Fortune,,,,,"Stacy Ashmore Cole, 'List of Enslaved People Belonging to William Jones (1802-1885),' theyhadnames.net, Apr. 27, 2021 (updated May 7, 2021); via staged/deepread-enslavement-legal.json. Plantation journal 1839-1858, Cornelia Jones Pond memoir (1898), deeds, Midway Congregational Church records. Date: 1839-1858 (plantation journal span; article compiled 2021)."
Hannah,,,,,"Stacy Ashmore Cole, 'List of Enslaved People Belonging to William Jones (1802-1885),' theyhadnames.net, Apr. 27, 2021 (updated May 7, 2021); via staged/deepread-enslavement-legal.json. Plantation journal 1839-1858, Cornelia Jones Pond memoir (1898), deeds, Midway Congregational Church records. Date: 1839-1858 (plantation journal span; article compiled 2021)."
Jim,,,,,"Stacy Ashmore Cole, 'List of Enslaved People Belonging to William Jones (1802-1885),' theyhadnames.net, Apr. 27, 2021 (updated May 7, 2021); via staged/deepread-enslavement-legal.json. Plantation journal 1839-1858, Cornelia Jones Pond memoir (1898), deeds, Midway Congregational Church records. Date: 1839-1858 (plantation journal span; article compiled 2021)."
John,,,,,"Stacy Ashmore Cole, 'List of Enslaved People Belonging to William Jones (1802-1885),' theyhadnames.net, Apr. 27, 2021 (updated May 7, 2021); via staged/deepread-enslavement-legal.json. Plantation journal 1839-1858, Cornelia Jones Pond memoir (1898), deeds, Midway Congregational Church records. Date: 1839-1858 (plantation journal span; article compiled 2021)."
Leah,,,,,"Stacy Ashmore Cole, 'List of Enslaved People Belonging to William Jones (1802-1885),' theyhadnames.net, Apr. 27, 2021 (updated May 7, 2021); via staged/deepread-enslavement-legal.json. Plantation journal 1839-1858, Cornelia Jones Pond memoir (1898), deeds, Midway Congregational Church records. Date: 1839-1858 (plantation journal span; article compiled 2021)."
Leah,(Old),,,,"Stacy Ashmore Cole, 'List of Enslaved People Belonging to William Jones (1802-1885),' theyhadnames.net, Apr. 27, 2021 (updated May 7, 2021); via staged/deepread-enslavement-legal.json. Plantation journal 1839-1858, Cornelia Jones Pond memoir (1898), deeds, Midway Congregational Church records. Date: 1839-1858 (plantation journal span; article compiled 2021)."
London,,,,,"Stacy Ashmore Cole, 'List of Enslaved People Belonging to William Jones (1802-1885),' theyhadnames.net, Apr. 27, 2021 (updated May 7, 2021); via staged/deepread-enslavement-legal.json. Plantation journal 1839-1858, Cornelia Jones Pond memoir (1898), deeds, Midway Congregational Church records. Date: 1839-1858 (plantation journal span; article compiled 2021)."
May,,,,,"Stacy Ashmore Cole, 'List of Enslaved People Belonging to William Jones (1802-1885),' theyhadnames.net, Apr. 27, 2021 (updated May 7, 2021); via staged/deepread-enslavement-legal.json. Plantation journal 1839-1858, Cornelia Jones Pond memoir (1898), deeds, Midway Congregational Church records. Date: 1839-1858 (plantation journal span; article compiled 2021)."
Moses,,,,,"Stacy Ashmore Cole, 'List of Enslaved People Belonging to William Jones (1802-1885),' theyhadnames.net, Apr. 27, 2021 (updated May 7, 2021); via staged/deepread-enslavement-legal.json. Plantation journal 1839-1858, Cornelia Jones Pond memoir (1898), deeds, Midway Congregational Church records. Date: 1839-1858 (plantation journal span; article compiled 2021)."
Paul,,,,,"Stacy Ashmore Cole, 'List of Enslaved People Belonging to William Jones (1802-1885),' theyhadnames.net, Apr. 27, 2021 (updated May 7, 2021); via staged/deepread-enslavement-legal.json. Plantation journal 1839-1858, Cornelia Jones Pond memoir (1898), deeds, Midway Congregational Church records. Date: 1839-1858 (plantation journal span; article compiled 2021)."
Peggy,,,,,"Stacy Ashmore Cole, 'List of Enslaved People Belonging to William Jones (1802-1885),' theyhadnames.net, Apr. 27, 2021 (updated May 7, 2021); via staged/deepread-enslavement-legal.json. Plantation journal 1839-1858, Cornelia Jones Pond memoir (1898), deeds, Midway Congregational Church records. Date: 1839-1858 (plantation journal span; article compiled 2021)."
Peter,,,,,"Stacy Ashmore Cole, 'List of Enslaved People Belonging to William Jones (1802-1885),' theyhadnames.net, Apr. 27, 2021 (updated May 7, 2021); via staged/deepread-enslavement-legal.json. Plantation journal 1839-1858, Cornelia Jones Pond memoir (1898), deeds, Midway Congregational Church records. Date: 1839-1858 (plantation journal span; article compiled 2021)."
Peter,(Big),,,,"Stacy Ashmore Cole, 'List of Enslaved People Belonging to William Jones (1802-1885),' theyhadnames.net, Apr. 27, 2021 (updated May 7, 2021); via staged/deepread-enslavement-legal.json. Plantation journal 1839-1858, Cornelia Jones Pond memoir (1898), deeds, Midway Congregational Church records. Date: 1839-1858 (plantation journal span; article compiled 2021)."
Peter,(Little),,,,"Stacy Ashmore Cole, 'List of Enslaved People Belonging to William Jones (1802-1885),' theyhadnames.net, Apr. 27, 2021 (updated May 7, 2021); via staged/deepread-enslavement-legal.json. Plantation journal 1839-1858, Cornelia Jones Pond memoir (1898), deeds, Midway Congregational Church records. Date: 1839-1858 (plantation journal span; article compiled 2021)."
Phillis,"(Old, and her family)",,,,"Stacy Ashmore Cole, 'List of Enslaved People Belonging to William Jones (1802-1885),' theyhadnames.net, Apr. 27, 2021 (updated May 7, 2021); via staged/deepread-enslavement-legal.json. Plantation journal 1839-1858, Cornelia Jones Pond memoir (1898), deeds, Midway Congregational Church records. Date: 1839-1858 (plantation journal span; article compiled 2021)."
Phillis,(Old),,,,"Stacy Ashmore Cole, 'List of Enslaved People Belonging to William Jones (1802-1885),' theyhadnames.net, Apr. 27, 2021 (updated May 7, 2021); via staged/deepread-enslavement-legal.json. Plantation journal 1839-1858, Cornelia Jones Pond memoir (1898), deeds, Midway Congregational Church records. Date: 1839-1858 (plantation journal span; article compiled 2021)."
Polly,,,,,"Stacy Ashmore Cole, 'List of Enslaved People Belonging to William Jones (1802-1885),' theyhadnames.net, Apr. 27, 2021 (updated May 7, 2021); via staged/deepread-enslavement-legal.json. Plantation journal 1839-1858, Cornelia Jones Pond memoir (1898), deeds, Midway Congregational Church records. Date: 1839-1858 (plantation journal span; article compiled 2021)."
Rachel,,,,,"Stacy Ashmore Cole, 'List of Enslaved People Belonging to William Jones (1802-1885),' theyhadnames.net, Apr. 27, 2021 (updated May 7, 2021); via staged/deepread-enslavement-legal.json. Plantation journal 1839-1858, Cornelia Jones Pond memoir (1898), deeds, Midway Congregational Church records. Date: 1839-1858 (plantation journal span; article compiled 2021)."
Rose,,,,,"Stacy Ashmore Cole, 'List of Enslaved People Belonging to William Jones (1802-1885),' theyhadnames.net, Apr. 27, 2021 (updated May 7, 2021); via staged/deepread-enslavement-legal.json. Plantation journal 1839-1858, Cornelia Jones Pond memoir (1898), deeds, Midway Congregational Church records. Date: 1839-1858 (plantation journal span; article compiled 2021)."
Rose,(Little/Young),,,,"Stacy Ashmore Cole, 'List of Enslaved People Belonging to William Jones (1802-1885),' theyhadnames.net, Apr. 27, 2021 (updated May 7, 2021); via staged/deepread-enslavement-legal.json. Plantation journal 1839-1858, Cornelia Jones Pond memoir (1898), deeds, Midway Congregational Church records. Date: 1839-1858 (plantation journal span; article compiled 2021)."
Rose,(Old/Big),,,,"Stacy Ashmore Cole, 'List of Enslaved People Belonging to William Jones (1802-1885),' theyhadnames.net, Apr. 27, 2021 (updated May 7, 2021); via staged/deepread-enslavement-legal.json. Plantation journal 1839-1858, Cornelia Jones Pond memoir (1898), deeds, Midway Congregational Church records. Date: 1839-1858 (plantation journal span; article compiled 2021)."
Sam,,,,,"Stacy Ashmore Cole, 'List of Enslaved People Belonging to William Jones (1802-1885),' theyhadnames.net, Apr. 27, 2021 (updated May 7, 2021); via staged/deepread-enslavement-legal.json. Plantation journal 1839-1858, Cornelia Jones Pond memoir (1898), deeds, Midway Congregational Church records. Date: 1839-1858 (plantation journal span; article compiled 2021)."
Sarah,,,,,"Stacy Ashmore Cole, 'List of Enslaved People Belonging to William Jones (1802-1885),' theyhadnames.net, Apr. 27, 2021 (updated May 7, 2021); via staged/deepread-enslavement-legal.json. Plantation journal 1839-1858, Cornelia Jones Pond memoir (1898), deeds, Midway Congregational Church records. Date: 1839-1858 (plantation journal span; article compiled 2021)."
Sarah,(& her child),,,,"Stacy Ashmore Cole, 'List of Enslaved People Belonging to William Jones (1802-1885),' theyhadnames.net, Apr. 27, 2021 (updated May 7, 2021); via staged/deepread-enslavement-legal.json. Plantation journal 1839-1858, Cornelia Jones Pond memoir (1898), deeds, Midway Congregational Church records. Date: 1839-1858 (plantation journal span; article compiled 2021)."
Sarah,(& her children),,,,"Stacy Ashmore Cole, 'List of Enslaved People Belonging to William Jones (1802-1885),' theyhadnames.net, Apr. 27, 2021 (updated May 7, 2021); via staged/deepread-enslavement-legal.json. Plantation journal 1839-1858, Cornelia Jones Pond memoir (1898), deeds, Midway Congregational Church records. Date: 1839-1858 (plantation journal span; article compiled 2021)."
Simon,,,,,"Stacy Ashmore Cole, 'List of Enslaved People Belonging to William Jones (1802-1885),' theyhadnames.net, Apr. 27, 2021 (updated May 7, 2021); via staged/deepread-enslavement-legal.json. Plantation journal 1839-1858, Cornelia Jones Pond memoir (1898), deeds, Midway Congregational Church records. Date: 1839-1858 (plantation journal span; article compiled 2021)."
Tom,,,,,"Stacy Ashmore Cole, 'List of Enslaved People Belonging to William Jones (1802-1885),' theyhadnames.net, Apr. 27, 2021 (updated May 7, 2021); via staged/deepread-enslavement-legal.json. Plantation journal 1839-1858, Cornelia Jones Pond memoir (1898), deeds, Midway Congregational Church records. Date: 1839-1858 (plantation journal span; article compiled 2021)."
Frances,Jones,18 (in 1868),,,"WikiTree/Space page 'Thomas McCalley Plantation, Madison County, Alabama' (modified 2023-03-13); 1868 Freedmen's Census p.20 (NARA M1900, Roll 19, image 12 of 82); Freedmen's Bank records NARA M816; via staged/deepread-enslavement-legal.json. Date: 1868."
Martin,,,,,"Morris Raymond Boucher, 'The Free Negro in Alabama Prior to 1860,' Ph.D. diss., State University of Iowa, Feb. 1950 (targeted sections); via staged/deepread-enslavement-legal.json. Caution: appendix census lists are OCR-noisy — spot-verify against manuscript before any live write. Date: 1819 (act)."
John,Robinson,,,,"Morris Raymond Boucher, 'The Free Negro in Alabama Prior to 1860,' Ph.D. diss., State University of Iowa, Feb. 1950 (targeted sections); via staged/deepread-enslavement-legal.json. Caution: appendix census lists are OCR-noisy — spot-verify against manuscript before any live write. Date: 1828 (freed); 1830 (census)."
Louisa,,,,,"Morris Raymond Boucher, 'The Free Negro in Alabama Prior to 1860,' Ph.D. diss., State University of Iowa, Feb. 1950 (targeted sections); via staged/deepread-enslavement-legal.json. Caution: appendix census lists are OCR-noisy — spot-verify against manuscript before any live write. Date: 1834."
Nancy,,,,,"Morris Raymond Boucher, 'The Free Negro in Alabama Prior to 1860,' Ph.D. diss., State University of Iowa, Feb. 1950 (targeted sections); via staged/deepread-enslavement-legal.json. Caution: appendix census lists are OCR-noisy — spot-verify against manuscript before any live write. Date: 1834."
Thomas,Jones,,,,"Morris Raymond Boucher, 'The Free Negro in Alabama Prior to 1860,' Ph.D. diss., State University of Iowa, Feb. 1950 (targeted sections); via staged/deepread-enslavement-legal.json. Caution: appendix census lists are OCR-noisy — spot-verify against manuscript before any live write. Date: pre-1860 (Boucher citation)."
James,Jones,,,,"Morris Raymond Boucher, 'The Free Negro in Alabama Prior to 1860,' Ph.D. diss., State University of Iowa, Feb. 1950 (targeted sections); via staged/deepread-enslavement-legal.json. Caution: appendix census lists are OCR-noisy — spot-verify against manuscript before any live write. Date: pre-1860."
Nancy,Jones,,,,"Morris Raymond Boucher, 'The Free Negro in Alabama Prior to 1860,' Ph.D. diss., State University of Iowa, Feb. 1950 (targeted sections); via staged/deepread-enslavement-legal.json. Caution: appendix census lists are OCR-noisy — spot-verify against manuscript before any live write. Date: 1850/1860 (Boucher appendices)."
Mary,Jones,,,,"Morris Raymond Boucher, 'The Free Negro in Alabama Prior to 1860,' Ph.D. diss., State University of Iowa, Feb. 1950 (targeted sections); via staged/deepread-enslavement-legal.json. Caution: appendix census lists are OCR-noisy — spot-verify against manuscript before any live write. Date: 1850/1860 (Boucher appendices)."
Louisa,Jones,,,,"Morris Raymond Boucher, 'The Free Negro in Alabama Prior to 1860,' Ph.D. diss., State University of Iowa, Feb. 1950 (targeted sections); via staged/deepread-enslavement-legal.json. Caution: appendix census lists are OCR-noisy — spot-verify against manuscript before any live write. Date: 1850/1860 (Boucher appendices)."
Benjamin,Jones,,,,"Morris Raymond Boucher, 'The Free Negro in Alabama Prior to 1860,' Ph.D. diss., State University of Iowa, Feb. 1950 (targeted sections); via staged/deepread-enslavement-legal.json. Caution: appendix census lists are OCR-noisy — spot-verify against manuscript before any live write. Date: 1850/1860 (Boucher appendices)."
Henry,Jones,,,,"Morris Raymond Boucher, 'The Free Negro in Alabama Prior to 1860,' Ph.D. diss., State University of Iowa, Feb. 1950 (targeted sections); via staged/deepread-enslavement-legal.json. Caution: appendix census lists are OCR-noisy — spot-verify against manuscript before any live write. Date: 1850/1860 (Boucher appendices)."
George,Jones,,,,"Morris Raymond Boucher, 'The Free Negro in Alabama Prior to 1860,' Ph.D. diss., State University of Iowa, Feb. 1950 (targeted sections); via staged/deepread-enslavement-legal.json. Caution: appendix census lists are OCR-noisy — spot-verify against manuscript before any live write. Date: 1850/1860 (Boucher appendices)."
Reuben,Jones,,,,"Morris Raymond Boucher, 'The Free Negro in Alabama Prior to 1860,' Ph.D. diss., State University of Iowa, Feb. 1950 (targeted sections); via staged/deepread-enslavement-legal.json. Caution: appendix census lists are OCR-noisy — spot-verify against manuscript before any live write. Date: 1840 (Boucher Appendix E)."
Lewis,,,,,"Edward Starkey Jones's 1858 will (as reported in her June 21, 2026 lit-review draft, citing 'Jones, 1858'); will not read firsthand. Draft-level claim; will not read firsthand"
Mary,,,,,"Edward Starkey Jones's 1858 will (as reported in her June 21, 2026 lit-review draft, citing 'Jones, 1858'); will not read firsthand. Draft-level claim; will not read firsthand"
Eliza,,,,,"Edward Starkey Jones's 1858 will (as reported in her June 21, 2026 lit-review draft, citing 'Jones, 1858'); will not read firsthand. Draft-level claim; will not read firsthand"
Harriet,,,,,"1814 Edgefield County, SC will (Matthews and Jones families), as reported in my lit-review draft citing 'University of Alabama in Huntsville, N.d.'; will not read firsthand. Draft-level claim; will not read firsthand"
Isaac,,,,,"1814 Edgefield County, SC will (Matthews and Jones families), as reported in my lit-review draft citing 'University of Alabama in Huntsville, N.d.'; will not read firsthand. Draft-level claim; will not read firsthand"
Scamon,"Enslaved person named as bond consideration — Elisha Perkins’s $553 bond, Bedford County VA",,,,"Named in Elisha Perkins’s $553 bond to Jno R. Perkins of Fluvanna, dated 21 July 1817 (Bedford chancery 1836-032): ‘for the sale of three Negro’s [struck] Scamon & Dafney.’ Best visual reading ‘Scamon’ (alternate ‘Seamon’ — the batch-4 firsthand read used ‘Seamon’). The bond counts THREE people but names only TWO in the visible text — the third person is unnamed, or a name sits in the struck-through interlineation. Do not merge with any other Scamon/Seamon without direct evidence.",One of the two named people recovered by the batch-3 visual adjudication (2026-09-23) — Priority-1 people recovery. Source: ~/workspace/.bedford-scratch/1836-032/img-0059.png read at magnification. See DB1 1493; DB2 1925 (Dafney); DB2 1926 (the unnamed third person).
Dafney,"Enslaved person named as bond consideration — Elisha Perkins’s $553 bond, Bedford County VA",,,,"Named in Elisha Perkins’s $553 bond to Jno R. Perkins of Fluvanna, dated 21 July 1817 (Bedford chancery 1836-032): ‘for the sale of three Negro’s [struck] Scamon & Dafney.’ The bond counts THREE people but names only TWO in the visible text — the third person is unnamed, or a name sits in the struck-through interlineation. Do not merge with any other Dafney/Daphne without direct evidence.",One of the two named people recovered by the batch-3 visual adjudication (2026-09-23) — Priority-1 people recovery. Source: ~/workspace/.bedford-scratch/1836-032/img-0059.png read at magnification. See DB1 1493; DB2 1924 (Scamon); DB2 1926 (the unnamed third person).
(Unnamed) — third person counted in Elisha Perkins’s $553 bond,"Unnamed enslaved person — counted but not named in the $553 bond, Bedford County VA",,,,"Elisha Perkins’s $553 bond (21 July 1817, Bedford chancery 1836-032) counts ‘three Negro’s’ but names only two — Scamon and Dafney. The third person is unnamed in the visible text; a name may sit in the struck-through interlineation after ‘Negro’s,’ which reads as illegible — do not guess it. Batch-3 visual adjudication (2026-09-23); both prior readings (the 1819 addendum and the batch-4 ‘two Negros’ read) are preserved on DB1 1493 with dated provenance.","Priority-1 people recovery still owed for this person. See DB1 1493; DB2 1924–1925 (Scamon, Dafney); DB4 643 (the adjudication)."
Macon,Enslaved person named in Lewellen Jones's 23 Sep 1805 deed of gift to his daughter Frances Ann Maria Jones (Bedford/Campbell County VA),,,,"Named among 'twelve negro slaves to wit, Macon, Ben, Mary Ann, Edeline, Phileday, Judith, Meriah, Big Will, Sarah his wife, Delphia, Anthony and Polly, and all their increase' in Lewellen Jones's deed of gift to his daughter Frances Ann Maria Jones, 23 September 1805, acknowledged the same day, Bedford County court (Teste J. Steptoe, C.B.C.). Contingent: if Frances died without lawful issue living to 21, the enslaved people and their increase reverted to his sons John N. Spotswood Jones and Alexander Pinckney Jones, equally divided. Witnesses Charles D. Jones and Nelson Anderson. Minimum proven holding — a gift, not an inventory. Source: UAH Frances Cabaniss Roberts Collection r04b01-12, image 32 (local: ~/workspace/research_notes/roberts-folder12-digital/img32-legal-note-1805.png).",Lewellen-enslaver fold-in; folded live 2026-09-24; DB2 row 1927. One of twelve named people recovered 2026-09-23 — Priority-1 people recovery. Do not merge with any same-named person without direct evidence. See DB1 1655.
Ben,Enslaved person named in Lewellen Jones's 23 Sep 1805 deed of gift to his daughter Frances Ann Maria Jones (Bedford/Campbell County VA),,,,"Named among 'twelve negro slaves to wit, Macon, Ben, Mary Ann, Edeline, Phileday, Judith, Meriah, Big Will, Sarah his wife, Delphia, Anthony and Polly, and all their increase' in Lewellen Jones's deed of gift to his daughter Frances Ann Maria Jones, 23 September 1805, acknowledged the same day, Bedford County court (Teste J. Steptoe, C.B.C.). Contingent: if Frances died without lawful issue living to 21, the enslaved people and their increase reverted to his sons John N. Spotswood Jones and Alexander Pinckney Jones, equally divided. Witnesses Charles D. Jones and Nelson Anderson. Minimum proven holding — a gift, not an inventory. Source: UAH Frances Cabaniss Roberts Collection r04b01-12, image 32 (local: ~/workspace/research_notes/roberts-folder12-digital/img32-legal-note-1805.png).",Lewellen-enslaver fold-in; folded live 2026-09-24; DB2 row 1928. One of twelve named people recovered 2026-09-23 — Priority-1 people recovery. Do not merge with any same-named person without direct evidence. See DB1 1655.
Mary Ann,Enslaved person named in Lewellen Jones's 23 Sep 1805 deed of gift to his daughter Frances Ann Maria Jones (Bedford/Campbell County VA),,,,"Named among 'twelve negro slaves to wit, Macon, Ben, Mary Ann, Edeline, Phileday, Judith, Meriah, Big Will, Sarah his wife, Delphia, Anthony and Polly, and all their increase' in Lewellen Jones's deed of gift to his daughter Frances Ann Maria Jones, 23 September 1805, acknowledged the same day, Bedford County court (Teste J. Steptoe, C.B.C.). Contingent: if Frances died without lawful issue living to 21, the enslaved people and their increase reverted to his sons John N. Spotswood Jones and Alexander Pinckney Jones, equally divided. Witnesses Charles D. Jones and Nelson Anderson. Minimum proven holding — a gift, not an inventory. Source: UAH Frances Cabaniss Roberts Collection r04b01-12, image 32 (local: ~/workspace/research_notes/roberts-folder12-digital/img32-legal-note-1805.png).",Lewellen-enslaver fold-in; folded live 2026-09-24; DB2 row 1929. One of twelve named people recovered 2026-09-23 — Priority-1 people recovery. Do not merge with any same-named person without direct evidence. See DB1 1655.
Edeline,Enslaved person named in Lewellen Jones's 23 Sep 1805 deed of gift to his daughter Frances Ann Maria Jones (Bedford/Campbell County VA),,,,"Named among 'twelve negro slaves to wit, Macon, Ben, Mary Ann, Edeline, Phileday, Judith, Meriah, Big Will, Sarah his wife, Delphia, Anthony and Polly, and all their increase' in Lewellen Jones's deed of gift to his daughter Frances Ann Maria Jones, 23 September 1805, acknowledged the same day, Bedford County court (Teste J. Steptoe, C.B.C.). Contingent: if Frances died without lawful issue living to 21, the enslaved people and their increase reverted to his sons John N. Spotswood Jones and Alexander Pinckney Jones, equally divided. Witnesses Charles D. Jones and Nelson Anderson. Minimum proven holding — a gift, not an inventory. Source: UAH Frances Cabaniss Roberts Collection r04b01-12, image 32 (local: ~/workspace/research_notes/roberts-folder12-digital/img32-legal-note-1805.png).",Lewellen-enslaver fold-in; folded live 2026-09-24; DB2 row 1930. One of twelve named people recovered 2026-09-23 — Priority-1 people recovery. Do not merge with any same-named person without direct evidence. See DB1 1655.
Phileday,Enslaved person named in Lewellen Jones's 23 Sep 1805 deed of gift to his daughter Frances Ann Maria Jones (Bedford/Campbell County VA),,,,"Named among 'twelve negro slaves to wit, Macon, Ben, Mary Ann, Edeline, Phileday, Judith, Meriah, Big Will, Sarah his wife, Delphia, Anthony and Polly, and all their increase' in Lewellen Jones's deed of gift to his daughter Frances Ann Maria Jones, 23 September 1805, acknowledged the same day, Bedford County court (Teste J. Steptoe, C.B.C.). Contingent: if Frances died without lawful issue living to 21, the enslaved people and their increase reverted to his sons John N. Spotswood Jones and Alexander Pinckney Jones, equally divided. Witnesses Charles D. Jones and Nelson Anderson. Minimum proven holding — a gift, not an inventory. Source: UAH Frances Cabaniss Roberts Collection r04b01-12, image 32 (local: ~/workspace/research_notes/roberts-folder12-digital/img32-legal-note-1805.png).",Lewellen-enslaver fold-in; folded live 2026-09-24; DB2 row 1931. One of twelve named people recovered 2026-09-23 — Priority-1 people recovery. Do not merge with any same-named person without direct evidence. See DB1 1655.
Judith,Enslaved person named in Lewellen Jones's 23 Sep 1805 deed of gift to his daughter Frances Ann Maria Jones (Bedford/Campbell County VA),,,,"Named among 'twelve negro slaves to wit, Macon, Ben, Mary Ann, Edeline, Phileday, Judith, Meriah, Big Will, Sarah his wife, Delphia, Anthony and Polly, and all their increase' in Lewellen Jones's deed of gift to his daughter Frances Ann Maria Jones, 23 September 1805, acknowledged the same day, Bedford County court (Teste J. Steptoe, C.B.C.). Contingent: if Frances died without lawful issue living to 21, the enslaved people and their increase reverted to his sons John N. Spotswood Jones and Alexander Pinckney Jones, equally divided. Witnesses Charles D. Jones and Nelson Anderson. Minimum proven holding — a gift, not an inventory. Source: UAH Frances Cabaniss Roberts Collection r04b01-12, image 32 (local: ~/workspace/research_notes/roberts-folder12-digital/img32-legal-note-1805.png).",Lewellen-enslaver fold-in; folded live 2026-09-24; DB2 row 1932. One of twelve named people recovered 2026-09-23 — Priority-1 people recovery. Do not merge with any same-named person without direct evidence. See DB1 1655.
Meriah,Enslaved person named in Lewellen Jones's 23 Sep 1805 deed of gift to his daughter Frances Ann Maria Jones (Bedford/Campbell County VA),,,,"Named among 'twelve negro slaves to wit, Macon, Ben, Mary Ann, Edeline, Phileday, Judith, Meriah, Big Will, Sarah his wife, Delphia, Anthony and Polly, and all their increase' in Lewellen Jones's deed of gift to his daughter Frances Ann Maria Jones, 23 September 1805, acknowledged the same day, Bedford County court (Teste J. Steptoe, C.B.C.). Contingent: if Frances died without lawful issue living to 21, the enslaved people and their increase reverted to his sons John N. Spotswood Jones and Alexander Pinckney Jones, equally divided. Witnesses Charles D. Jones and Nelson Anderson. Minimum proven holding — a gift, not an inventory. Source: UAH Frances Cabaniss Roberts Collection r04b01-12, image 32 (local: ~/workspace/research_notes/roberts-folder12-digital/img32-legal-note-1805.png).",Lewellen-enslaver fold-in; folded live 2026-09-24; DB2 row 1933. One of twelve named people recovered 2026-09-23 — Priority-1 people recovery. Do not merge with any same-named person without direct evidence. See DB1 1655.
Big Will,Enslaved person named in Lewellen Jones's 23 Sep 1805 deed of gift to his daughter Frances Ann Maria Jones (Bedford/Campbell County VA),,,,"Named among 'twelve negro slaves to wit, Macon, Ben, Mary Ann, Edeline, Phileday, Judith, Meriah, Big Will, Sarah his wife, Delphia, Anthony and Polly, and all their increase' in Lewellen Jones's deed of gift to his daughter Frances Ann Maria Jones, 23 September 1805, acknowledged the same day, Bedford County court (Teste J. Steptoe, C.B.C.). Contingent: if Frances died without lawful issue living to 21, the enslaved people and their increase reverted to his sons John N. Spotswood Jones and Alexander Pinckney Jones, equally divided. Witnesses Charles D. Jones and Nelson Anderson. Minimum proven holding — a gift, not an inventory. Source: UAH Frances Cabaniss Roberts Collection r04b01-12, image 32 (local: ~/workspace/research_notes/roberts-folder12-digital/img32-legal-note-1805.png).",Lewellen-enslaver fold-in; folded live 2026-09-24; DB2 row 1934. One of twelve named people recovered 2026-09-23 — Priority-1 people recovery. Do not merge with any same-named person without direct evidence. See DB1 1655.
Sarah,Enslaved person named in Lewellen Jones's 23 Sep 1805 deed of gift to his daughter Frances Ann Maria Jones (Bedford/Campbell County VA),,,,"Named among 'twelve negro slaves to wit, Macon, Ben, Mary Ann, Edeline, Phileday, Judith, Meriah, Big Will, Sarah his wife, Delphia, Anthony and Polly, and all their increase' in Lewellen Jones's deed of gift to his daughter Frances Ann Maria Jones, 23 September 1805, acknowledged the same day, Bedford County court (Teste J. Steptoe, C.B.C.). Contingent: if Frances died without lawful issue living to 21, the enslaved people and their increase reverted to his sons John N. Spotswood Jones and Alexander Pinckney Jones, equally divided. Witnesses Charles D. Jones and Nelson Anderson. Minimum proven holding — a gift, not an inventory. Source: UAH Frances Cabaniss Roberts Collection r04b01-12, image 32 (local: ~/workspace/research_notes/roberts-folder12-digital/img32-legal-note-1805.png).",Lewellen-enslaver fold-in; folded live 2026-09-24; DB2 row 1935. One of twelve named people recovered 2026-09-23 — Priority-1 people recovery. identified in the deed as 'Sarah his wife' — wife of Big Will. Do not merge with any same-named person without direct evidence. See DB1 1655.
Delphia,Enslaved person named in Lewellen Jones's 23 Sep 1805 deed of gift to his daughter Frances Ann Maria Jones (Bedford/Campbell County VA),,,,"Named among 'twelve negro slaves to wit, Macon, Ben, Mary Ann, Edeline, Phileday, Judith, Meriah, Big Will, Sarah his wife, Delphia, Anthony and Polly, and all their increase' in Lewellen Jones's deed of gift to his daughter Frances Ann Maria Jones, 23 September 1805, acknowledged the same day, Bedford County court (Teste J. Steptoe, C.B.C.). Contingent: if Frances died without lawful issue living to 21, the enslaved people and their increase reverted to his sons John N. Spotswood Jones and Alexander Pinckney Jones, equally divided. Witnesses Charles D. Jones and Nelson Anderson. Minimum proven holding — a gift, not an inventory. Source: UAH Frances Cabaniss Roberts Collection r04b01-12, image 32 (local: ~/workspace/research_notes/roberts-folder12-digital/img32-legal-note-1805.png).",Lewellen-enslaver fold-in; folded live 2026-09-24; DB2 row 1936. One of twelve named people recovered 2026-09-23 — Priority-1 people recovery. Do not merge with any same-named person without direct evidence. See DB1 1655.
Anthony,Enslaved person named in Lewellen Jones's 23 Sep 1805 deed of gift to his daughter Frances Ann Maria Jones (Bedford/Campbell County VA),,,,"Named among 'twelve negro slaves to wit, Macon, Ben, Mary Ann, Edeline, Phileday, Judith, Meriah, Big Will, Sarah his wife, Delphia, Anthony and Polly, and all their increase' in Lewellen Jones's deed of gift to his daughter Frances Ann Maria Jones, 23 September 1805, acknowledged the same day, Bedford County court (Teste J. Steptoe, C.B.C.). Contingent: if Frances died without lawful issue living to 21, the enslaved people and their increase reverted to his sons John N. Spotswood Jones and Alexander Pinckney Jones, equally divided. Witnesses Charles D. Jones and Nelson Anderson. Minimum proven holding — a gift, not an inventory. Source: UAH Frances Cabaniss Roberts Collection r04b01-12, image 32 (local: ~/workspace/research_notes/roberts-folder12-digital/img32-legal-note-1805.png).",Lewellen-enslaver fold-in; folded live 2026-09-24; DB2 row 1937. One of twelve named people recovered 2026-09-23 — Priority-1 people recovery. Do not merge with any same-named person without direct evidence. See DB1 1655.
Polly,Enslaved person named in Lewellen Jones's 23 Sep 1805 deed of gift to his daughter Frances Ann Maria Jones (Bedford/Campbell County VA),,,,"Named among 'twelve negro slaves to wit, Macon, Ben, Mary Ann, Edeline, Phileday, Judith, Meriah, Big Will, Sarah his wife, Delphia, Anthony and Polly, and all their increase' in Lewellen Jones's deed of gift to his daughter Frances Ann Maria Jones, 23 September 1805, acknowledged the same day, Bedford County court (Teste J. Steptoe, C.B.C.). Contingent: if Frances died without lawful issue living to 21, the enslaved people and their increase reverted to his sons John N. Spotswood Jones and Alexander Pinckney Jones, equally divided. Witnesses Charles D. Jones and Nelson Anderson. Minimum proven holding — a gift, not an inventory. Source: UAH Frances Cabaniss Roberts Collection r04b01-12, image 32 (local: ~/workspace/research_notes/roberts-folder12-digital/img32-legal-note-1805.png).",Lewellen-enslaver fold-in; folded live 2026-09-24; DB2 row 1938. One of twelve named people recovered 2026-09-23 — Priority-1 people recovery. Do not merge with any same-named person without direct evidence. See DB1 1655.
Luke,,about 22,Black (enslaved; deed's term is 'negroes'),,"Madison County, AL, Deed Book G, pp. 163-164 (3 Feb 1821 deed of trust; read firsthand from the project's 2026-09-22 FamilySearch harvest and re-verified 2026-09-24; Film 1305809, DGS 7898678; deed on image 357).","Enslaved person held by Peter Blow; named as collateral in Blow's 3 Feb 1821 deed of trust securing John N. S. Jones's $2,000 loan (trustees Suggs Scruggs Sr. and Alexander P. Jones). DB1 rows 1667-1669. Luke 'about 22 years of age' in Feb 1821."
Will,,about 21,Black (enslaved; deed's term is 'negroes'),,"Madison County, AL, Deed Book G, pp. 163-164 (3 Feb 1821 deed of trust; read firsthand from the project's 2026-09-22 FamilySearch harvest and re-verified 2026-09-24; Film 1305809, DGS 7898678; deed on image 357).","Enslaved person held by Peter Blow; named as collateral in Blow's 3 Feb 1821 deed of trust securing John N. S. Jones's $2,000 loan (trustees Suggs Scruggs Sr. and Alexander P. Jones). DB1 rows 1667-1669. Will 'about 21 years of age' in Feb 1821."
Sam,,about 20,Black (enslaved; deed's term is 'negroes'),,"Madison County, AL, Deed Book G, pp. 163-164 (3 Feb 1821 deed of trust; read firsthand from the project's 2026-09-22 FamilySearch harvest and re-verified 2026-09-24; Film 1305809, DGS 7898678; deed on image 357)."
Dred,,about 16,Black (enslaved; deed's term is 'negroes'),Male (deed calls him 'a boy about sixteen'),"Madison County, AL, Deed Book G, pp. 163-164 (3 Feb 1821 deed of trust; read firsthand from the project's 2026-09-22 FamilySearch harvest and re-verified 2026-09-24; Film 1305809, DGS 7898678; deed on image 357)."
Isaac,,about 13,Black (enslaved; deed's term is 'negroes'),,"Madison County, AL, Deed Book G, pp. 163-164 (3 Feb 1821 deed of trust; read firsthand from the project's 2026-09-22 FamilySearch harvest and re-verified 2026-09-24; Film 1305809, DGS 7898678; deed on image 357).","Enslaved person held by Peter Blow; named as collateral in Blow's 3 Feb 1821 deed of trust securing John N. S. Jones's $2,000 loan (trustees Suggs Scruggs Sr. and Alexander P. Jones). DB1 rows 1667-1669. Isaac 'about 13 years of age' in Feb 1821."
Phillis,,about 17,Black (enslaved; deed's term is 'negroes'),,"Madison County, AL, Deed Book G, pp. 163-164 (3 Feb 1821 deed of trust; read firsthand from the project's 2026-09-22 FamilySearch harvest and re-verified 2026-09-24; Film 1305809, DGS 7898678; deed on image 357).","Enslaved person held by Peter Blow; named as collateral in Blow's 3 Feb 1821 deed of trust securing John N. S. Jones's $2,000 loan (trustees Suggs Scruggs Sr. and Alexander P. Jones). DB1 rows 1667-1669. Phillis 'about 17 years of age' in Feb 1821."
Hannah,,about 45,Black (enslaved; deed's term is 'negroes'),,"Madison County, AL, Deed Book G, pp. 163-164 (3 Feb 1821 deed of trust; read firsthand from the project's 2026-09-22 FamilySearch harvest and re-verified 2026-09-24; Film 1305809, DGS 7898678; deed on image 357).","Enslaved person held by Peter Blow; named as collateral in Blow's 3 Feb 1821 deed of trust securing John N. S. Jones's $2,000 loan (trustees Suggs Scruggs Sr. and Alexander P. Jones). DB1 rows 1667-1669. Hannah 'about 45 years of age' in Feb 1821."
Solomon,,about 60,Black (enslaved; deed's term is 'negroes'),,"Madison County, AL, Deed Book G, pp. 163-164 (3 Feb 1821 deed of trust; read firsthand from the project's 2026-09-22 FamilySearch harvest and re-verified 2026-09-24; Film 1305809, DGS 7898678; deed on image 357).","Enslaved person held by Peter Blow; named as collateral in Blow's 3 Feb 1821 deed of trust securing John N. S. Jones's $2,000 loan (trustees Suggs Scruggs Sr. and Alexander P. Jones). DB1 rows 1667-1669. Solomon 'about 60 years of age' in Feb 1821."
Wineford J.,Index-only given name,,,,"Enslaved given-name index (Jackson, Alabama 1860 Slave Schedule, Madison County): no owner linkage in this source. Candidate context row only — the index never proves an identity; do not merge with any other Wineford.","ZIP 15.43 (files 1–40), read 2026-09-24; DB1 1593; folded live 2026-09-24"
Paul,Jones,,Black (index asterisk; compiler warned of possible errors),,"Madison County marriage index: JONES, PAUL* - JONES, LUCY ANN - NOV 21, 1866. Asterisk = Black per the index's EXPLANATION page (compilers apologize for possible errors in the Black classification). Read visually 2026-09-24 from the CamScanner 7-10-26 15.43 session images; staged memo workspace/research_notes/bedford-019-20260924/zips/memos/15.43/02-early-alabama-marriages-jones.md. Index-level only - not verified against the underlying marriage record.",DB1 row 1677. Folded live 2026-09-24 ('put it in both databases').
Willis,Jones,,Black (index asterisk; compiler warned of possible errors),,"Madison County marriage index: JONES, WILLIS* - JONES, ANNIE - JUL 20, 1866. Asterisk = Black per the index's EXPLANATION page (compilers apologize for possible errors in the Black classification). Read visually 2026-09-24 from the CamScanner 7-10-26 15.43 session images; staged memo workspace/research_notes/bedford-019-20260924/zips/memos/15.43/02-early-alabama-marriages-jones.md. Index-level only - not verified against the underlying marriage record.",DB1 row 1678. Folded live 2026-09-24 ('put it in both databases').
Toby,Jones,,Black (index asterisk; compiler warned of possible errors),,"Madison County marriage index: JONES, TOBY* - ERSKINE, ANN - DEC 31, 1866. Asterisk = Black per the index's EXPLANATION page (compilers apologize for possible errors in the Black classification). Read visually 2026-09-24 from the CamScanner 7-10-26 15.43 session images; staged memo workspace/research_notes/bedford-019-20260924/zips/memos/15.43/02-early-alabama-marriages-jones.md. Index-level only - not verified against the underlying marriage record.",DB1 row 1679. Folded live 2026-09-24 ('put it in both databases').
Henry,Jones,,Black (index asterisk; compiler warned of possible errors),,"Madison County marriage index: JONES, HENRY* - ROBINSON, CATHERINE - DEC 17, 1865. Asterisk = Black per the index's EXPLANATION page (compilers apologize for possible errors in the Black classification). Read visually 2026-09-24 from the CamScanner 7-10-26 15.43 session images; staged memo workspace/research_notes/bedford-019-20260924/zips/memos/15.43/02-early-alabama-marriages-jones.md. Index-level only - not verified against the underlying marriage record.","DB1 row 1680. Folded live 2026-09-24 ('put it in both databases'). Same-name asterisked entries exist (DB1 row 1696, DB1 row 1697); identity across entries is unresolved — do not merge without evidence."
Sipho,Jones,,Black (index asterisk; compiler warned of possible errors),,"Madison County marriage index: JONES, SIPHO* - MATHEWS, LOUIZA - APR 14, 1867. Asterisk = Black per the index's EXPLANATION page (compilers apologize for possible errors in the Black classification). Read visually 2026-09-24 from the CamScanner 7-10-26 15.43 session images; staged memo workspace/research_notes/bedford-019-20260924/zips/memos/15.43/02-early-alabama-marriages-jones.md. Index-level only - not verified against the underlying marriage record.",DB1 row 1681. Folded live 2026-09-24 ('put it in both databases').
John,Jones,,Black (index asterisk; compiler warned of possible errors),,"Madison County marriage index: JONES, JOHN* - JONES, ALICE - DEC 23, 1867. Asterisk = Black per the index's EXPLANATION page (compilers apologize for possible errors in the Black classification). Read visually 2026-09-24 from the CamScanner 7-10-26 15.43 session images; staged memo workspace/research_notes/bedford-019-20260924/zips/memos/15.43/02-early-alabama-marriages-jones.md. Index-level only - not verified against the underlying marriage record.",DB1 row 1682. Folded live 2026-09-24 ('put it in both databases').
Jacob,Jones,,Black (index asterisk; compiler warned of possible errors),,"Madison County marriage index: JONES, JACOB* - JONES, AMANDA - DEC 28, 1867. Asterisk = Black per the index's EXPLANATION page (compilers apologize for possible errors in the Black classification). Read visually 2026-09-24 from the CamScanner 7-10-26 15.43 session images; staged memo workspace/research_notes/bedford-019-20260924/zips/memos/15.43/02-early-alabama-marriages-jones.md. Index-level only - not verified against the underlying marriage record.",DB1 row 1683. Folded live 2026-09-24 ('put it in both databases').
WILLIAM A.,Jones,,Black (index asterisk; compiler warned of possible errors),,"Madison County marriage index: JONES, WILLIAM A.* - JONES, NANCY ANN - DEC 5, 1867. Asterisk = Black per the index's EXPLANATION page (compilers apologize for possible errors in the Black classification). Read visually 2026-09-24 from the CamScanner 7-10-26 15.43 session images; staged memo workspace/research_notes/bedford-019-20260924/zips/memos/15.43/02-early-alabama-marriages-jones.md. Index-level only - not verified against the underlying marriage record.",DB1 row 1684. Folded live 2026-09-24 ('put it in both databases').
Cherry,Jones,,Black (index asterisk; compiler warned of possible errors),,"Madison County marriage index: JONES, CHERRY* - GEE, SUSANNAH - JUL 26, 1867. Asterisk = Black per the index's EXPLANATION page (compilers apologize for possible errors in the Black classification). Read visually 2026-09-24 from the CamScanner 7-10-26 15.43 session images; staged memo workspace/research_notes/bedford-019-20260924/zips/memos/15.43/02-early-alabama-marriages-jones.md. Index-level only - not verified against the underlying marriage record.",DB1 row 1685. Folded live 2026-09-24 ('put it in both databases').
Wade,Jones,,Black (index asterisk; compiler warned of possible errors),,"Madison County marriage index: JONES, WADE* - NUCKOLLS, JULIA - DEC 19, 1867. Asterisk = Black per the index's EXPLANATION page (compilers apologize for possible errors in the Black classification). Read visually 2026-09-24 from the CamScanner 7-10-26 15.43 session images; staged memo workspace/research_notes/bedford-019-20260924/zips/memos/15.43/02-early-alabama-marriages-jones.md. Index-level only - not verified against the underlying marriage record.",DB1 row 1686. Folded live 2026-09-24 ('put it in both databases').
Wiley,Jones,,Black (index asterisk; compiler warned of possible errors),,"Madison County marriage index: JONES, WILEY* - TATE, EMMA - AUG 30, 1867. Asterisk = Black per the index's EXPLANATION page (compilers apologize for possible errors in the Black classification). Read visually 2026-09-24 from the CamScanner 7-10-26 15.43 session images; staged memo workspace/research_notes/bedford-019-20260924/zips/memos/15.43/02-early-alabama-marriages-jones.md. Index-level only - not verified against the underlying marriage record.",DB1 row 1687. Folded live 2026-09-24 ('put it in both databases').
Daniel,Jones,,Black (index asterisk; compiler warned of possible errors),,"Madison County marriage index: JONES, DANIEL* - DRAKE, SUSAN - FEB 28, 1876. Asterisk = Black per the index's EXPLANATION page (compilers apologize for possible errors in the Black classification). Read visually 2026-09-24 from the CamScanner 7-10-26 15.43 session images; staged memo workspace/research_notes/bedford-019-20260924/zips/memos/15.43/02-early-alabama-marriages-jones.md. Index-level only - not verified against the underlying marriage record.",DB1 row 1688. Folded live 2026-09-24 ('put it in both databases').
Hempton,Jones,,Black (index asterisk; compiler warned of possible errors),,"Madison County marriage index: JONES, HEMPTON* - MITCHELL, SARAH - MAR 29, 1876. Asterisk = Black per the index's EXPLANATION page (compilers apologize for possible errors in the Black classification). Read visually 2026-09-24 from the CamScanner 7-10-26 15.43 session images; staged memo workspace/research_notes/bedford-019-20260924/zips/memos/15.43/02-early-alabama-marriages-jones.md. Index-level only - not verified against the underlying marriage record.",DB1 row 1689. Folded live 2026-09-24 ('put it in both databases').
Zachariah,Jones,,Black (index asterisk; compiler warned of possible errors),,"Madison County marriage index: JONES, ZACHARIAH* - WALLACE, ELIZA - MAY 11, 1876. Asterisk = Black per the index's EXPLANATION page (compilers apologize for possible errors in the Black classification). Read visually 2026-09-24 from the CamScanner 7-10-26 15.43 session images; staged memo workspace/research_notes/bedford-019-20260924/zips/memos/15.43/02-early-alabama-marriages-jones.md. Index-level only - not verified against the underlying marriage record.",DB1 row 1690. Folded live 2026-09-24 ('put it in both databases').
Thomas,Jones,,Black (index asterisk; compiler warned of possible errors),,"Madison County marriage index: JONES, THOMAS* - MORRIS, MARGARET C. - JUN 27, 1876. Asterisk = Black per the index's EXPLANATION page (compilers apologize for possible errors in the Black classification). Read visually 2026-09-24 from the CamScanner 7-10-26 15.43 session images; staged memo workspace/research_notes/bedford-019-20260924/zips/memos/15.43/02-early-alabama-marriages-jones.md. Index-level only - not verified against the underlying marriage record.","DB1 row 1691. Folded live 2026-09-24 ('put it in both databases'). Same-name asterisked entries exist (DB1 row 1703, DB1 row 1708); identity across entries is unresolved — do not merge without evidence."
Henderson,Jones,,Black (index asterisk; compiler warned of possible errors),,"Madison County marriage index: JONES, HENDERSON* - PICKETT, MAHALA - JAN 12, 1878. Asterisk = Black per the index's EXPLANATION page (compilers apologize for possible errors in the Black classification). Read visually 2026-09-24 from the CamScanner 7-10-26 15.43 session images; staged memo workspace/research_notes/bedford-019-20260924/zips/memos/15.43/02-early-alabama-marriages-jones.md. Index-level only - not verified against the underlying marriage record.",DB1 row 1692. Folded live 2026-09-24 ('put it in both databases').
Joabray,Jones,,Black (index asterisk; compiler warned of possible errors),,"Madison County marriage index: JONES, JOABRAY* - HUSTON, MARY - FEB 8, 1878. Asterisk = Black per the index's EXPLANATION page (compilers apologize for possible errors in the Black classification). Read visually 2026-09-24 from the CamScanner 7-10-26 15.43 session images; staged memo workspace/research_notes/bedford-019-20260924/zips/memos/15.43/02-early-alabama-marriages-jones.md. Index-level only - not verified against the underlying marriage record.",DB1 row 1693. Folded live 2026-09-24 ('put it in both databases').
Bob,Jones,,Black (index asterisk; compiler warned of possible errors),,"Madison County marriage index: JONES, BOB* - HURT, ANNA - JUN 23, 1875. Asterisk = Black per the index's EXPLANATION page (compilers apologize for possible errors in the Black classification). Read visually 2026-09-24 from the CamScanner 7-10-26 15.43 session images; staged memo workspace/research_notes/bedford-019-20260924/zips/memos/15.43/02-early-alabama-marriages-jones.md. Index-level only - not verified against the underlying marriage record.",DB1 row 1694. Folded live 2026-09-24 ('put it in both databases').
Peter,Jones,,Black (index asterisk; compiler warned of possible errors),,"Madison County marriage index: JONES, PETER* - ELLIS, LUCY - DEC 8, 1880. Asterisk = Black per the index's EXPLANATION page (compilers apologize for possible errors in the Black classification). Read visually 2026-09-24 from the CamScanner 7-10-26 15.43 session images; staged memo workspace/research_notes/bedford-019-20260924/zips/memos/15.43/02-early-alabama-marriages-jones.md. Index-level only - not verified against the underlying marriage record.",DB1 row 1695. Folded live 2026-09-24 ('put it in both databases').
Henry,Jones,,Black (index asterisk; compiler warned of possible errors),,"Madison County marriage index: JONES, HENRY* - MILES, MOLLIE - FEB 1, 1882. Asterisk = Black per the index's EXPLANATION page (compilers apologize for possible errors in the Black classification). Read visually 2026-09-24 from the CamScanner 7-10-26 15.43 session images; staged memo workspace/research_notes/bedford-019-20260924/zips/memos/15.43/02-early-alabama-marriages-jones.md. Index-level only - not verified against the underlying marriage record.","DB1 row 1696. Folded live 2026-09-24 ('put it in both databases'). Same-name asterisked entries exist (DB1 row 1680, DB1 row 1697); identity across entries is unresolved — do not merge without evidence."
Henry,Jones,,Black (index asterisk; compiler warned of possible errors),,"Madison County marriage index: JONES, HENRY* - ROBINSON, CHARNU - OCT 4, 1882. Asterisk = Black per the index's EXPLANATION page (compilers apologize for possible errors in the Black classification). Read visually 2026-09-24 from the CamScanner 7-10-26 15.43 session images; staged memo workspace/research_notes/bedford-019-20260924/zips/memos/15.43/02-early-alabama-marriages-jones.md. Index-level only - not verified against the underlying marriage record.","DB1 row 1697. Folded live 2026-09-24 ('put it in both databases'). Same-name asterisked entries exist (DB1 row 1680, DB1 row 1696); identity across entries is unresolved — do not merge without evidence."
Cotton,Jones,,Black (index asterisk; compiler warned of possible errors),,"Madison County marriage index: JONES, COTTON* - MASTEN, TRUELOVE - AUG 10, 1882. Asterisk = Black per the index's EXPLANATION page (compilers apologize for possible errors in the Black classification). Read visually 2026-09-24 from the CamScanner 7-10-26 15.43 session images; staged memo workspace/research_notes/bedford-019-20260924/zips/memos/15.43/02-early-alabama-marriages-jones.md. Index-level only - not verified against the underlying marriage record.",DB1 row 1698. Folded live 2026-09-24 ('put it in both databases').
Curtis,Jones,,Black (index asterisk; compiler warned of possible errors),,"Madison County marriage index: JONES, CURTIS* - LAUGHINGHOUSE, ISABELLA - JAN 11, 1882. Asterisk = Black per the index's EXPLANATION page (compilers apologize for possible errors in the Black classification). Read visually 2026-09-24 from the CamScanner 7-10-26 15.43 session images; staged memo workspace/research_notes/bedford-019-20260924/zips/memos/15.43/02-early-alabama-marriages-jones.md. Index-level only - not verified against the underlying marriage record.",DB1 row 1699. Folded live 2026-09-24 ('put it in both databases').
Edward,Jones,,Black (index asterisk; compiler warned of possible errors),,"Madison County marriage index: JONES, EDWARD* - GILCHRIST, MARIA - DEC 22, 1882. Asterisk = Black per the index's EXPLANATION page (compilers apologize for possible errors in the Black classification). Read visually 2026-09-24 from the CamScanner 7-10-26 15.43 session images; staged memo workspace/research_notes/bedford-019-20260924/zips/memos/15.43/02-early-alabama-marriages-jones.md. Index-level only - not verified against the underlying marriage record.",DB1 row 1700. Folded live 2026-09-24 ('put it in both databases').
Alan,Jones,,Black (index asterisk; compiler warned of possible errors),,"Madison County marriage index: JONES, ALAN* - JAMES, MOLLIE - SEP 30, 1876. Asterisk = Black per the index's EXPLANATION page (compilers apologize for possible errors in the Black classification). Read visually 2026-09-24 from the CamScanner 7-10-26 15.43 session images; staged memo workspace/research_notes/bedford-019-20260924/zips/memos/15.43/02-early-alabama-marriages-jones.md. Index-level only - not verified against the underlying marriage record.",DB1 row 1701. Folded live 2026-09-24 ('put it in both databases').
Andrew,Jones,,Black (index asterisk; compiler warned of possible errors),,"Madison County marriage index: JONES, ANDREW* - MANNING, CHARLOTTE - FEB 1, 1877. Asterisk = Black per the index's EXPLANATION page (compilers apologize for possible errors in the Black classification). Read visually 2026-09-24 from the CamScanner 7-10-26 15.43 session images; staged memo workspace/research_notes/bedford-019-20260924/zips/memos/15.43/02-early-alabama-marriages-jones.md. Index-level only - not verified against the underlying marriage record.",DB1 row 1702. Folded live 2026-09-24 ('put it in both databases').
Thomas,Jones,,Black (index asterisk; compiler warned of possible errors),,"Madison County marriage index: JONES, THOMAS* - LAUGHINGHOUSE, JANE - JUL 26, 1877. Asterisk = Black per the index's EXPLANATION page (compilers apologize for possible errors in the Black classification). Read visually 2026-09-24 from the CamScanner 7-10-26 15.43 session images; staged memo workspace/research_notes/bedford-019-20260924/zips/memos/15.43/02-early-alabama-marriages-jones.md. Index-level only - not verified against the underlying marriage record.","DB1 row 1703. Folded live 2026-09-24 ('put it in both databases'). Same-name asterisked entries exist (DB1 row 1691, DB1 row 1708); identity across entries is unresolved — do not merge without evidence."
Kato,Jones,,Black (index asterisk; compiler warned of possible errors),,"Madison County marriage index: JONES, KATO* - WALKER, JANE - JUN 10, 1877. Asterisk = Black per the index's EXPLANATION page (compilers apologize for possible errors in the Black classification). Read visually 2026-09-24 from the CamScanner 7-10-26 15.43 session images; staged memo workspace/research_notes/bedford-019-20260924/zips/memos/15.43/02-early-alabama-marriages-jones.md. Index-level only - not verified against the underlying marriage record.",DB1 row 1704. Folded live 2026-09-24 ('put it in both databases').
James,Jones,,Black (index asterisk; compiler warned of possible errors),,"Madison County marriage index: JONES, JAMES* - PETTY, HARDY A. - JAN 18, 1877. Asterisk = Black per the index's EXPLANATION page (compilers apologize for possible errors in the Black classification). Read visually 2026-09-24 from the CamScanner 7-10-26 15.43 session images; staged memo workspace/research_notes/bedford-019-20260924/zips/memos/15.43/02-early-alabama-marriages-jones.md. Index-level only - not verified against the underlying marriage record.","DB1 row 1705. Folded live 2026-09-24 ('put it in both databases'). Bride recorded exactly as printed in the index ('PETTY, HARDY A.')."
JOHN C.,Jones,,Black (index asterisk; compiler warned of possible errors),,"Madison County marriage index: JONES, JOHN C.* - BEASLEY, MATTIE - DEC 25, 1879. Asterisk = Black per the index's EXPLANATION page (compilers apologize for possible errors in the Black classification). Read visually 2026-09-24 from the CamScanner 7-10-26 15.43 session images; staged memo workspace/research_notes/bedford-019-20260924/zips/memos/15.43/02-early-alabama-marriages-jones.md. Index-level only - not verified against the underlying marriage record.",DB1 row 1706. Folded live 2026-09-24 ('put it in both databases').
Madison,Jones,,Black (index asterisk; compiler warned of possible errors),,"Madison County marriage index: JONES, MADISON* - WIGGINS, AMY - MAR 20, 1879. Asterisk = Black per the index's EXPLANATION page (compilers apologize for possible errors in the Black classification). Read visually 2026-09-24 from the CamScanner 7-10-26 15.43 session images; staged memo workspace/research_notes/bedford-019-20260924/zips/memos/15.43/02-early-alabama-marriages-jones.md. Index-level only - not verified against the underlying marriage record.",DB1 row 1707. Folded live 2026-09-24 ('put it in both databases').
Thomas,Jones,,Black (index asterisk; compiler warned of possible errors),,"Madison County marriage index: JONES, THOMAS* - LEWIS, SALLIE - MAY 22, 1879. Asterisk = Black per the index's EXPLANATION page (compilers apologize for possible errors in the Black classification). Read visually 2026-09-24 from the CamScanner 7-10-26 15.43 session images; staged memo workspace/research_notes/bedford-019-20260924/zips/memos/15.43/02-early-alabama-marriages-jones.md. Index-level only - not verified against the underlying marriage record.","DB1 row 1708. Folded live 2026-09-24 ('put it in both databases'). Same-name asterisked entries exist (DB1 row 1691, DB1 row 1703); identity across entries is unresolved — do not merge without evidence."
Springfield,Jones,,Black (index asterisk; compiler warned of possible errors),,"Madison County marriage index: JONES, SPRINGFIELD* - HODGE, JENNIE A. - JUN 14, 1879. Asterisk = Black per the index's EXPLANATION page (compilers apologize for possible errors in the Black classification). Read visually 2026-09-24 from the CamScanner 7-10-26 15.43 session images; staged memo workspace/research_notes/bedford-019-20260924/zips/memos/15.43/02-early-alabama-marriages-jones.md. Index-level only - not verified against the underlying marriage record.",DB1 row 1709. Folded live 2026-09-24 ('put it in both databases').
Elijah,Jones,,Black (index asterisk; compiler warned of possible errors),,"Madison County marriage index: JONES, ELIJAH* - ROSS, MARIA - JAN 31, 1880. Asterisk = Black per the index's EXPLANATION page (compilers apologize for possible errors in the Black classification). Read visually 2026-09-24 from the CamScanner 7-10-26 15.43 session images; staged memo workspace/research_notes/bedford-019-20260924/zips/memos/15.43/02-early-alabama-marriages-jones.md. Index-level only - not verified against the underlying marriage record.",DB1 row 1710. Folded live 2026-09-24 ('put it in both databases'). Same-name asterisked entries exist (DB1 row 1711); identity across entries is unresolved — do not merge without evidence.
Elijah,Jones,,Black (index asterisk; compiler warned of possible errors),,"Madison County marriage index: JONES, ELIJAH* - TONEY, SOPHY - DEC 24, 1866. Asterisk = Black per the index's EXPLANATION page (compilers apologize for possible errors in the Black classification). Read visually 2026-09-24 from the CamScanner 7-10-26 15.43 session images; staged memo workspace/research_notes/bedford-019-20260924/zips/memos/15.43/02-early-alabama-marriages-jones.md. Index-level only - not verified against the underlying marriage record.",DB1 row 1711. Folded live 2026-09-24 ('put it in both databases'). Same-name asterisked entries exist (DB1 row 1710); identity across entries is unresolved — do not merge without evidence.
Phill,Jones,,Black (index asterisk; compiler warned of possible errors),,"Madison County marriage index: JONES, PHILL* - CRUTCHER, CRESIE - NOV 29, 1876. Asterisk = Black per the index's EXPLANATION page (compilers apologize for possible errors in the Black classification). Read visually 2026-09-24 from the CamScanner 7-10-26 15.43 session images; staged memo workspace/research_notes/bedford-019-20260924/zips/memos/15.43/02-early-alabama-marriages-jones.md. Index-level only - not verified against the underlying marriage record.",DB1 row 1712. Folded live 2026-09-24 ('put it in both databases').
Lewis,Jones,,Black (index asterisk; compiler warned of possible errors),,"Madison County marriage index: JONES, LEWIS* - HORTON, MARY - DEC 5, 1879. Asterisk = Black per the index's EXPLANATION page (compilers apologize for possible errors in the Black classification). Read visually 2026-09-24 from the CamScanner 7-10-26 15.43 session images; staged memo workspace/research_notes/bedford-019-20260924/zips/memos/15.43/02-early-alabama-marriages-jones.md. Index-level only - not verified against the underlying marriage record.",DB1 row 1713. Folded live 2026-09-24 ('put it in both databases').
William,Jones,,Black (index asterisk; compiler warned of possible errors),,"Madison County marriage index: JONES, WILLIAM* - FIELDS, ELIZA - JUN 11, 1879. Asterisk = Black per the index's EXPLANATION page (compilers apologize for possible errors in the Black classification). Read visually 2026-09-24 from the CamScanner 7-10-26 15.43 session images; staged memo workspace/research_notes/bedford-019-20260924/zips/memos/15.43/02-early-alabama-marriages-jones.md. Index-level only - not verified against the underlying marriage record.",DB1 row 1714. Folded live 2026-09-24 ('put it in both databases'). Same-name asterisked entries exist (DB1 row 1715); identity across entries is unresolved — do not merge without evidence.
William,Jones,,Black (index asterisk; compiler warned of possible errors),,"Madison County marriage index: JONES, WILLIAM* - TODDY, HARRIET - DEC 16, 1875. Asterisk = Black per the index's EXPLANATION page (compilers apologize for possible errors in the Black classification). Read visually 2026-09-24 from the CamScanner 7-10-26 15.43 session images; staged memo workspace/research_notes/bedford-019-20260924/zips/memos/15.43/02-early-alabama-marriages-jones.md. Index-level only - not verified against the underlying marriage record.",DB1 row 1715. Folded live 2026-09-24 ('put it in both databases'). Same-name asterisked entries exist (DB1 row 1714); identity across entries is unresolved — do not merge without evidence.
Bill,Jones,,Black (index asterisk; compiler warned of possible errors),,"Madison County marriage index: JONES, BILL* - GARDINER, SARAH - JAN 25, 1881. Asterisk = Black per the index's EXPLANATION page (compilers apologize for possible errors in the Black classification). Read visually 2026-09-24 from the CamScanner 7-10-26 15.43 session images; staged memo workspace/research_notes/bedford-019-20260924/zips/memos/15.43/02-early-alabama-marriages-jones.md. Index-level only - not verified against the underlying marriage record.",DB1 row 1716. Folded live 2026-09-24 ('put it in both databases').
Robert,Jones,,Black (index asterisk; compiler warned of possible errors),,"Madison County marriage index: JONES, ROBERT* - DIXON, IDA - SEP 23, 1902. Asterisk = Black per the index's EXPLANATION page (compilers apologize for possible errors in the Black classification). Read visually 2026-09-24 from the CamScanner 7-10-26 15.43 session images; staged memo workspace/research_notes/bedford-019-20260924/zips/memos/15.43/02-early-alabama-marriages-jones.md. Index-level only - not verified against the underlying marriage record.",DB1 row 1717. Folded live 2026-09-24 ('put it in both databases').
Tomietta,Jones,,,F,Folded live 2026-09-24 from the Rathbun vol. 1 extraction at the user's direction. The children's names and ages in Rathbun's extraction conflict with the 2026-09-23 firsthand read of the original M816 image — pinned at DB1 rows 534/1718 and paper note [458]; held open pending the NARA high-resolution pages requested 2026-09-24 (thread [26-71032]).,Folded live 2026-09-24 from the Rathbun vol. 1 extraction at the user's direction. The children's names and ages in Rathbun's extraction conflict with the 2026-09-23 firsthand read of the original M816 image — pinned at DB1 rows 534/1718 and paper note [459]; held open pending the NARA high-resolution pages requested 2026-09-24 (thread [26-71032]).
Columbus,Jones,,,M,"Brother of Linzey Jones (application 327) in Fred C. Rathbun's 1986 extraction of the Huntsville Freedman's Bank register (M816 Roll 1, p. 139): Linzey, born about 1856 in Georgia, parents Nathan and Salie Jones, names a brother Columbus Jones. See DB1 row 1720.","Do NOT merge with Columbus Jones of account 29 (rows 132/200/287/1435 — son of Turner Moore and Eliza Jones, b. about 1827, Madison County). Different parents, different generation. Folded live 2026-09-24 from the Rathbun vol. 1 extraction at the user's direction."
Patrick,Moore,,,M,"Freedman's Bank, Huntsville, application 106 (25 May 1868), per Rathbun's 1986 extraction (M816 Roll 1, p. 29): eight children — Christopher, Manuel, Rosa, Patrick, John, Honor, Harrison, Agnes; born Bridgeport, Alabama; farmer on the Charles Patton plantation; 6th Pennsylvania; remarks: unmarried, lost an arm at Fort Fisher, North Carolina. No stated link to Turner Moore's family — do not assume kinship from the surname. See DB1 row 1733.",Folded live 2026-09-24 from the Rathbun vol. 1 extraction at the user's direction. Service and wound stated in the extraction; verify against service/pension records before citing as confirmed.
Joseph,Moore,26,,M,"Freedman's Bank, Huntsville, application 365 (22 Nov 1869), per Rathbun's 1986 extraction (M816 Roll 1, p. 151): father unknown; mother Selvla [Moore]; wife Marthy Moore; son Charley; born Madison County 9 miles from town; blacksmith and farmer on the Andrew J. Martin plantation. Same trade as Columbus Jones (blacksmith) — coincidence until evidence says otherwise. See DB1 row 1734.",Folded live 2026-09-24 from the Rathbun vol. 1 extraction at the user's direction.
Fletcher,Eldridge,26,,M,"Freedman's Bank, Huntsville, application 71 (15 Nov 1867), per Rathbun's 1986 extraction (M816 Roll 1, p. 22): parents Dick and Adaline Fletcher; wife Pink Fletcher; born Limestone County, Alabama; farmer with R. Davis, Limestone County; 12th Regiment, Company B. Eldridge is his GIVEN name, Fletcher the family surname — file under Fletcher, not Eldridge. No other Eldridge depositors in Vol. 1. See DB1 row 1735.",Folded live 2026-09-24 from the Rathbun vol. 1 extraction at the user's direction. Service stated; verify against service records.
Nick,Beasley,23,,M,"Freedman's Bank, Huntsville, application 139 (22 Aug 1868), per Rathbun's 1986 extraction (M816 Roll 1, p. 33): born on Dr. Beasley's plantation, 7 miles from Huntsville; parents Allen and Sealy Beasley; wife Hasty; children Edward, Manervia, Sealey; 13th Regiment, Company C or E. FAN: the 1866 Jno./J. G. Jordan labor contract was co-signed by Caroline, Robert, Claiborne, Rebecca, Sidney, and Ann Beasley — same surname cluster, same county; unproven link. See DB1 row 1736.",Folded live 2026-09-24 from the Rathbun vol. 1 extraction at the user's direction. Do not merge Nick with the contract's Beasleys without direct evidence.
David,Smith,44,,M,"Freedman's Bank, Huntsville, application 163 (16 Oct 1868), per Rathbun's 1986 extraction (M816 Roll 1, p. 32): residence and occupation given as the Jordan plantation, Limestone County, Alabama; farmer. With Mrs. Anner Vining (application 164) — the first geographic anchor for the 1866 Jordan labor contract's setting; unproven. See DB1 row 1737.",Folded live 2026-09-24 from the Rathbun vol. 1 extraction at the user's direction.
Anner,Vining,,,F,"Freedman's Bank, Huntsville, application 164, per Rathbun's 1986 extraction (M816 Roll 1, pp. 32-33): plantation given as the Jordan plantation, Limestone County, Alabama, 13 miles from Madison Station. With David Smith (application 163) — possible setting of the 1866 Jno./J. G. Jordan labor contract; unproven. See DB1 row 1737.",Folded live 2026-09-24 from the Rathbun vol. 1 extraction at the user's direction.
Beverly,Keeble,,,,The buyer in the Jan 1832 deed that overturns the 'no Evalina Jones deeds' negative (paper [493]).,The buyer in the Jan 1832 deed that overturns the 'no Evalina Jones deeds' negative (paper [493]).
Willis,Blankenship,,,,"Madison Co., AL deed, Dec 1, 1847: Benjamin Coyle & Evalina B. Coyle → Willis Blankenship, $800 for 73¾ acres — 'the dower of the said Evelina B. Coyle, late Widow of Arthur W. Jones,' conveyed as a life estate.",Bought Evalina Coyle's dower interest (life estate) ten years after her 1837 remarriage.
Benjamin Lee,Coyle,,,Male,"Named in Evalina B. Coyle's will (d. Mar 15, 1857) as one of four younger Coyle children receiving her estate; final settlement Apr 1860 divided $7,594.65 into four equal $1,898.66¼ shares. Son of Benjamin Coyle and Evalina B. Jones Coyle. DGS 005176385 (Madison Probate Records 1856–1861).","One of the four Coyle children who inherited; the three older Jones children (Mary Walker Clopton, Agness Tinkle, James Monroe Jones) were expressly cut out of the will."
Drucina Sanders,Coyle,,,Female,"Named in Evalina B. Coyle's will (d. Mar 15, 1857) as one of four younger Coyle children receiving her estate; final settlement Apr 1860 divided $7,594.65 into four equal $1,898.66¼ shares. Daughter of Benjamin Coyle and Evalina B. Jones Coyle. DGS 005176385.",One of the four Coyle children who inherited; the three older Jones children were expressly cut out of the will.
Walker Jones,Coyle,,,Male,"Named in Evalina B. Coyle's will (d. Mar 15, 1857) as one of four younger Coyle children receiving her estate; final settlement Apr 1860 divided $7,594.65 into four equal $1,898.66¼ shares. Son of Benjamin Coyle and Evalina B. Jones Coyle. DGS 005176385.",One of the four Coyle children who inherited; carries the Jones name as his middle name. The three older Jones children were expressly cut out of the will.
Evalina Arabella,Coyle,,,Female,"Named in Evalina B. Coyle's will (d. Mar 15, 1857) as one of four younger Coyle children receiving her estate; final settlement Apr 1860 divided $7,594.65 into four equal $1,898.66¼ shares. Daughter of Benjamin Coyle and Evalina B. Jones Coyle. DGS 005176385.",One of the four Coyle children who inherited; the three older Jones children were expressly cut out of the will.
Evalina B.,Jones (later Coyle),,,Female,"Wife of Arthur W. Jones (d. ~Sept 17, 1833; will Sept 12, 1833, proved Oct 21, 1833); married Benjamin Coyle May 18, 1837; d. Mar 15, 1857. Jan 15, 1832 deed with Arthur → Beverly Keeble ($1,325, 112.5 ac; privately examined Jan 14, 1832) — overturns the 'no Evalina deeds' negative. Dissented from Arthur's will (petition filed Apr 1834); dower petition DISMISSED Apr 16, 1835, 'because the description of said land is insufficient,' costs; dower ALLOTTED Feb 27, 1838, incl. four enslaved people (Washington, Henry, Elm, Susan — the chancery transcript reads 'Clem'; held as a manuscript conflict) and $150 over her share repaid to the executor. Dec 1, 1847 deed with Coyle → Willis Blankenship ($800, 73¾ ac dower life estate). Defendant in Chancery No. 298 (Friley Jones v. Benjamin Coyle & Evalina B. Coyle, filed Nov 4, 1848; cross-bill Oct 7, 1853; no decree). Will left everything to her four younger Coyle children, expressly nothing to her three older Jones children; final settlement Apr 1860: $9,956.62 charged, $2,360.97 credits, $7,594.65 in four $1,898.66¼ shares. DGS 007743048 (deeds), 007743047 (probate 1832–1837), 005178548 (chancery case 298), 005176385 (probate 1856–1861).","Do NOT merge with Evelina (b. ~1807, manumitted Dec 11, 1820 at age 13, DB2 row 1149) — different woman, different generation. Do NOT merge with Evalina Love (b. ~1823 GA, Shandy's wife). The four enslaved people in her 1838 dower share are noted here rather than as rows: 'Washington,' 'Henry,' 'Elm,' 'Susan' are too generic to merge with existing same-name rows without a record joining them."
Frances Barber,Jones,"b. Jan 26, 1740; d. after 1796",,Female,"Daughter of Lane Jones and Anne Barber (Henley family Bible via Cary 1897); married John Jones 1759. CORRECTION: the 1966 chart's 'John Jones, son of Lane' is an error — John was Lane's son-in-law, Frances's husband. Four converging records: 1761 York Co. special verdict (names Frances Barber Jones among Lane's children); 1763 Cumberland Co. deed ('John Jones and Frances Barber Jones, his wife, of Louisa County' among Lane's heirs); 1792 Bedford deed (Capt. John Jones and Frances Barber Jones selling 314 ac); Bedford chancery read pass (John Jones's widow 'Frances B. Jones').","Mother of Llewellyn Jones — this is the link that fixes the lineage. Do NOT merge with the Frances rows 102, 110, 1271, 1905 (different women)."
John,Jones,b. before ~1738 (m. 1759); d. ~1796,,Male,"Styled 'Captain' (militia title; Rev War service unverified). Married Frances Barber Jones 1759 — son-in-law of Lane Jones, not son. 'Of Louisa County' 1763; Bedford Co., VA by the 1790s; d. intestate ~1796 leaving 'an estate both real and personal to a large amount.' 1792 deed with Frances sold 314 acres (Bedford Deed Bk T p. 97); 1789 receipt gave son-in-law Philip Burton £180 VA currency plus ten enslaved people as a daughter's marriage portion. Children per Bedford chancery read pass (6 cases, 1805–1841): Llewellyn, Charles D., Elizabeth (m. Jesse Anderson), Nancy T. (m. Nelson Dawson); a possible Burton daughter unresolved.","Father of Llewellyn Jones. Do NOT merge with any other John Jones row (96, 126, 134, 218, 1105, 1206, 1838, 1953 — all different men)."
Lane,Jones,"b. June 15, 1707; d. ~1750",,Male,"Only son of Orlando Jones and Martha Macon; b. June 15, 1707, St. Peter's Parish, New Kent Co. (parish register via Cary 1897); m. 1727 Anne Barber, daughter of Maj. William Barber. Six children (Henley Bible; 1761 York verdict): Martha, Anne, Lane Jr., Rowland, Frances (Barber Jones, b. Jan 26, 1740), William. Wealth: inherited Tidewater estate; tobacco; the Barber marriage folded a magistrate/Burgess father-in-law and the Archer/Hubard kin network into the line.","Great-grandfather of Llewellyn Jones. Do NOT merge with the enslaved people bequeathed 'to Lane Jones' in Orlando's 1719 will (DB2 rows 1159–1167) — those are people he enslaved, not him."
Orlando,Jones,1681–1719,,Male,"Son of Rev. Rowland Jones. Planter, tobacco shipper, landlord, Burgess for King William Co. (1714, 1715, 1718). Married Martha Macon Jan 31, 1703 (d. May 4, 1716; one son Lane, one daughter Frances who married Col. John Dandridge), then Mary Elizabeth Williams. Died June 12, 1719 at the Queen's Creek mansion; will proved Yorktown Nov 16, 1719. Wealth: tobacco cargo, plantations, a Williamsburg rental tenement, livestock, ~21 enslaved people; died heavily in debt (Williamsburg house ordered sold). Via tombstone, parish register, Burgess lists, Cary 1897.",Great-great-grandfather of Llewellyn Jones. Tobacco shipment is documented; ship ownership is not — keep the distinction. The enslaved people he bequeathed (DB2 rows 1158–1176) are separate entries.
Rev. Rowland,Jones,1644–1688,,Male,"First rector of Bruton Parish, VA (1674–1688); b. 1644 Swinbrook, Oxfordshire; Merton College, Oxford (matric. Nov 11, 1663); d. Apr 23, 1688, aged 48 (tombstone, Bruton churchyard). Also a substantial planter: will Aug 15, 1687 (proved Dec 13, 1688, Yorktown) left son Robert a 400-ac Pomonkey Neck plantation, son William 200 ac on Chickahominy Swamp, daughter Anna Maria 6,000 lbs tobacco and silver, widow Anne the dwelling and plantation for life then to son Orlando — plus enslaved people. 'By no means dependent upon his ministerial salary' (Cary 1897).",The immigrant generation; father of Orlando Jones. Do NOT claim ship ownership or transatlantic slave trading for him — the documented mechanism is tobacco plantations worked by enslaved labor. Do not merge with his father Rowland Jones (1608–1685).
Rowland,Jones,1608–1685,,Male,"Vicar of Wendover (1664) and Dorney (1667–1685), Buckinghamshire, England; B.A. Christ Church, Oxford, 1632; rector of Little Kimble 1661. Will dated Sept 1, 1665: a comfortable but modest clerical estate — books and manuscripts and £25 to son Rowland, £5 bequests to the other children. Via Cary 1897.",Father of Rev. Rowland Jones; the English root of the line. The Welsh-origin tradition in some compiled genealogies is unresolved — Cary documents an Oxfordshire/Buckinghamshire clerical family and says nothing of Wales.
Eliza,Jones,,,F,"Wife of Turner Moore and mother of Columbus Jones per Fred C. Rathbun's extraction of Columbus Jones's Freedman's Bank account 29 (M816 Roll 1, acct. 29, 2 Oct 1867); died fall 1861 at her son's home. Columbus, Turner, and Reuben carried her Jones surname. See DB1 rows 1718–1737 (Rathbun fold).","HYPOTHESIS ONLY — unproven, do not treat as fact: if Eliza was enslaved by the Jones family while Turner was held by a Moore, the family could have formed across two neighboring plantations — the ""abroad marriage"" pattern — with the children carrying the mother's Jones surname. The 1860 slave schedule puts Alexander P. Jones (96 enslaved, stamped pp. 483–484) adjacent to Benj. T. Moore (stamped 487–488) in the NW Division. Forced separation by sale is unsupported; the mechanism is unknown. Do not merge Eliza with any enslaver's holding without direct evidence. Memo: ~/workspace/research_notes/turner-moore-plantation-20260927/memo.md §4; DB1 1817; DB2 132/137/138."
Frank,,,,,"Named among the thirteen enslaved people in the Mary Jones–Gross Scruggs marriage contract, 10-07-1833 (Madison County, AL deed books, read firsthand via signed-in FamilySearch session, 2026-09-27), witnessed by Benjamin Coyle. Image: Drive Beyond Avalon > ""Madison County Deed Images - 2026-09-27"" (folder id 17dQjKNR7DzQpu_UfMl91m7g6FsyfPL0A).","One of the thirteen named in the contract — Frank, Fanney, Sam, Jane, John, Rachel, Lewis, Betty, Burwell, Malinda, Martha, Jane, Anabella. The source gives no age, sex, or kinship for this person; none is stated here. DB1 1805."
Fanney,,,,,"Named among the thirteen enslaved people in the Mary Jones–Gross Scruggs marriage contract, 10-07-1833 (Madison County, AL deed books, read firsthand via signed-in FamilySearch session, 2026-09-27), witnessed by Benjamin Coyle. Image: Drive Beyond Avalon > ""Madison County Deed Images - 2026-09-27"" (folder id 17dQjKNR7DzQpu_UfMl91m7g6FsyfPL0A).","One of the thirteen named in the contract — Frank, Fanney, Sam, Jane, John, Rachel, Lewis, Betty, Burwell, Malinda, Martha, Jane, Anabella. The source gives no age, sex, or kinship for this person; none is stated here. DB1 1805."
Sam,,,,,"Named among the thirteen enslaved people in the Mary Jones–Gross Scruggs marriage contract, 10-07-1833 (Madison County, AL deed books, read firsthand via signed-in FamilySearch session, 2026-09-27), witnessed by Benjamin Coyle. Image: Drive Beyond Avalon > ""Madison County Deed Images - 2026-09-27"" (folder id 17dQjKNR7DzQpu_UfMl91m7g6FsyfPL0A).","One of the thirteen named in the contract — Frank, Fanney, Sam, Jane, John, Rachel, Lewis, Betty, Burwell, Malinda, Martha, Jane, Anabella. The source gives no age, sex, or kinship for this person; none is stated here. DB1 1805."
Jane,,,,,"Named among the thirteen enslaved people in the Mary Jones–Gross Scruggs marriage contract, 10-07-1833 (Madison County, AL deed books, read firsthand via signed-in FamilySearch session, 2026-09-27), witnessed by Benjamin Coyle. The source lists Jane TWICE without distinguishing marks — one row carries both occurrences; the two Janes cannot be told apart from this source. Image: Drive Beyond Avalon > ""Madison County Deed Images - 2026-09-27"" (folder id 17dQjKNR7DzQpu_UfMl91m7g6FsyfPL0A).","One row for both Jane occurrences (the source does not distinguish them). The other named people: Frank, Fanney, Sam, John, Rachel, Lewis, Betty, Burwell, Malinda, Martha, Anabella. The source gives no age, sex, or kinship; none is stated here. DB1 1805."
John,,,,,"Named among the thirteen enslaved people in the Mary Jones–Gross Scruggs marriage contract, 10-07-1833 (Madison County, AL deed books, read firsthand via signed-in FamilySearch session, 2026-09-27), witnessed by Benjamin Coyle. Image: Drive Beyond Avalon > ""Madison County Deed Images - 2026-09-27"" (folder id 17dQjKNR7DzQpu_UfMl91m7g6FsyfPL0A).","One of the thirteen named in the contract — Frank, Fanney, Sam, Jane, John, Rachel, Lewis, Betty, Burwell, Malinda, Martha, Jane, Anabella. The source gives no age, sex, or kinship for this person; none is stated here. DB1 1805."
Rachel,,,,,"Named among the thirteen enslaved people in the Mary Jones–Gross Scruggs marriage contract, 10-07-1833 (Madison County, AL deed books, read firsthand via signed-in FamilySearch session, 2026-09-27), witnessed by Benjamin Coyle. Image: Drive Beyond Avalon > ""Madison County Deed Images - 2026-09-27"" (folder id 17dQjKNR7DzQpu_UfMl91m7g6FsyfPL0A).","One of the thirteen named in the contract — Frank, Fanney, Sam, Jane, John, Rachel, Lewis, Betty, Burwell, Malinda, Martha, Jane, Anabella. The source gives no age, sex, or kinship for this person; none is stated here. DB1 1805."
Lewis,,,,,"Named among the thirteen enslaved people in the Mary Jones–Gross Scruggs marriage contract, 10-07-1833 (Madison County, AL deed books, read firsthand via signed-in FamilySearch session, 2026-09-27), witnessed by Benjamin Coyle. Image: Drive Beyond Avalon > ""Madison County Deed Images - 2026-09-27"" (folder id 17dQjKNR7DzQpu_UfMl91m7g6FsyfPL0A).","One of the thirteen named in the contract — Frank, Fanney, Sam, Jane, John, Rachel, Lewis, Betty, Burwell, Malinda, Martha, Jane, Anabella. The source gives no age, sex, or kinship for this person; none is stated here. DB1 1805."
Betty,,,,,"Named among the thirteen enslaved people in the Mary Jones–Gross Scruggs marriage contract, 10-07-1833 (Madison County, AL deed books, read firsthand via signed-in FamilySearch session, 2026-09-27), witnessed by Benjamin Coyle. Image: Drive Beyond Avalon > ""Madison County Deed Images - 2026-09-27"" (folder id 17dQjKNR7DzQpu_UfMl91m7g6FsyfPL0A).","One of the thirteen named in the contract — Frank, Fanney, Sam, Jane, John, Rachel, Lewis, Betty, Burwell, Malinda, Martha, Jane, Anabella. The source gives no age, sex, or kinship for this person; none is stated here. DB1 1805."
Burwell,,,,,"Named among the thirteen enslaved people in the Mary Jones–Gross Scruggs marriage contract, 10-07-1833 (Madison County, AL deed books, read firsthand via signed-in FamilySearch session, 2026-09-27), witnessed by Benjamin Coyle. Image: Drive Beyond Avalon > ""Madison County Deed Images - 2026-09-27"" (folder id 17dQjKNR7DzQpu_UfMl91m7g6FsyfPL0A).","One of the thirteen named in the contract — Frank, Fanney, Sam, Jane, John, Rachel, Lewis, Betty, Burwell, Malinda, Martha, Jane, Anabella. The source gives no age, sex, or kinship for this person; none is stated here. DB1 1805."
Malinda,,,,,"Named among the thirteen enslaved people in the Mary Jones–Gross Scruggs marriage contract, 10-07-1833 (Madison County, AL deed books, read firsthand via signed-in FamilySearch session, 2026-09-27), witnessed by Benjamin Coyle. Image: Drive Beyond Avalon > ""Madison County Deed Images - 2026-09-27"" (folder id 17dQjKNR7DzQpu_UfMl91m7g6FsyfPL0A).","One of the thirteen named in the contract — Frank, Fanney, Sam, Jane, John, Rachel, Lewis, Betty, Burwell, Malinda, Martha, Jane, Anabella. The source gives no age, sex, or kinship for this person; none is stated here. DB1 1805."
Martha,,,,,"Named among the thirteen enslaved people in the Mary Jones–Gross Scruggs marriage contract, 10-07-1833 (Madison County, AL deed books, read firsthand via signed-in FamilySearch session, 2026-09-27), witnessed by Benjamin Coyle. Image: Drive Beyond Avalon > ""Madison County Deed Images - 2026-09-27"" (folder id 17dQjKNR7DzQpu_UfMl91m7g6FsyfPL0A).","One of the thirteen named in the contract — Frank, Fanney, Sam, Jane, John, Rachel, Lewis, Betty, Burwell, Malinda, Martha, Jane, Anabella. The source gives no age, sex, or kinship for this person; none is stated here. DB1 1805."
Anabella,,,,,"Named among the thirteen enslaved people in the Mary Jones–Gross Scruggs marriage contract, 10-07-1833 (Madison County, AL deed books, read firsthand via signed-in FamilySearch session, 2026-09-27), witnessed by Benjamin Coyle. Image: Drive Beyond Avalon > ""Madison County Deed Images - 2026-09-27"" (folder id 17dQjKNR7DzQpu_UfMl91m7g6FsyfPL0A).","One of the thirteen named in the contract — Frank, Fanney, Sam, Jane, John, Rachel, Lewis, Betty, Burwell, Malinda, Martha, Jane, Anabella. The source gives no age, sex, or kinship for this person; none is stated here. DB1 1805."
Hannah,,about 38,,F,"Named as an enslaved woman, about 38 years old, in the David McAlexander → John Coyle (trustee) deed of trust, 12-14-1835 (Madison County, AL deed books, read firsthand via signed-in FamilySearch session, 2026-09-27): conveyed with a wagon, oxen, and a bed to secure a $625 debt. DB1 1806. Image: Drive Beyond Avalon > ""Madison County Deed Images - 2026-09-27"" (folder id 17dQjKNR7DzQpu_UfMl91m7g6FsyfPL0A).","Do not merge with any other Hannah row without direct evidence (rows 98, 163, 1044, 1132, 1159, 1260, 1433, 1493, 1862, 1870, 1879, 1945 are separate contexts). Whether the $625 debt was satisfied — and Hannah's later disposition — is open."
Davy,(surname unrecorded),,,,"Enslaved person allotted to Frances Anderson (wife of Nelson Anderson) in the 16 Feb 1802 division of Thomas Jackson's estate, Louisa County, VA, valued at £90 — the record places him in Nelson and Frances Anderson's household. Division by commissioners Joel Walton, Thomas Gardner, and Samuel Overton: 9 lots equalized at £115 6s 8d each (£1,038 total). Louisa chancery 1802-013, division report.","Do NOT merge with DB2 row 1190 (Davy, child of Aggy, bequeathed to Elizabeth Jackson Dabney in Thomas Jackson's 1791/1794 will) — different context; keep separate without direct evidence. Forward trace from the 1802 division is open (sale, inheritance, or retention into Nelson's 1819 will). See DB1 row 1826. Folded live 2026-09-27 — Anderson network thread."
Queen,(surname unrecorded),,,,"Enslaved person allotted to Frances Anderson (wife of Nelson Anderson) in the 16 Feb 1802 division of Thomas Jackson's estate, Louisa County, VA, valued at £25 — the record places her in Nelson and Frances Anderson's household. Division by commissioners Joel Walton, Thomas Gardner, and Samuel Overton: 9 lots equalized at £115 6s 8d each (£1,038 total). Louisa chancery 1802-013, division report.","Do NOT merge with DB2 row 1150 (Ann, manumitted Dec 11, 1820) or any other Queen/Ann row without direct evidence. Forward trace from the 1802 division is open. See DB1 row 1826. Folded live 2026-09-27 — Anderson network thread."
Turner,Anderson,,"white (free voter, 1790/1792 Louisa polls)",M,"Co-signed Nelson Anderson's £62 injunction bond to Lyddall Britton, 13 Jan 1794 (Louisa County, VA, chancery 1794-011), staying execution of Britton's Louisa County Court judgment against Nelson. Voted the Louisa congressional polls 1790 (#11) and 1792 (#64) (volunteer transcriptions, unverified against manuscript). Relationship to Nelson Anderson unknown — possible kinsman, unproven.","HARD DO-NOT-MERGE with Turner Moore (Columbus Jones's father, d. March 1867) — different person. See DB1 row 1827. Folded live 2026-09-27 — Anderson network thread."
Simon,(surname unrecorded),,,M,"Named as the father of Reuben Jones (b. ~1833) in Reuben's Freedman's Bank account No. 1406 (Huntsville); Reuben's mother Eliza. Firsthand read 2026-09-23 (image 187/228, ark 3:1:S3HT-6R7Q-LJW). No surname, age, or other record on file.","Do NOT merge with Turner Moore — Turner is the father named in Columbus Jones's account No. 29, not in Reuben's. Reuben's account names Simon. See DB1 row 1822. Folded live 2026-09-27 — Eliza Jones thread."
Haywood,Barrett,,Black,M,"Madison County, AL, 1867 voter registration, registered Sept 1867 (ADAH 1867 Voter Registration Books, item 114440); African-American adult male; Haywood is his GIVEN name.","Lead only — no merge with the Seclusion plantation Haywood (Nov 14, 1863 letter, Lawrence County) or any other Haywood row. See DB1 row 1835. Folded live 2026-09-27 — Haywood thread. Age: registered 1867 under the Reconstruction Acts (adult male status implied); the register form records no age, so the cell is left blank rather than inferred."
Haywood,Cooper,,Black,M,"Madison County, AL, 1867 voter registration, registered June 1867 (ADAH item 117086); African-American adult male; Haywood is his GIVEN name.","Lead only — no merge with the Seclusion plantation Haywood or any other Haywood row. See DB1 row 1835. Folded live 2026-09-27 — Haywood thread. Age: registered 1867 under the Reconstruction Acts (adult male status implied); the register form records no age, so the cell is left blank rather than inferred."
Haywood,Patton,,Black,M,"Madison County, AL, 1867 voter registration, registered July 1867 (ADAH item 115202); African-American adult male; Haywood is his GIVEN name.","Lead only — no merge with the Seclusion plantation Haywood or any other Haywood row. See DB1 row 1835. Folded live 2026-09-27 — Haywood thread. Age: registered 1867 under the Reconstruction Acts (adult male status implied); the register form records no age, so the cell is left blank rather than inferred."
Erby,Haywood,,Black,M,"Madison County, AL, 1867 voter registration, registered June 1867 (ADAH item 111557); African-American adult male; Haywood is his SURNAME.","Lead only — no merge with the Seclusion plantation Haywood or any other Haywood row. See DB1 row 1835. Folded live 2026-09-27 — Haywood thread. Age: registered 1867 under the Reconstruction Acts (adult male status implied); the register form records no age, so the cell is left blank rather than inferred."
Henderson,Haywood,,Black,M,"Madison County, AL, 1867 voter registration, registered June 1867 (ADAH item 111326); African-American adult male; Haywood is his SURNAME.","Lead only — no merge with the Seclusion plantation Haywood or any other Haywood row. See DB1 row 1835. Folded live 2026-09-27 — Haywood thread. Age: registered 1867 under the Reconstruction Acts (adult male status implied); the register form records no age, so the cell is left blank rather than inferred."
Lewis,Haywood,,Black,M,"Madison County, AL, 1867 voter registration, registered June 1867 (ADAH item 117075); African-American adult male; Haywood is his SURNAME.","Lead only — no merge with the Seclusion plantation Haywood or any other Haywood row. See DB1 row 1835. Folded live 2026-09-27 — Haywood thread. Age: registered 1867 under the Reconstruction Acts (adult male status implied); the register form records no age, so the cell is left blank rather than inferred."
William,Haywood,,Black,M,"Madison County, AL, 1867 voter registration, registered July 1867 (ADAH item 111623); African-American adult male; Haywood is his SURNAME.","Lead only — no merge with the Seclusion plantation Haywood or any other Haywood row. See DB1 row 1835. Folded live 2026-09-27 — Haywood thread. Age: registered 1867 under the Reconstruction Acts (adult male status implied); the register form records no age, so the cell is left blank rather than inferred."
Willis,Haywood,,Black,M,"Madison County, AL, 1867 voter registration, registered July 1867 (ADAH item 110512); African-American adult male; Haywood is his SURNAME.","Lead only — no merge with the Seclusion plantation Haywood or any other Haywood row. See DB1 row 1835. Folded live 2026-09-27 — Haywood thread. Age: registered 1867 under the Reconstruction Acts (adult male status implied); the register form records no age, so the cell is left blank rather than inferred."
,Haywood,,White,M,"Freedmen's Bureau, Huntsville Letters Sent Vol 2, ms pp. 52-53, May 16, 1866 (IA recordsoffieldof0013unit, leaf n741): letter addressed 'Haywood, Sir' re frequent complaints from hands on his place; a woman discharged without pay for her crop share calls for her contract copy.","White planter/employer near Huntsville - THIRD Haywood. Do not merge with the Seclusion plantation laborer, John Haywood Donnell, or the 1867 Black voter-registration Haywoods (rows 2033-2035)."
William,Jordan,,,M,"Freedmen's Bureau, Huntsville Letters Sent Vol 1, ms p. 135, Entry 221, Jan 13, 1866 (IA recordsoffieldof0013unit, leaf n619): planter warned destitute old/infirm freedpeople off his Madison Co. plantation; Bureau ordered them returned.",NOT Jno. G. Jordan - do not merge.
Silas,Jones,,Black,M,"Freedmen's Bureau, Huntsville Letters Sent Vol 3, ms p. 195, Nov 7, 1867 (IA recordsoffieldof0013unit, leaf n1029): freedman cotton planter, ordered to deliver cotton for $125 rent arrears.",Lead only - no Jones-network link established.
Ed,Jones,,,M,"Freedmen's Bureau, Huntsville Letters Sent Vol 3, ms p. 232, Dec 14, 1867 (IA recordsoffieldof0013unit, leaf n1048): 'Jones Rev Ed,' Stevenson, Ala.; school house & church letter referred to Genl Swayne.",Lead only - identity unestablished.
Aaron,Jones,,,M,"Freedmen's Bureau, Huntsville Letters Sent Vol 1, ms pp. 277-278, Apr 1, 1866 (IA recordsoffieldof0013unit, leaf n689): 'Jones Aaron (Col?) 2,' planter with uncalled freedmen contracts.",Lead only - identity unestablished.
Manley,Anderson,,Black,M,"Freedmen's Bureau, Huntsville Letters Sent Vol 4, ms p. 31, Mar 25, 1868 (IA recordsoffieldof0013unit, leaf n1097): freedman (makes his mark); Bureau sent check/vouchers for signature re bounty/pension claim. Indexed 'Landon Anderson.'",Lead only - identity beyond the claim unestablished.
Jenny,Moore,,,F,"Huntsville Letters Sent Vol 1 back index entry 'Moore Jenny 274' (IA recordsoffieldof0013unit, leaf n700) - UNVERIFIED: ms p. 274 (leaf n687) shows no Jenny Moore; index/page mismatch.",Unresolved index entry only - not a confirmed person. Do not cite as fact.
Wesley,Jones,25,,M,"Tuscaloosa Freedmen's Hospital register #35, admitted July 24 (IA recordsoffieldof0034unit, hospital Vol 175).",NOT Shandy Wesley Jones (b. 1816) - do not merge. Distinct from the two Wesley Joneses already in DB2; hospital admission distinguishes.
Sandy,Anderson,22,,M,"Tuscaloosa Freedmen's Hospital register #105, admitted July 27 (IA recordsoffieldof0034unit, hospital Vol 175).",Admitted with Milly Anderson #106 and Lizzie Anderson #107 - likely family group. Lead only.
Milly,Anderson,20,,F,"Tuscaloosa Freedmen's Hospital register #106, admitted July 27 (IA recordsoffieldof0034unit, hospital Vol 175).",Admitted with Sandy #105 and Lizzie #107 - likely family group. Lead only.
Lizzie,Anderson,6,,F,"Tuscaloosa Freedmen's Hospital register #107, admitted July 27 (IA recordsoffieldof0034unit, hospital Vol 175).",Admitted with Sandy #105 and Milly #106 - likely family group. Lead only.
Chas,Jordan,30,,M,"Tuscaloosa Freedmen's Hospital register #138, admitted Sept 6 (IA recordsoffieldof0034unit, hospital Vol 175).",Lead only.
Joseph,Jones,16,,M,"Tuscaloosa Freedmen's Hospital register #142, admitted Sept 7 (IA recordsoffieldof0034unit, hospital Vol 175).",Distinct from the three Joseph Joneses already in DB2 - hospital admission distinguishes. Lead only.
Peter,Jones,70,,M,"Tuscaloosa Freedmen's Hospital register #168, admitted Sept 13, nativity Ala. (IA recordsoffieldof0034unit, hospital Vol 175).",Distinct from the two Peter Joneses already in DB2 - hospital admission distinguishes. Lead only.
Griffin,Jones,33,,M,"Tuscaloosa Freedmen's Hospital register #212, admitted Sept 21 (IA recordsoffieldof0034unit, hospital Vol 175).",Lead only.
Charlotte,Jones,22,,F,"Tuscaloosa Freedmen's Hospital register, admitted Oct 4, died Nov 2, smallpox (IA recordsoffieldof0034unit, hospital Vol 175).",Lead only.
Sally,Jones,26,,F,"Tuscaloosa Freedmen's Hospital register, admitted Oct 27, died Nov 1, smallpox (IA recordsoffieldof0034unit, hospital Vol 175).",Lead only.
Wesley,Moore,21,,M,"Tuscaloosa Freedmen's Hospital register #221, admitted Nov 21, discharged Dec 12 (IA recordsoffieldof0034unit, hospital Vol 175).",Lead only - not Turner Moore.
Columbia,Jones,14,,M,"Tuscaloosa Freedmen's Hospital register #243, admitted Nov 26, died Dec 18, smallpox (IA recordsoffieldof0034unit, hospital Vol 175).",Lead only.
David,Jones,26,,M,"Tuscaloosa Freedmen's Hospital register #317, admitted Dec 19 (IA recordsoffieldof0034unit, hospital Vol 175, leaf n812).",Not merged with Columbus's brother David. Distinct from the David Jones already in DB2.
Sidna,Jones,28,,M,"Tuscaloosa Freedmen's Hospital register #339, admitted Jan 4 (IA recordsoffieldof0034unit, hospital Vol 175).",Sidna is not Simon. Lead only.
Henry,Johns,17,,M,"Tuscaloosa Freedmen's Hospital register #213, admitted Nov 17 (IA recordsoffieldof0034unit, hospital Vol 175).",Lead only.
W.W.,Jones,,,M,"Freedmen's Bureau, Tuskegee letters sent, Vol 154, p. 60, Apr 7, 1866 (IA recordsoffieldof0034unit, leaf n709): W.W. Jones of Macon County held three horses claimed by freedwoman Wm Dinah [?].",Off-network (Macon Co.) - do not merge.
Mathew,Jordan,,White,,"Mathew Jordan, Esq., of Waynesville, Ala. — Justice of the Peace appointed Freedmen's Bureau agent for freedmen cases, Sept 1866 (Huntsville Letters Sent Vol 2, ms pp. 200/209/211; 0013unit leaves n815/n819/n820). White official; not Jno. G. Jordan — do not merge.",Lead — white official; blocks false merge with Jno. G. Jordan. Folded live 2026-09-28.
J. W.,Moore,,White,,"J. W. Moore — probate judge (Blount/Morgan Co.), Jan 16, 1866 (Huntsville Letters Sent Vol 1, ms p. 127, Entry 212; 0013unit leaf n615). White official, not a target; not Turner Moore — do not merge.",Lead — white official. Folded live 2026-09-28.
Bvt Maj (rank; given name not in source),Jones,,White,,"Bvt Maj Jones — Freedmen's Bureau officer at Courtland, Mar 7, 1866 (Huntsville Letters Sent Vol 1, ms p. 231, Entry 439; 0013unit leaf n666). White official; not a Jones-network member — do not merge.",Lead — white official. Folded live 2026-09-28.
S.,Moore,,,,"S. Moore, Agt. — Freedmen's Bureau agent, Baldwin Co., reporting 'workings of the Bureau for June,' June 1868 (Mobile Register Vol 2, p. 82, entry 311; 0015unit leaf n1055). Mobile-area; not Turner Moore — do not merge.",Lead — Mobile out-of-area. Folded live 2026-09-28.
John,Moore,,,,"John Moore — Baldwin Co., June 1867, forwarding petition re: apprenticing the children of freedman Forrester Kent (Mobile Register Vol 1, p. 78; 0015unit leaf n944). Mobile-area; not Turner Moore — do not merge.",Lead — Mobile out-of-area. Folded live 2026-09-28.
"Bell & Moore (firm, not a person)",Moore,,,,"Bell & Moore — Mobile-area cotton firm; held freedmen's cotton, statement enclosed, action discontinued (Mobile Register Vol 2, pp. 24–25, entry 179; 0015unit leaf n1026). Firm, not a person — do not merge with any Moore.",Lead — Mobile out-of-area firm. Folded live 2026-09-28.
"Wm (Pvt, Co. K, 100th USCI)",Jones,,Black,M,"Wm Jones, Pvt, Co. K, 100th U.S. Colored Infantry — Montgomery HQ desired inquiry into this discharged soldier, May 1868 (Mobile Register Vol 2, p. 48, entry 233; 0015unit leaf n1038). Mobile-area; no Madison link — do not merge.",Lead — Mobile out-of-area. Folded live 2026-09-28.
John A.,Jordan,,,,"John A. Jordan — Sub. Asst. Commissioner at Demopolis reporting on destitute freedpeople, June 1868 (Mobile Register Vol 2, p. 76, entry 299; 0015unit leaf n1052). Bureau official; do not merge with Jno. G. Jordan.",Lead — Mobile out-of-area official. Folded live 2026-09-28.
Richard,Jones,,,,"Richard Jones — sold '6 Corn Brooms / $4.00' to the Bureau, June 1865 (Mobile day book, p. 11; 0015unit leaf n1020). Mobile-area; no network link — do not merge.",Lead — Mobile out-of-area. Folded live 2026-09-28.
Moses,Love,,Black,M,"Moses Love, Black farmer — bought his homestead in 1919 on the former Isham J. Fennell plantation (‘one of Alabama’s wealthiest slaveholding planters’), just east of NASA’s Marshall Space Flight Center on what is now Redstone Arsenal; taken for the 1941–42 Redstone Arsenal expansion. Source: NNPA, ‘Huntsville Development Sparks Concerns Over Native and African-American Heritage’ (Redstone Arsenal archaeology team, Cultural Resource Manager Ben Hoksbergen). Acreage, purchase price, and compensation unproved; the condemnation/deed instrument not yet located.",Take-side case for the lease-vs-take thesis — a proven named-owner taking of Black-owned land for federal wartime expansion. Folded live 2026-09-28 (White Jones institutions sweep). Do not merge with any other Love.
