Name,Name Variant,Associated Enslaver or Property,Date or Range,Location,Source Lead,Record Needed,Verification Status,Source Citation or URL,Source-Only Notes
Tommy Jones,Tommy; automated OCR may read Tony,Unresolved,1866,"Huntsville, Madison County, Alabama","Entry 287, Register of the Sick and Wounded; complaint appears to be intermittent fever.",Adjacent hospital-register pages; Freedmen's Bureau field-office records; 1867 voter registration; 1870 census.,Primary register entry verified; identity and Avalon relationship unverified.,"“Alabama, United States records,” FamilySearch image 94 of 1159, NARA, Image Group Number 007636371. https://www.familysearch.org/ark:/61903/3:1:3QSQ-G9LD-YS3K?view=fullText",Consecutive with four other Jones entries. Consecutive placement does not prove kinship.
Walter Jones,,Unresolved,1866,"Huntsville, Madison County, Alabama","Entry 288, Register of the Sick and Wounded; complaint appears to be intermittent fever.",Adjacent hospital-register pages; Freedmen's Bureau field-office records; 1867 voter registration; 1870 census.,Primary register entry verified; identity and Avalon relationship unverified.,"“Alabama, United States records,” FamilySearch image 94 of 1159, NARA, Image Group Number 007636371. https://www.familysearch.org/ark:/61903/3:1:3QSQ-G9LD-YS3K?view=fullText",Consecutive with four other Jones entries. Consecutive placement does not prove kinship.
John Morgan Jones,John Morgan Jones,Unresolved,1866,"Huntsville, Madison County, Alabama","Entry 289, Register of the Sick and Wounded; complaint appears to be intermittent fever.",Determine whether Morgan is a middle name or compound surname; adjacent hospital-register pages; Freedmen's Bureau records; voter registration; census.,Primary register entry verified; identity and Avalon relationship unverified.,"“Alabama, United States records,” FamilySearch image 94 of 1159, NARA, Image Group Number 007636371. https://www.familysearch.org/ark:/61903/3:1:3QSQ-G9LD-YS3K?view=fullText",Consecutive with four other Jones entries. Consecutive placement does not prove kinship.
Nettie Jones,Nettie Jones; handwriting slightly uncertain,Unresolved,1866,"Huntsville, Madison County, Alabama","Entry 290, Register of the Sick and Wounded; complaint appears to be intermittent fever.",Higher-resolution original or alternate image; adjacent hospital-register pages; Freedmen's Bureau records; census.,Primary register entry verified at probable reading; exact given-name spelling and Avalon relationship unverified.,"“Alabama, United States records,” FamilySearch image 94 of 1159, NARA, Image Group Number 007636371. https://www.familysearch.org/ark:/61903/3:1:3QSQ-G9LD-YS3K?view=fullText",Consecutive with four other Jones entries. Do not normalize the given name until independently confirmed.
John Jones,,Unresolved,1866,"Huntsville, Madison County, Alabama","Entry 291, Register of the Sick and Wounded; complaint recorded as pleurisy.",Adjacent hospital-register pages; Freedmen's Bureau records; 1867 voter registration; 1870 census; distinguish from all other John Jones candidates.,Primary register entry verified; identity and Avalon relationship unverified.,"“Alabama, United States records,” FamilySearch image 94 of 1159, NARA, Image Group Number 007636371. https://www.familysearch.org/ark:/61903/3:1:3QSQ-G9LD-YS3K?view=fullText",Consecutive with four other Jones entries. Shared surname alone is insufficient for any merge.
Tomietta Jones,Tomietta/Jonietta,Spouse of Columbus Jones,married by 2 Oct 1867,"3 mi NW of end of Athens Pike, Madison Co., AL","Named as spouse (""SPOUSE: Tomietta [Jones]"") in Columbus Jones's Freedman's Savings & Trust Co. signature-register account (per Rathbun abstract) entry, acct. #29, 2 Oct 1867.",Marriage record or Freedman's Bank/Bureau record for Columbus & Tomietta Jones; 1870/1880 census household listing.,"Unverified — new lead, not found in live enslaved database or proposed-source-rows CSV as of this review.","Rathbun, Names from Huntsville, Alabama (1986/1988 abstract of NARA M816, Huntsville Freedman's Savings & Trust Co. signature registers), CamScanner 7-17-26 13.27_9.pdf, acct. #29, p. 5","Proposed-source-rows.csv row 132 (Columbus Jones, Freedman's Bank source) already documents the same spouse as ""Tomietta/Jonietta"" — this register entry corroborates but does not add a new source; retained here as a directly-sourced lead from the CamScanner register page itself."
Elizabeth Jones,Elizabeth (child of Columbus),Daughter of Columbus & Tomietta Jones,age 16 as of 2 Oct 1867 (b. ca. 1851),"3 mi NW of end of Athens Pike, Madison Co., AL","Named as child (""CH: Elizabeth, 16"") in Columbus Jones's Freedman's Savings & Trust Co. signature-register account (per Rathbun abstract) entry, acct. #29, 2 Oct 1867.","Freedman's Bank/Bureau record, 1870/1880 census, or marriage record for Elizabeth Jones b. ca. 1851, Madison Co., AL.","Unverified — new lead. NOT the same person as the several other ""Elizabeth Jones"" entries already in the live database (row 140, sister of Columbus, and the 1820 emancipation-act ""Elizabeth"" mother of Shandy Wesley Jones, row 75/78) — different generation, different relationship. Do not merge.","Rathbun, Names from Huntsville, Alabama (1986/1988 abstract of NARA M816, Huntsville Freedman's Savings & Trust Co. signature registers), CamScanner 7-17-26 13.27_9.pdf, acct. #29, p. 5","Name collision caution: at least three distinct ""Elizabeth Jones""/""Elizabeth"" individuals appear across this family's records (Columbus's mother-generation sister ""Elizabeth,"" the 1820-act matriarch ""Elizabeth,"" and this child ""Elizabeth, 16""). Treated as separate per project's no-merge rule."
Nancy Jones,Nancy (child of Columbus),Daughter of Columbus & Tomietta Jones,age 14 as of 2 Oct 1867 (b. ca. 1853),"3 mi NW of end of Athens Pike, Madison Co., AL","Named as child (""CH: ... Nancy, 14"") in Columbus Jones's Freedman's Savings & Trust Co. signature-register account (per Rathbun abstract) entry, acct. #29, 2 Oct 1867.","Freedman's Bank/Bureau record, 1870/1880 census, or marriage record for Nancy Jones b. ca. 1853, Madison Co., AL.","Unverified — new lead. Distinct from ""Nancy Jones"" age 56 in the 1860 Slave Schedule (live database row 154, Limestone Co., G.H. Jones) — different age/generation/location; do not merge.","Rathbun, Names from Huntsville, Alabama (1986/1988 abstract of NARA M816, Huntsville Freedman's Savings & Trust Co. signature registers), CamScanner 7-17-26 13.27_9.pdf, acct. #29, p. 5","Name collision caution: multiple ""Nancy Jones"" individuals exist in the project's live data (age-56 1860 Limestone Co. entry; also a Nancy Jones tied to Marshall/Zachariah Jones SCC claim, rows 170–171). This entry (age 14 in 1867, Madison Co.) is kept separate per no-merge rule."
Paul Jones,Paul,Son of Columbus Jones,age 20 as of 2 Oct 1867 (b. ca. 1847),"3 mi NW of end of Athens Pike, Madison Co., AL","Named as child (""CH: ... Paul, 20"") in Columbus Jones's Freedman's Savings & Trust Co. signature-register account (per Rathbun abstract) entry, acct. #29, 2 Oct 1867.","Confirm against live database row 146 (Paul Jones, 1860 U.S. Federal Census - Slave Schedules) for same-individual match.","Likely duplicate of live database row 146 (""Paul, Jones"", 1860 Slave Schedule) — EXCLUDED from this leads sheet as a probable existing match; not re-added as a new row. Retained here as a source-only note, not a new lead line.","Rathbun, Names from Huntsville, Alabama (1986/1988 abstract of NARA M816, Huntsville Freedman's Savings & Trust Co. signature registers), CamScanner 7-17-26 13.27_9.pdf, acct. #29, p. 5","This row is informational only, documenting the cross-check; see deduplication log. Do not add as a distinct new leads-sheet row given the strong likely overlap with existing row 145."
John Wesley Jones,"John Wesley (child of Columbus, residing OH)",Son of Columbus & Tomietta Jones,age 8 as of 2 Oct 1867 (b. ca. 1859); residing Ohio at time of record,"In Ohio (removed from Madison Co., AL household)","Named as child (""CH: ... John Wesley, 8, In OH"") in Columbus Jones's Freedman's Savings & Trust Co. signature-register account (per Rathbun abstract) entry, acct. #29, 2 Oct 1867.",Ohio state/county vital or census records for a John Wesley Jones b. ca. 1859; possible connection to a relocated branch of the family.,"Unverified — new lead, not found in live enslaved database or proposed-source-rows CSV. NOT the same person as ""Shandy Wesley Jones"" (live database row 78) — different given name (John Wesley vs. Shandy Wesley), different generation (b. ca. 1859 vs. b. 1816), no known relation established. Do not merge on the shared ""Wesley"" middle name alone.","Rathbun, Names from Huntsville, Alabama (1986/1988 abstract of NARA M816, Huntsville Freedman's Savings & Trust Co. signature registers), CamScanner 7-17-26 13.27_9.pdf, acct. #29, p. 5","Flagged explicitly because of the shared ""Wesley"" name element with the well-documented Shandy Wesley Jones; the two are clearly different individuals (61-year age gap) and must not be conflated."
Eveline Jones,Eveline / Evaline,Sister of Columbus Jones; wife of Lee Jones,living as of 2 Oct 1867,"Resides near Columbus, Madison Co., AL","Named as sister (""SIS: Eveline, wf/o Lee Jones"") in Columbus Jones's Freedman's Savings & Trust Co. signature-register account (per Rathbun abstract) entry, acct. #29, 2 Oct 1867.","Marriage record for Eveline & Lee Jones, Madison Co., AL; Freedman's Bank/Bureau record.","Unverified — new lead. NOT confirmed to be the same person as ""Evalina"" (age 40, 1820 emancipation act, live database row 78) or ""Evalina"" (age 3, row 79, i.e. the sister of Shandy Wesley Jones born ca. 1817) — those are a different generation (Shandy Wesley Jones's own generation, b. ca. 1817/1780) versus Columbus's sister here (Columbus b. ca. 1827, so Eveline likely b. 1820s–1830s). Spelling variant ""Eveline"" vs. ""Evelina/Evalina"" also noted. Do not merge absent direct evidence.","Rathbun, Names from Huntsville, Alabama (1986/1988 abstract of NARA M816, Huntsville Freedman's Savings & Trust Co. signature registers), CamScanner 7-17-26 13.27_9.pdf, acct. #29, p. 5","Name-collision caution: ""Evelina/Evalina"" recurs across at least two generations of this family (the 1820 emancipation act's teenage Evelina, and this Columbus-generation Eveline). Kept separate per no-merge rule; possible research question for future connection but not asserted here."
Lee Jones,Lee,Husband of Eveline (Columbus Jones's sister),living as of 2 Oct 1867,"Resides near Columbus, Madison Co., AL","Named as brother-in-law (""wf/o Lee Jones"") in Columbus Jones's Freedman's Savings & Trust Co. signature-register account (per Rathbun abstract) entry, acct. #29, 2 Oct 1867.","Marriage or Freedman's Bank/Bureau record for Lee Jones, Madison Co., AL.","Unverified — new lead. Possibly, but not confirmed, the same ""Lee, Jones"" age 46 farmer in the live database's 1860 Slave Schedule (row 156, Limestone Co., value $300) — different county (Limestone vs. Madison) noted; treat as unresolved, do not merge without further evidence.","Rathbun, Names from Huntsville, Alabama (1986/1988 abstract of NARA M816, Huntsville Freedman's Savings & Trust Co. signature registers), CamScanner 7-17-26 13.27_9.pdf, acct. #29, p. 5",Flagged possible-but-unconfirmed match to live row 156; retained as a distinct new lead pending verification rather than merged.
Queen Ann Jones,"""Queen"" Ann",Sister of Columbus Jones; wife of Wesley Clifton,living as of 2 Oct 1867,"Resides near Columbus, Madison Co., AL","Named as sister (""SIS: ... Queen Ann, wf/o Wesley Clifton"") in Columbus Jones's Freedman's Savings & Trust Co. signature-register account (per Rathbun abstract) entry, acct. #29, 2 Oct 1867.","Marriage record for Queen Ann Jones & Wesley Clifton, Madison Co., AL.","Likely duplicate of live database row 142 (""'Queen' Ann, Jones"") — EXCLUDED from this leads sheet as an existing match; the new detail (husband ""Wesley Clifton"") is noted here as a source-only addendum, not a new leads-sheet row.","Rathbun, Names from Huntsville, Alabama (1986/1988 abstract of NARA M816, Huntsville Freedman's Savings & Trust Co. signature registers), CamScanner 7-17-26 13.27_9.pdf, acct. #29, p. 5","Informational only — the husband's name ""Wesley Clifton"" is new information not present in the live row 141 notes; flagged for potential enrichment of the existing live row rather than creation of a duplicate new row."
Wesley Clifton,Wesley,Husband of Queen Ann Jones (Columbus Jones's sister),living as of 2 Oct 1867,"Resides near Columbus, Madison Co., AL","Named as brother-in-law (""wf/o Wesley Clifton"") in Columbus Jones's Freedman's Savings & Trust Co. signature-register account (per Rathbun abstract) entry, acct. #29, 2 Oct 1867.","Marriage or Freedman's Bank/Bureau record for Wesley Clifton, Madison Co., AL.","Unverified — new lead, not found in live enslaved database or proposed-source-rows CSV.","Rathbun, Names from Huntsville, Alabama (1986/1988 abstract of NARA M816, Huntsville Freedman's Savings & Trust Co. signature registers), CamScanner 7-17-26 13.27_9.pdf, acct. #29, p. 5"
Mary Lee Jones,Mary Lee,Sister of Columbus Jones; wife of John Mitchell,living as of 2 Oct 1867,"Resides near Columbus, Madison Co., AL","Named as sister (""SIS: ... Mary Lee, wf/o John Mitchell"") in Columbus Jones's Freedman's Savings & Trust Co. signature-register account (per Rathbun abstract) entry, acct. #29, 2 Oct 1867.","Marriage record for Mary Lee Jones & John Mitchell, Madison Co., AL.","Likely duplicate of live database row 145 (""Mary Lee, Jones"") — EXCLUDED from this leads sheet as an existing match; the new detail (husband ""John Mitchell"") is noted here as a source-only addendum, not a new leads-sheet row.","Rathbun, Names from Huntsville, Alabama (1986/1988 abstract of NARA M816, Huntsville Freedman's Savings & Trust Co. signature registers), CamScanner 7-17-26 13.27_9.pdf, acct. #29, p. 5","Informational only — husband's name ""John Mitchell"" is new information not present in live row 144's (blank) notes; flagged for potential enrichment of the existing live row."
John Mitchell,John,Husband of Mary Lee Jones (Columbus Jones's sister),living as of 2 Oct 1867,"Resides near Columbus, Madison Co., AL","Named as brother-in-law (""wf/o ... John Mitchell"") in Columbus Jones's Freedman's Savings & Trust Co. signature-register account (per Rathbun abstract) entry, acct. #29, 2 Oct 1867.","Marriage or Freedman's Bank/Bureau record for John Mitchell, Madison Co., AL.","Unverified — new lead, not found in live enslaved database or proposed-source-rows CSV.","Rathbun, Names from Huntsville, Alabama (1986/1988 abstract of NARA M816, Huntsville Freedman's Savings & Trust Co. signature registers), CamScanner 7-17-26 13.27_9.pdf, acct. #29, p. 5"
Isabella Jones,Isabella,Sister of Columbus Jones; wife of Jim Scruggs,living as of 2 Oct 1867,"7 mi from town [Huntsville], Madison Co., AL","Named as sister (""SIS: ... Isabella, wf/o Jim Scruggs, 7 mi from town"") in Columbus Jones's Freedman's Savings & Trust Co. signature-register account (per Rathbun abstract) entry, acct. #29, 2 Oct 1867.","Marriage record for Isabella Jones & Jim Scruggs, Madison Co., AL.","Likely duplicate of live database row 143 (""Isabella, Jones"") and proposed-source-rows.csv row 143 (Isabella Jones, husband's given name illegible/unconfirmed) — EXCLUDED from this leads sheet as an existing match; the register's clearer reading of the husband's given name (""Jim"" Scruggs, vs. proposed row 143's ""illegible"") is noted here as a source-only addendum.","Rathbun, Names from Huntsville, Alabama (1986/1988 abstract of NARA M816, Huntsville Freedman's Savings & Trust Co. signature registers), CamScanner 7-17-26 13.27_9.pdf, acct. #29, p. 5","Informational only — this register page gives a clearer reading (""Jim Scruggs"") than the previously flagged illegible name in proposed row 143; flagged for potential enrichment of the existing live/proposed entries, not a new row. Per the existing proposed-row-143 caution, still do not assume kinship from the Scruggs surname alone beyond this marriage."
Jim Scruggs,Jim,Husband of Isabella Jones (Columbus Jones's sister),living as of 2 Oct 1867,"7 mi from town [Huntsville], Madison Co., AL","Named as brother-in-law (""wf/o Jim Scruggs"") in Columbus Jones's Freedman's Savings & Trust Co. signature-register account (per Rathbun abstract) entry, acct. #29, 2 Oct 1867.","Marriage or Freedman's Bank/Bureau record for Jim Scruggs, Madison Co., AL.","Unverified — new lead, not found in live enslaved database or proposed-source-rows CSV. Note: a separate ""James Scruggs"" appears independently in this same register (acct. #233, p.30, file 13.27_19) as parents Ephram & Sarah Scruggs — not confirmed to be the same individual as this ""Jim Scruggs""; treat as unresolved, do not merge.","Rathbun, Names from Huntsville, Alabama (1986/1988 abstract of NARA M816, Huntsville Freedman's Savings & Trust Co. signature registers), CamScanner 7-17-26 13.27_9.pdf, acct. #29, p. 5","Name-collision caution: ""Jim/James Scruggs"" could refer to more than one person in this register; kept as separate unresolved leads (see also James Scruggs, acct. #233, this sheet)."
Elizabeth Jones (wife of Jerry McCauley),Elizabeth,Sister of Columbus Jones; wife of Jerry McCauley,living as of 2 Oct 1867,"3 mi N [of Huntsville], Madison Co., AL","Named as sister (""SIS: ... Elizabeth, wf/o Jerry McCauley, 3 mi N"") in Columbus Jones's Freedman's Savings & Trust Co. signature-register account (per Rathbun abstract) entry, acct. #29, 2 Oct 1867.","Marriage record for Elizabeth Jones & Jerry McCauley, Madison Co., AL.","Unverified — new lead. NOT the same person as live database row 141 (""Elizabeth, Jones"", no other detail) or row 76 (""Elizabeth"", ""llewellen's Lover"", 1820-act matriarch) — this register explicitly lists TWO different sisters both named Elizabeth (one wf/o Jerry McCauley, one separately noted as deceased), so even within this single entry the name is not unique. Do not merge with any other Elizabeth Jones record without further evidence.","Rathbun, Names from Huntsville, Alabama (1986/1988 abstract of NARA M816, Huntsville Freedman's Savings & Trust Co. signature registers), CamScanner 7-17-26 13.27_9.pdf, acct. #29, p. 5","Name-collision caution: this single register entry itself names two different women called ""Elizabeth [Jones]"" among Columbus's sisters (this one, living, wife of Jerry McCauley; and a second, deceased — see next row). Kept as two separate leads plus distinguished from all other Elizabeth Jones entries elsewhere in the project."
Jerry McCauley,Jerry,Husband of Elizabeth Jones (Columbus Jones's sister),living as of 2 Oct 1867,"3 mi N [of Huntsville], Madison Co., AL","Named as brother-in-law (""wf/o Jerry McCauley"") in Columbus Jones's Freedman's Savings & Trust Co. signature-register account (per Rathbun abstract) entry, acct. #29, 2 Oct 1867.","Marriage or Freedman's Bank/Bureau record for Jerry McCauley, Madison Co., AL.","Unverified — new lead, not found in live enslaved database or proposed-source-rows CSV. Possible family connection to ""Gaylan McCauley"" and son ""Aleck McCauley"" named in a different, unrelated register entry on the same page (file 13.27_9, preceding entry, surname illegible/BRO-SIS list) — not confirmed, flagged only as a research question.","Rathbun, Names from Huntsville, Alabama (1986/1988 abstract of NARA M816, Huntsville Freedman's Savings & Trust Co. signature registers), CamScanner 7-17-26 13.27_9.pdf, acct. #29, p. 5"
Elizabeth Jones (deceased sister of Columbus),Elizabeth (decd.),Sister of Columbus Jones,deceased by 2 Oct 1867,"Madison Co., AL (last known)","Named as sister (""SIS: ... Elizabeth [Jones] (decd)"") in Columbus Jones's Freedman's Savings & Trust Co. signature-register account (per Rathbun abstract) entry, acct. #29, 2 Oct 1867 — listed separately from the living sister Elizabeth, wife of Jerry McCauley.","Death/probate record for an Elizabeth Jones, Madison Co., AL, d. before Oct. 1867.","Unverified — new lead. Explicitly a DIFFERENT, unresolved Elizabeth from (a) the living sister ""Elizabeth, wf/o Jerry McCauley"" named in the same entry, (b) live database row 141 ""Elizabeth, Jones,"" and (c) live database row 76 ""Elizabeth"" (1820 emancipation-act matriarch, mother of Shandy Wesley Jones) — at least four distinct ""Elizabeth Jones""/""Elizabeth"" individuals now documented across this family's records. Do not merge any of these.","Rathbun, Names from Huntsville, Alabama (1986/1988 abstract of NARA M816, Huntsville Freedman's Savings & Trust Co. signature registers), CamScanner 7-17-26 13.27_9.pdf, acct. #29, p. 5",Name-collision caution: the most name-collision-prone individual in this entire family's records. Kept fully separate from all other Elizabeth entries per the project's no-merge rule.
Shandy Jones — identity and death chronology unresolved,"Shandy (Columbus's brother, deceased by 1867)","Brother of Columbus Jones (parents: father Turner Moore, mother Eliza Jones)",Reported deceased by 2 Oct 1867; conflicts with records of a Black Shandy Jones alive in 1867 and legislator Shandy Wesley Jones alive in 1868–1870,"Madison Co., AL (last known, per Columbus Jones's household)","Named as one of three deceased brothers (""BRO: ... Wade, Shandy, David [Jones], all 3 decd"") in Columbus Jones's Freedman's Savings & Trust Co. signature-register account (per Rathbun abstract) entry, acct. #29, 2 Oct 1867.","Original Freedman’s Bank image and punctuation; 1867 voter-registration image; 1868–1870 legislative records; Mobile death register, obituary, cemetery, probate, city directories, spouse and children records; compare identity markers rather than assuming two people",CONFLICTING PRIMARY EVIDENCE — identity and death date reopened; not merged and not declared a different person,"U.S., Freedman’s Bank Records, Huntsville account of Columbus Jones, 2 Oct. 1867, Ancestry record 199984: https://www.ancestry.com/search/collections/8755/records/199984 ; Rathbun abstract, Names from Huntsville, Alabama, acct. 29, p. 5","The account identifies Columbus’s parents as Turner Moore and Eliza Jones and reports brothers Wade, Shandy, and David as dead, but the exact punctuation and scope of the death notation require inspection of the original. The user has specifically questioned the accepted Shandy death date. Do not use 1886 versus 1867 alone to force a two-person conclusion; test voter, legislative, Mobile, family, and death records together."
Linzey Jones,Linzey,"Son of Nathan & Sallie Jones; brother of a ""Columbus [Jones]"" (unresolved, likely different Columbus)",age 13 as of 23 Aug 1869 (b. ca. 1856),"Huntsville, Madison Co., AL (birthplace Georgia)","Register entry (""JONES Linzey ns; 41; 327; 23 Aug 1869; age 13; yellow""), parents father Nathan, mother Sallie Jones, brother Columbus [Jones], sister Louisa Jones.","Freedman's Bank/Bureau or census record for Linzey Jones, Nathan Jones, and Sallie Jones, Madison Co., AL.","Unverified — new lead, not found in live enslaved database or proposed-source-rows CSV.","Rathbun, Names from Huntsville, Alabama (1986/1988 abstract of NARA M816, Huntsville Freedman's Savings & Trust Co. signature registers), CamScanner 7-17-26 13.27_14.pdf, acct. #327, p. 41","Names a brother ""Columbus [Jones]"" — explicitly flagged as an UNRESOLVED, likely DIFFERENT Columbus from acct. #29's Columbus Jones (whose parents are Turner Moore & Eliza Jones, not Nathan & Sallie). Do not merge these two Columbus Joneses."
Louisa Jones,Louisa,Sister of Linzey Jones; daughter of Nathan & Sallie Jones,living as of 23 Aug 1869,"Huntsville, Madison Co., AL","Named as sister (""SIS, 1: Louisa Jones"") in Linzey Jones's Freedman's Savings & Trust Co. signature-register account (per Rathbun abstract) entry, acct. #327, 23 Aug 1869.","Freedman's Bank/Bureau or census record for Louisa Jones, Madison Co., AL.","Unverified — new lead, not found in live enslaved database or proposed-source-rows CSV.","Rathbun, Names from Huntsville, Alabama (1986/1988 abstract of NARA M816, Huntsville Freedman's Savings & Trust Co. signature registers), CamScanner 7-17-26 13.27_14.pdf, acct. #327, p. 41"
Nathan Jones,Nathan,"Father of Linzey, Columbus (unresolved), and Louisa Jones","living or deceased status not stated, as of 23 Aug 1869","Madison Co., AL (household of record)","Named as father (""PAR: fa Nathan"") in Linzey Jones's Freedman's Savings & Trust Co. signature-register account (per Rathbun abstract) entry, acct. #327, 23 Aug 1869.","Freedman's Bank/Bureau or census record for Nathan Jones, Madison Co., AL.","Unverified — new lead, not found in live enslaved database or proposed-source-rows CSV.","Rathbun, Names from Huntsville, Alabama (1986/1988 abstract of NARA M816, Huntsville Freedman's Savings & Trust Co. signature registers), CamScanner 7-17-26 13.27_14.pdf, acct. #327, p. 41"
Sallie Jones,Salle/Sallie,"Mother of Linzey, Columbus (unresolved), and Louisa Jones","living or deceased status not stated, as of 23 Aug 1869","Madison Co., AL (household of record)","Named as mother (""mo Salle (Jones)"") in Linzey Jones's Freedman's Savings & Trust Co. signature-register account (per Rathbun abstract) entry, acct. #327, 23 Aug 1869.","Freedman's Bank/Bureau or census record for Sallie Jones, Madison Co., AL.","Unverified — new lead, not found in live enslaved database or proposed-source-rows CSV.","Rathbun, Names from Huntsville, Alabama (1986/1988 abstract of NARA M816, Huntsville Freedman's Savings & Trust Co. signature registers), CamScanner 7-17-26 13.27_14.pdf, acct. #327, p. 41"
Lucion Jones,Lucion,Son of Rolley Jones & Gilley Jones,acct. dated 12 Jun 1868,"Brickle (residence), Madison Co., AL","Register entry (""JONES Lucion sg; 15; 112; 12 Jun 1868; black""), parents father Rolley Jones (living), mother Gilley Jones; occupation porter; brothers William, John Henry, Daniel B, Washington Jones (all res. Madison Co.); sister Lucy Jones (res. Madison Co.).","Freedman's Bank/Bureau or census record for Lucion Jones and siblings, Madison Co., AL.","Unverified — new lead, not found in live enslaved database or proposed-source-rows CSV.","Rathbun, Names from Huntsville, Alabama (1986/1988 abstract of NARA M816, Huntsville Freedman's Savings & Trust Co. signature registers), CamScanner 7-17-26 13.27_6.pdf / _16.pdf (duplicate scan), acct. #112, p. 15",Entry appears identically on two duplicate-scanned pages (files 13.27_6.pdf and 13.27_16.pdf) of the same underlying register page; counted once.
Rolley Jones,Rolley,Father of Lucion Jones,living as of 12 Jun 1868,"Madison Co., AL","Named as father (""fa Rolley Jones, living"") in Lucion Jones's Freedman's Savings & Trust Co. signature-register account (per Rathbun abstract) entry, acct. #112, 12 Jun 1868.","Freedman's Bank/Bureau or census record for Rolley Jones, Madison Co., AL.","Unverified — new lead, not found in live enslaved database or proposed-source-rows CSV.","Rathbun, Names from Huntsville, Alabama (1986/1988 abstract of NARA M816, Huntsville Freedman's Savings & Trust Co. signature registers), CamScanner 7-17-26 13.27_6.pdf / _16.pdf (duplicate scan), acct. #112, p. 15"
Gilley Jones,Gilley,Mother of Lucion Jones,"status not stated, as of 12 Jun 1868","Madison Co., AL","Named as mother (""mo Gilley Jones"") in Lucion Jones's Freedman's Savings & Trust Co. signature-register account (per Rathbun abstract) entry, acct. #112, 12 Jun 1868.","Freedman's Bank/Bureau or census record for Gilley Jones, Madison Co., AL.","Unverified — new lead, not found in live enslaved database or proposed-source-rows CSV.","Rathbun, Names from Huntsville, Alabama (1986/1988 abstract of NARA M816, Huntsville Freedman's Savings & Trust Co. signature registers), CamScanner 7-17-26 13.27_6.pdf / _16.pdf (duplicate scan), acct. #112, p. 15"
William Jones,William (brother of Lucion),Brother of Lucion Jones,"resides Madison Co., AL, as of 12 Jun 1868","Madison Co., AL","Named as brother (""BRO: William, John Henry, Daniel B, Washington [Jones]"") in Lucion Jones's Freedman's Savings & Trust Co. signature-register account (per Rathbun abstract) entry, acct. #112, 12 Jun 1868.","Freedman's Bank/Bureau or census record for William Jones, Madison Co., AL.","Unverified — new lead. Common given name; NOT confirmed to be the same as any other ""William Jones"" elsewhere in the project's records. Do not merge.","Rathbun, Names from Huntsville, Alabama (1986/1988 abstract of NARA M816, Huntsville Freedman's Savings & Trust Co. signature registers), CamScanner 7-17-26 13.27_6.pdf / _16.pdf (duplicate scan), acct. #112, p. 15","Name-collision caution: ""William Jones"" is a common name; kept unresolved/separate from any other William Jones entries."
John Henry Jones,John Henry,Brother of Lucion Jones,"resides Madison Co., AL, as of 12 Jun 1868","Madison Co., AL","Named as brother in Lucion Jones's Freedman's Savings & Trust Co. signature-register account (per Rathbun abstract) entry, acct. #112, 12 Jun 1868.","Freedman's Bank/Bureau or census record for John Henry Jones, Madison Co., AL.","Unverified — new lead, not found in live enslaved database or proposed-source-rows CSV.","Rathbun, Names from Huntsville, Alabama (1986/1988 abstract of NARA M816, Huntsville Freedman's Savings & Trust Co. signature registers), CamScanner 7-17-26 13.27_6.pdf / _16.pdf (duplicate scan), acct. #112, p. 15"
Daniel B Jones,Daniel B,Brother of Lucion Jones,"resides Madison Co., AL, as of 12 Jun 1868","Madison Co., AL","Named as brother in Lucion Jones's Freedman's Savings & Trust Co. signature-register account (per Rathbun abstract) entry, acct. #112, 12 Jun 1868.","Freedman's Bank/Bureau or census record for Daniel B Jones, Madison Co., AL.","Unverified — new lead, not found in live enslaved database or proposed-source-rows CSV.","Rathbun, Names from Huntsville, Alabama (1986/1988 abstract of NARA M816, Huntsville Freedman's Savings & Trust Co. signature registers), CamScanner 7-17-26 13.27_6.pdf / _16.pdf (duplicate scan), acct. #112, p. 15"
Washington Jones,Washington,Brother of Lucion Jones,"resides Madison Co., AL, as of 12 Jun 1868","Madison Co., AL","Named as brother in Lucion Jones's Freedman's Savings & Trust Co. signature-register account (per Rathbun abstract) entry, acct. #112, 12 Jun 1868.","Freedman's Bank/Bureau or census record for Washington Jones, Madison Co., AL.","Unverified — new lead, not found in live enslaved database or proposed-source-rows CSV.","Rathbun, Names from Huntsville, Alabama (1986/1988 abstract of NARA M816, Huntsville Freedman's Savings & Trust Co. signature registers), CamScanner 7-17-26 13.27_6.pdf / _16.pdf (duplicate scan), acct. #112, p. 15"
Lucy Jones,Lucy (sister of Lucion),Sister of Lucion Jones,"resides Madison Co., AL, as of 12 Jun 1868","Madison Co., AL","Named as sister (""SIS: Lucy [Jones], res Madison Co AL"") in Lucion Jones's Freedman's Savings & Trust Co. signature-register account (per Rathbun abstract) entry, acct. #112, 12 Jun 1868.","Freedman's Bank/Bureau or census record for Lucy Jones, Madison Co., AL.","Unverified — new lead. Common given name; NOT confirmed to be the same as ""Lucy"" (live database row 100, 1841 Deed of Gift) or ""Lucy Strong"" (live database row 77, Shandy Wesley Jones's wife) or ""Lucy Ann Jones"" (row 147). Do not merge.","Rathbun, Names from Huntsville, Alabama (1986/1988 abstract of NARA M816, Huntsville Freedman's Savings & Trust Co. signature registers), CamScanner 7-17-26 13.27_6.pdf / _16.pdf (duplicate scan), acct. #112, p. 15","Name-collision caution: at least three other ""Lucy""-named individuals already exist in the project's live/proposed data; this one kept fully separate."
Rev. Hampton Jones,Hampton,Preacher; husband of Maria Louisa Jones,acct. dated 16 Apr 1868,"3 mi from Huntsville, Madison Co., AL (McDanel plantation)","Register entry (""JONES Rev Hampton gs; 13; 99; 16 Apr 1868; yellow""), father deceased, mother living (unnamed), spouse Maria Louisa Jones, children Jery, Cemey, Siler, Jim, Mary Jones and stepson Jim Hunley (Maria's son); occupation farmer and preacher, McDanel plantation; birthplace North Carolina.","Freedman's Bank/Bureau or church record for Rev. Hampton Jones, Madison Co., AL.","Unverified — new lead, not found in live enslaved database or proposed-source-rows CSV.","Rathbun, Names from Huntsville, Alabama (1986/1988 abstract of NARA M816, Huntsville Freedman's Savings & Trust Co. signature registers), CamScanner 7-17-26 13.27_7.pdf, acct. #99, p. 13"
Maria Louisa Jones,Maria Louisa,Wife of Rev. Hampton Jones,living as of 16 Apr 1868,"3 mi from Huntsville, Madison Co., AL","Named as spouse (""SPOUSE: Marla Loulsia Jones"" [OCR garble for Maria Louisa]) in Rev. Hampton Jones's Freedman's Savings & Trust Co. signature-register account (per Rathbun abstract) entry, acct. #99, 16 Apr 1868.","Freedman's Bank/Bureau or church record for Maria Louisa Jones, Madison Co., AL.","Unverified — new lead, not found in live enslaved database or proposed-source-rows CSV.","Rathbun, Names from Huntsville, Alabama (1986/1988 abstract of NARA M816, Huntsville Freedman's Savings & Trust Co. signature registers), CamScanner 7-17-26 13.27_7.pdf, acct. #99, p. 13"
Woodson Jones,Woodson,Son of David Jones (deceased) & Mahala Jones,age 22 as of 24 Dec 1867 (b. ca. 1845),"Trianna, AL (birthplace); Huntsville, AL / transferred from Memphis, TN (residence)","Register entry (""JONES Woodson sx; 11; 78; 24 Dec 1867; age 22; brown""), father David Jones (deceased, Trianna), mother Mahala Jones (res. Huntsville), occupation cook at Washington House, Memphis; sisters Ellon, Emily Mae, Adeline Jones (all res. Huntsville).","Freedman's Bank/Bureau or census record for Woodson Jones, David Jones, and Mahala Jones, Madison Co., AL / Trianna, AL.","Unverified — new lead, not found in live enslaved database or proposed-source-rows CSV.","Rathbun, Names from Huntsville, Alabama (1986/1988 abstract of NARA M816, Huntsville Freedman's Savings & Trust Co. signature registers), CamScanner 7-17-26 13.27_11.pdf / _15.pdf (duplicate scan), acct. #78, p. 11",Entry appears identically on two duplicate-scanned pages (files 13.27_11.pdf and 13.27_15.pdf) of the same underlying register page; counted once.
David Jones (father of Woodson),David,"Father of Woodson, Ellon, Emily Mae, and Adeline Jones",deceased by 24 Dec 1867,"Trianna, AL","Named as father (""fa David [Jones], d Trianna"") in Woodson Jones's Freedman's Savings & Trust Co. signature-register account (per Rathbun abstract) entry, acct. #78, 24 Dec 1867.","Death record for David Jones, Trianna, AL.","Unverified — new lead. NOT confirmed to be the same ""David Jones"" as live database row 139 (David Jones, deceased brother of Columbus Jones, per acct. #29) — different parents/family context; treat as unresolved, do not merge.","Rathbun, Names from Huntsville, Alabama (1986/1988 abstract of NARA M816, Huntsville Freedman's Savings & Trust Co. signature registers), CamScanner 7-17-26 13.27_11.pdf / _15.pdf (duplicate scan), acct. #78, p. 11","Name-collision caution: a second, distinct ""David Jones"" already exists in the live database (row 138, Columbus Jones's deceased brother) — this Trianna-based David Jones (Woodson's father) is kept separate per no-merge rule."
Mahala Jones,Mahala,"Mother of Woodson, Ellon, Emily Mae, and Adeline Jones","resides Huntsville, AL, as of 24 Dec 1867","Huntsville, AL","Named as mother (""mo Mahala (Jones], res Huntsville"") in Woodson Jones's Freedman's Savings & Trust Co. signature-register account (per Rathbun abstract) entry, acct. #78, 24 Dec 1867.","Freedman's Bank/Bureau or census record for Mahala Jones, Huntsville, AL.","Unverified — new lead, not found in live enslaved database or proposed-source-rows CSV.","Rathbun, Names from Huntsville, Alabama (1986/1988 abstract of NARA M816, Huntsville Freedman's Savings & Trust Co. signature registers), CamScanner 7-17-26 13.27_11.pdf / _15.pdf (duplicate scan), acct. #78, p. 11"
Ellon Jones,Ellon,Sister of Woodson Jones,"resides Huntsville, AL, as of 24 Dec 1867","Huntsville, AL","Named as sister in Woodson Jones's Freedman's Savings & Trust Co. signature-register account (per Rathbun abstract) entry, acct. #78, 24 Dec 1867.","Freedman's Bank/Bureau or census record for Ellon Jones, Huntsville, AL.","Unverified — new lead, not found in live enslaved database or proposed-source-rows CSV.","Rathbun, Names from Huntsville, Alabama (1986/1988 abstract of NARA M816, Huntsville Freedman's Savings & Trust Co. signature registers), CamScanner 7-17-26 13.27_11.pdf / _15.pdf (duplicate scan), acct. #78, p. 11"
Emily Mae Jones,Emily Mae,Sister of Woodson Jones,"resides Huntsville, AL, as of 24 Dec 1867","Huntsville, AL","Named as sister in Woodson Jones's Freedman's Savings & Trust Co. signature-register account (per Rathbun abstract) entry, acct. #78, 24 Dec 1867.","Freedman's Bank/Bureau or census record for Emily Mae Jones, Huntsville, AL.","Unverified — new lead. NOT confirmed to be the same as ""Emily"" (live database row 125, 1856 Talbot Co., GA sheriff's sale, age 12 in 1856) — different context/date; do not merge.","Rathbun, Names from Huntsville, Alabama (1986/1988 abstract of NARA M816, Huntsville Freedman's Savings & Trust Co. signature registers), CamScanner 7-17-26 13.27_11.pdf / _15.pdf (duplicate scan), acct. #78, p. 11","Name-collision caution kept separate from live row 124's ""Emily."""
Adeline Jones,Adeline,Sister of Woodson Jones,"resides Huntsville, AL, as of 24 Dec 1867","Huntsville, AL","Named as sister in Woodson Jones's Freedman's Savings & Trust Co. signature-register account (per Rathbun abstract) entry, acct. #78, 24 Dec 1867.","Freedman's Bank/Bureau or census record for Adeline Jones, Huntsville, AL.","Unverified — new lead. NOT confirmed to be the same as ""Adaline"" (live database row 127, 1856 Talbot Co., GA sheriff's sale) or the ""Adeline Jones"" co-residing with Columbus Jones in the 1860 Tuscaloosa census (per proposed-source-rows.csv row 132) — different contexts; treat as unresolved, do not merge.","Rathbun, Names from Huntsville, Alabama (1986/1988 abstract of NARA M816, Huntsville Freedman's Savings & Trust Co. signature registers), CamScanner 7-17-26 13.27_11.pdf / _15.pdf (duplicate scan), acct. #78, p. 11","Name-collision caution: at least two other ""Adeline/Adaline"" individuals already exist in the project's live/proposed data; kept separate."
Levent Jones,Levent,Son of Gordon & Malinda Jones,age 27 as of 12 Nov 1868 (b. ca. 1841),"3½ mi from Huntsville, AL (Alick Jones plantation)","Register entry (""JONES Levent ns; 23; 179; 12 Nov 1868; age 27; black""), father Gordon, mother Malinda Jones, spouse Sarah Jones, two deceased children Alexander & William Gordon Jones, occupation farmer at Alick Jones's plantation; brother William Jones; USCT service, 12th Regt, Co D.","Freedman's Bank/Bureau, census, or USCT service record for Levent Jones, Madison Co., AL.","Unverified — new lead, not found in live enslaved database or proposed-source-rows CSV. Notably enslaved on ""Alick Jones"" plantation — possibly Alexander Pinckney Jones (""APJ""), the Avalon-adjacent enslaver family central to this research; flagged as a high-priority research connection, not yet confirmed.","Rathbun, Names from Huntsville, Alabama (1986/1988 abstract of NARA M816, Huntsville Freedman's Savings & Trust Co. signature registers), CamScanner 7-17-26 13.27_10.pdf / _18.pdf (duplicate scan), acct. #179, p. 23","Entry appears identically on two duplicate-scanned pages (files 13.27_10.pdf and 13.27_18.pdf); counted once. ""Alick Jones plant"" here may refer to Alexander Pinckney (APJ) Jones's plantation — a potentially significant direct link to the Avalon/APJ Jones research subject; recommend priority follow-up."
Gordon Jones,Gordon,Father of Levent Jones,"status not stated, as of 12 Nov 1868","Madison Co., AL","Named as father (""fa Gordon"") in Levent Jones's Freedman's Savings & Trust Co. signature-register account (per Rathbun abstract) entry, acct. #179, 12 Nov 1868.","Freedman's Bank/Bureau or census record for Gordon Jones, Madison Co., AL.","Unverified — new lead, not found in live enslaved database or proposed-source-rows CSV.","Rathbun, Names from Huntsville, Alabama (1986/1988 abstract of NARA M816, Huntsville Freedman's Savings & Trust Co. signature registers), CamScanner 7-17-26 13.27_10.pdf / _18.pdf (duplicate scan), acct. #179, p. 23"
Malinda Jones,Malinda,Mother of Levent Jones,"status not stated, as of 12 Nov 1868","Madison Co., AL","Named as mother (""mo Malinda [Jones]"") in Levent Jones's Freedman's Savings & Trust Co. signature-register account (per Rathbun abstract) entry, acct. #179, 12 Nov 1868.","Freedman's Bank/Bureau or census record for Malinda Jones, Madison Co., AL.","Unverified — new lead, not found in live enslaved database or proposed-source-rows CSV.","Rathbun, Names from Huntsville, Alabama (1986/1988 abstract of NARA M816, Huntsville Freedman's Savings & Trust Co. signature registers), CamScanner 7-17-26 13.27_10.pdf / _18.pdf (duplicate scan), acct. #179, p. 23"
Sarah Jones (wife of Levent),Sarah,Wife of Levent Jones,married by 12 Nov 1868,"3½ mi from Huntsville, AL","Named as spouse (""SPOUSE: Sarah Jones"") in Levent Jones's Freedman's Savings & Trust Co. signature-register account (per Rathbun abstract) entry, acct. #179, 12 Nov 1868.","Marriage or Freedman's Bank/Bureau record for Sarah Jones, Madison Co., AL.","Unverified — new lead. Common given name; NOT confirmed to be the same as any other ""Sarah Jones"" in the project's records (e.g., wife of Micle Turner, a different family, same register file 13.27_10). Do not merge.","Rathbun, Names from Huntsville, Alabama (1986/1988 abstract of NARA M816, Huntsville Freedman's Savings & Trust Co. signature registers), CamScanner 7-17-26 13.27_10.pdf / _18.pdf (duplicate scan), acct. #179, p. 23",Name-collision caution: kept separate from any other same-named Sarah Jones entries.
"Alexander Jones (child of Levent, deceased)",Alexander,Deceased son of Levent Jones,deceased by 12 Nov 1868,"3½ mi from Huntsville, AL","Named as deceased child (""CHIL: (2, decd) Alexander, William Gordon [Jones]"") in Levent Jones's Freedman's Savings & Trust Co. signature-register account (per Rathbun abstract) entry, acct. #179, 12 Nov 1868.","Death record for Alexander Jones, Madison Co., AL.","Unverified — new lead, not found in live enslaved database or proposed-source-rows CSV.","Rathbun, Names from Huntsville, Alabama (1986/1988 abstract of NARA M816, Huntsville Freedman's Savings & Trust Co. signature registers), CamScanner 7-17-26 13.27_10.pdf / _18.pdf (duplicate scan), acct. #179, p. 23"
"William Gordon Jones (child of Levent, deceased)",William Gordon,Deceased son of Levent Jones,deceased by 12 Nov 1868,"3½ mi from Huntsville, AL","Named as deceased child (""CHIL: (2, decd) Alexander, William Gordon [Jones]"") in Levent Jones's Freedman's Savings & Trust Co. signature-register account (per Rathbun abstract) entry, acct. #179, 12 Nov 1868.","Death record for William Gordon Jones, Madison Co., AL.","Unverified — new lead, not found in live enslaved database or proposed-source-rows CSV.","Rathbun, Names from Huntsville, Alabama (1986/1988 abstract of NARA M816, Huntsville Freedman's Savings & Trust Co. signature registers), CamScanner 7-17-26 13.27_10.pdf / _18.pdf (duplicate scan), acct. #179, p. 23"
William Jones (brother of Levent),William,Brother of Levent Jones,"status not stated, as of 12 Nov 1868","Madison Co., AL","Named as brother (""BRO: (1) William Jones"") in Levent Jones's Freedman's Savings & Trust Co. signature-register account (per Rathbun abstract) entry, acct. #179, 12 Nov 1868.","Freedman's Bank/Bureau or census record for William Jones, Madison Co., AL.","Unverified — new lead. Common given name; NOT confirmed to be the same as the ""William Jones"" named as Lucion Jones's brother (acct. #112) or any other William Jones in the project. Do not merge.","Rathbun, Names from Huntsville, Alabama (1986/1988 abstract of NARA M816, Huntsville Freedman's Savings & Trust Co. signature registers), CamScanner 7-17-26 13.27_10.pdf / _18.pdf (duplicate scan), acct. #179, p. 23","Name-collision caution: at least one other ""William Jones"" (Lucion's brother, acct. #112) appears in this same register; kept separate absent evidence of identity."
John W Jones,John W,Son of Abner & Kitty Jones; widower of Sophronia Jones,age ca. 47 as of 15 Mar 1869,"Greenbottom Inn, Madison Co., AL (birthplace); near Huntsville (residence)","Register entry (""JONES John W ns; 30; 234; 15 Mar 1869; age 47?; yellow""), father Abner, mother Kitty Jones, wife Sophronia Jones (deceased), children Joe & Jessee Jones, occupation carpenter; brother Jim Jones; sister Mary Jones (resides with him).","Freedman's Bank/Bureau or census record for John W Jones, Madison Co., AL.","Unverified — new lead, not found in live enslaved database or proposed-source-rows CSV. Possible connection to ""Kity/Kitty Jones"" (acct. #339, this same register, this sheet) as same mother — not confirmed, flagged as a research question given the shared name and Huntsville-area location.","Rathbun, Names from Huntsville, Alabama (1986/1988 abstract of NARA M816, Huntsville Freedman's Savings & Trust Co. signature registers), CamScanner 7-17-26 13.27_19.pdf, acct. #234, p. 30","Possible mother-match to ""Kity Jones"" acct. #339 (this sheet) flagged as an open research question, not asserted as fact."
Abner Jones,Abner,Father of John W Jones,"status not stated, as of 15 Mar 1869","Greenbottom Inn, Madison Co., AL","Named as father (""fa Abner"") in John W Jones's Freedman's Savings & Trust Co. signature-register account (per Rathbun abstract) entry, acct. #234, 15 Mar 1869.","Freedman's Bank/Bureau or census record for Abner Jones, Madison Co., AL.","Unverified — new lead, not found in live enslaved database or proposed-source-rows CSV.","Rathbun, Names from Huntsville, Alabama (1986/1988 abstract of NARA M816, Huntsville Freedman's Savings & Trust Co. signature registers), CamScanner 7-17-26 13.27_19.pdf, acct. #234, p. 30"
Kitty Jones (mother of John W),Kitty,Mother of John W Jones,"status not stated, as of 15 Mar 1869","Greenbottom Inn, Madison Co., AL","Named as mother (""mo Kitty (Jones)"") in John W Jones's Freedman's Savings & Trust Co. signature-register account (per Rathbun abstract) entry, acct. #234, 15 Mar 1869.","Freedman's Bank/Bureau or census record for Kitty Jones, Madison Co., AL.","Unverified — new lead. Possibly, but not confirmed, the same person as ""Kity Jones"" (acct. #339, age 75 in 1869, this sheet) — shared name and era make this plausible but unproven; do not merge without further evidence.","Rathbun, Names from Huntsville, Alabama (1986/1988 abstract of NARA M816, Huntsville Freedman's Savings & Trust Co. signature registers), CamScanner 7-17-26 13.27_19.pdf, acct. #234, p. 30","Name-collision caution: flagged as a possible-but-unconfirmed match to the separate ""Kity Jones"" register entry (acct. #339); kept as two separate leads."
Sophronia Jones,Sophronia,Deceased wife of John W Jones,deceased by 15 Mar 1869,"near Huntsville, Madison Co., AL","Named as spouse, deceased (""WIFE: Sophronia [Jones], decd"") in John W Jones's Freedman's Savings & Trust Co. signature-register account (per Rathbun abstract) entry, acct. #234, 15 Mar 1869.","Death record for Sophronia Jones, Madison Co., AL.","Unverified — new lead, not found in live enslaved database or proposed-source-rows CSV.","Rathbun, Names from Huntsville, Alabama (1986/1988 abstract of NARA M816, Huntsville Freedman's Savings & Trust Co. signature registers), CamScanner 7-17-26 13.27_19.pdf, acct. #234, p. 30"
Joe Jones,Joe,Son of John W Jones,"status not stated, as of 15 Mar 1869","near Huntsville, Madison Co., AL","Named as child (""CHIL: (2) Joe, Jessee [Jones]"") in John W Jones's Freedman's Savings & Trust Co. signature-register account (per Rathbun abstract) entry, acct. #234, 15 Mar 1869.","Freedman's Bank/Bureau or census record for Joe Jones, Madison Co., AL.","Unverified — new lead, not found in live enslaved database or proposed-source-rows CSV.","Rathbun, Names from Huntsville, Alabama (1986/1988 abstract of NARA M816, Huntsville Freedman's Savings & Trust Co. signature registers), CamScanner 7-17-26 13.27_19.pdf, acct. #234, p. 30"
Jessee Jones,Jessee,Son of John W Jones,"status not stated, as of 15 Mar 1869","near Huntsville, Madison Co., AL","Named as child (""CHIL: (2) Joe, Jessee [Jones]"") in John W Jones's Freedman's Savings & Trust Co. signature-register account (per Rathbun abstract) entry, acct. #234, 15 Mar 1869.","Freedman's Bank/Bureau or census record for Jessee Jones, Madison Co., AL.","Unverified — new lead, not found in live enslaved database or proposed-source-rows CSV.","Rathbun, Names from Huntsville, Alabama (1986/1988 abstract of NARA M816, Huntsville Freedman's Savings & Trust Co. signature registers), CamScanner 7-17-26 13.27_19.pdf, acct. #234, p. 30"
Jim Jones (brother of John W),Jim,Brother of John W Jones,"status not stated, as of 15 Mar 1869","Madison Co., AL","Named as brother (""BRO: (1) Jim (Jones)"") in John W Jones's Freedman's Savings & Trust Co. signature-register account (per Rathbun abstract) entry, acct. #234, 15 Mar 1869.","Freedman's Bank/Bureau or census record for Jim Jones, Madison Co., AL.","Unverified — new lead. Common given name; possibly, but not confirmed, related to ""Jim Scruggs"" (husband of Isabella Jones, this sheet) only by proximity of record — not asserted, do not merge.","Rathbun, Names from Huntsville, Alabama (1986/1988 abstract of NARA M816, Huntsville Freedman's Savings & Trust Co. signature registers), CamScanner 7-17-26 13.27_19.pdf, acct. #234, p. 30","Name-collision caution: common given name ""Jim""; kept separate from other Jim-named individuals in this register absent direct evidence."
Mary Jones (sister of John W),Mary,Sister of John W Jones,"resides with John W Jones, as of 15 Mar 1869","near Huntsville, Madison Co., AL","Named as sister (""SIS: (1) Mary [Jones], res w me"") in John W Jones's Freedman's Savings & Trust Co. signature-register account (per Rathbun abstract) entry, acct. #234, 15 Mar 1869.","Freedman's Bank/Bureau or census record for Mary Jones, Madison Co., AL.","Unverified — new lead. Common given name; NOT confirmed to be the same as ""Mary, Jones"" (live database row 107, 1812–1865, cemetery survey) or ""Mary Gibson"" (row 100) or any other Mary Jones in the project. Do not merge.","Rathbun, Names from Huntsville, Alabama (1986/1988 abstract of NARA M816, Huntsville Freedman's Savings & Trust Co. signature registers), CamScanner 7-17-26 13.27_19.pdf, acct. #234, p. 30","Name-collision caution: at least two other ""Mary Jones"" entries exist in the project's live data; kept separate."
Kity Jones,Kity/Kitty,Midwife; mother unnamed given name Teaner,age 75 as of 16 Sep 1869 (b. ca. 1794),"Huntsville, Madison Co., AL","Register entry (""JONES Kity ns; 42; 339; 16 Sep 1869; age 75; yellow""), mother Teaner, husband deceased, three living children Wesley, James, Mary Jones, birthplace Virginia, occupation midwife.","Freedman's Bank/Bureau or census record for Kity Jones, Huntsville, AL.","Unverified — new lead. Possibly, but not confirmed, the same person as ""Kitty Jones"" named as John W Jones's mother (acct. #234, this sheet) — flagged as an open research question, not merged.","Rathbun, Names from Huntsville, Alabama (1986/1988 abstract of NARA M816, Huntsville Freedman's Savings & Trust Co. signature registers), CamScanner 7-17-26 13.27_21.pdf, acct. #339, p. 42","Name-collision caution: see cross-reference note on ""Kitty Jones (mother of John W)"" row, this sheet; kept as two separate leads pending further evidence."
Wesley Jones (son of Kity),Wesley,Son of Kity Jones,living as of 16 Sep 1869,"Huntsville, Madison Co., AL","Named as child (""CH, 3 living: Wesley, James, Mary [Jones]"") in Kity Jones's Freedman's Savings & Trust Co. signature-register account (per Rathbun abstract) entry, acct. #339, 16 Sep 1869.","Freedman's Bank/Bureau or census record for Wesley Jones, Huntsville, AL.","Unverified — new lead. NOT confirmed to be, and given the age/generation gap almost certainly NOT, the same person as ""Shandy Wesley Jones"" (live database row 78) — different given name structure and no stated connection to mother Elizabeth/1820 emancipation act. Do not merge on the shared ""Wesley"" name element alone.","Rathbun, Names from Huntsville, Alabama (1986/1988 abstract of NARA M816, Huntsville Freedman's Savings & Trust Co. signature registers), CamScanner 7-17-26 13.27_21.pdf, acct. #339, p. 42","Flagged due to shared ""Wesley"" name element with Shandy Wesley Jones; treated as unrelated absent direct evidence."
James Jones (son of Kity),James,Son of Kity Jones,living as of 16 Sep 1869,"Huntsville, Madison Co., AL","Named as child in Kity Jones's Freedman's Savings & Trust Co. signature-register account (per Rathbun abstract) entry, acct. #339, 16 Sep 1869.","Freedman's Bank/Bureau or census record for James Jones, Huntsville, AL.","Unverified — new lead. Common given name; NOT confirmed to be the same as ""James Jones"" age 24 (live database row 155, 1860 Slave Schedule, Limestone Co.) — different county/context. Do not merge.","Rathbun, Names from Huntsville, Alabama (1986/1988 abstract of NARA M816, Huntsville Freedman's Savings & Trust Co. signature registers), CamScanner 7-17-26 13.27_21.pdf, acct. #339, p. 42",Name-collision caution: kept separate from live row 154's James Jones.
Mary Jones (daughter of Kity),Mary (daughter of Kity),Daughter of Kity Jones,living as of 16 Sep 1869,"Huntsville, Madison Co., AL","Named as child in Kity Jones's Freedman's Savings & Trust Co. signature-register account (per Rathbun abstract) entry, acct. #339, 16 Sep 1869.","Freedman's Bank/Bureau or census record for Mary Jones, Huntsville, AL.","Unverified — new lead. Common given name; NOT confirmed to be the same as any other Mary Jones already documented (see ""Mary Jones (sister of John W)"" row, this sheet, and live database row 107). Do not merge.","Rathbun, Names from Huntsville, Alabama (1986/1988 abstract of NARA M816, Huntsville Freedman's Savings & Trust Co. signature registers), CamScanner 7-17-26 13.27_21.pdf, acct. #339, p. 42",Name-collision caution: at least two other Mary Jones entries appear elsewhere in this same register/sheet; kept separate.
[Unidentified registrant] — son/daughter of Alice Jones,Unnamed (head of record not captured in OCR),Child of Alice Jones,"acct. dated on preceding, uncaptured page (context: ca. Jun 1868, adjacent to acct. #112)","near spring, Huntsville, Madison Co., AL","Truncated register entry (top of file 13.27_6.pdf/_16.pdf cuts off the registrant's own name/number); visible text: ""PAR: fa unk; mo Alice [Jones] CH: (6) Olivar, res Cincinnati; William 'Bill,' res Nashville; Charles and Burrell, res unk; Permelia, res Huntsville; baby [Jones]""; birthplace Virginia; occupation washing & ironing near a spring in Huntsville.",The preceding register page (not present in this file set) to identify the registrant's own name and register number; Freedman's Bank/Bureau or census record for Alice Jones and children.,Unverified — new lead; registrant's own identity NOT legible in the available scan. Recorded here as a family-relations lead (mother Alice Jones and named children) per the task's instruction to capture family relations even where the primary entrant's name is not legible.,"Rathbun, Names from Huntsville, Alabama (1986/1988 abstract of NARA M816, Huntsville Freedman's Savings & Trust Co. signature registers), CamScanner 7-17-26 13.27_6.pdf / _16.pdf (duplicate scan), page area preceding acct. #112, p. 15","Entry appears identically on two duplicate-scanned pages (files 13.27_6.pdf and 13.27_16.pdf); counted once. The registrant is presumably one of the six named children (Olivar, William ""Bill,"" Charles, Burrell, Permelia, or the unnamed baby) or, alternatively, is a still-uncaptured earlier line naming Alice Jones herself as registrant — not resolved from available pages."
Alice Jones,Alice,"Mother of Olivar, William ""Bill,"" Charles, Burrell, Permelia, and an unnamed baby Jones",status not stated,"Huntsville, Madison Co., AL / birthplace Virginia","Named as mother (""mo Alice [Jones]"") in the truncated register entry, files 13.27_6.pdf/_16.pdf.","Freedman's Bank/Bureau or census record for Alice Jones, Huntsville, AL.","Unverified — new lead, not found in live enslaved database or proposed-source-rows CSV.","Rathbun, Names from Huntsville, Alabama (1986/1988 abstract of NARA M816, Huntsville Freedman's Savings & Trust Co. signature registers), CamScanner 7-17-26 13.27_6.pdf / _16.pdf (duplicate scan)"
Olivar Jones,Olivar,Child of Alice Jones,"resides Cincinnati, as of record",Cincinnati (residence),"Named as child (""CH: (6) Olivar, res Cincinnati"") in the truncated register entry, files 13.27_6.pdf/_16.pdf.",Ohio (Cincinnati) records for Olivar Jones.,"Unverified — new lead, not found in live enslaved database or proposed-source-rows CSV.","Rathbun, Names from Huntsville, Alabama (1986/1988 abstract of NARA M816, Huntsville Freedman's Savings & Trust Co. signature registers), CamScanner 7-17-26 13.27_6.pdf / _16.pdf (duplicate scan)"
"William ""Bill"" Jones","William ""Bill""",Child of Alice Jones,"resides Nashville, as of record","Nashville, TN (residence)","Named as child (""William 'Bill,' res Nashville"") in the truncated register entry, files 13.27_6.pdf/_16.pdf.","Tennessee (Nashville) records for William ""Bill"" Jones.",Unverified — new lead. Common given name; NOT confirmed to be the same as any other William Jones in this register or the project. Do not merge.,"Rathbun, Names from Huntsville, Alabama (1986/1988 abstract of NARA M816, Huntsville Freedman's Savings & Trust Co. signature registers), CamScanner 7-17-26 13.27_6.pdf / _16.pdf (duplicate scan)","Name-collision caution: kept separate from other William Jones entries (Lucion's brother, acct. #112; Levent's brother, acct. #179)."
Charles Jones (child of Alice),Charles,Child of Alice Jones,"residence unknown, as of record",Unknown,"Named as child (""Charles and Burrell, res unk"") in the truncated register entry, files 13.27_6.pdf/_16.pdf.",Further record to locate Charles Jones's residence.,"Unverified — new lead, not found in live enslaved database or proposed-source-rows CSV.","Rathbun, Names from Huntsville, Alabama (1986/1988 abstract of NARA M816, Huntsville Freedman's Savings & Trust Co. signature registers), CamScanner 7-17-26 13.27_6.pdf / _16.pdf (duplicate scan)"
Burrell Jones,Burrell,Child of Alice Jones,"residence unknown, as of record",Unknown,"Named as child (""Charles and Burrell, res unk"") in the truncated register entry, files 13.27_6.pdf/_16.pdf.",Further record to locate Burrell Jones's residence.,"Unverified — new lead, not found in live enslaved database or proposed-source-rows CSV.","Rathbun, Names from Huntsville, Alabama (1986/1988 abstract of NARA M816, Huntsville Freedman's Savings & Trust Co. signature registers), CamScanner 7-17-26 13.27_6.pdf / _16.pdf (duplicate scan)"
Permelia Jones,Permelia,Child of Alice Jones,"resides Huntsville, as of record","Huntsville, Madison Co., AL","Named as child (""Permelia, res Huntsville"") in the truncated register entry, files 13.27_6.pdf/_16.pdf.","Freedman's Bank/Bureau or census record for Permelia Jones, Huntsville, AL.","Unverified — new lead, not found in live enslaved database or proposed-source-rows CSV.","Rathbun, Names from Huntsville, Alabama (1986/1988 abstract of NARA M816, Huntsville Freedman's Savings & Trust Co. signature registers), CamScanner 7-17-26 13.27_6.pdf / _16.pdf (duplicate scan)"
[Unidentified registrant] — son/daughter of Tempy Jones,Unnamed (head of record not captured in OCR),Child of Thomas Sprogen (deceased) & Tempy Jones,"acct. dated on preceding, uncaptured page (context: adjacent to acct. #78, Dec 1867)","Huntsville, Madison Co., AL","Truncated register entry (top of file 13.27_11.pdf/_15.pdf cuts off the registrant's own name/number); visible text: ""PAR: fa Thomas Sprogen, d Limestone Co 1862; mo Tempy (Jones) res w me; WIFE: Nellie Jones; CH: Jerry, King, Mary (Jones); PB: Huntsville; BRO: Anthony (Jones), last known res MS.""",The preceding register page (not present in this file set) to identify the registrant's own name and register number; Freedman's Bank/Bureau or census record for Tempy Jones and family.,Unverified — new lead; registrant's own identity NOT legible in the available scan. Recorded here per the task's instruction to capture family relations even where the primary entrant's name is not legible.,"Rathbun, Names from Huntsville, Alabama (1986/1988 abstract of NARA M816, Huntsville Freedman's Savings & Trust Co. signature registers), CamScanner 7-17-26 13.27_11.pdf / _15.pdf (duplicate scan), page area preceding acct. #78, p. 11",Entry appears identically on two duplicate-scanned pages (files 13.27_11.pdf and 13.27_15.pdf); counted once.
Tempy Jones,Tempy,Mother of the unidentified registrant; resides with him/her,"resides with registrant, as of record","Huntsville, Madison Co., AL","Named as mother (""mo Tempy (Jones) res w me"") in the truncated register entry, files 13.27_11.pdf/_15.pdf.","Freedman's Bank/Bureau or census record for Tempy Jones, Huntsville, AL.","Unverified — new lead, not found in live enslaved database or proposed-source-rows CSV.","Rathbun, Names from Huntsville, Alabama (1986/1988 abstract of NARA M816, Huntsville Freedman's Savings & Trust Co. signature registers), CamScanner 7-17-26 13.27_11.pdf / _15.pdf (duplicate scan)"
Nellie Jones,Nellie,Wife of the unidentified registrant,married by record date,"Huntsville, Madison Co., AL","Named as wife (""WIFE: Nellie Jones"") in the truncated register entry, files 13.27_11.pdf/_15.pdf.","Marriage or Freedman's Bank/Bureau record for Nellie Jones, Huntsville, AL.","Unverified — new lead, not found in live enslaved database or proposed-source-rows CSV.","Rathbun, Names from Huntsville, Alabama (1986/1988 abstract of NARA M816, Huntsville Freedman's Savings & Trust Co. signature registers), CamScanner 7-17-26 13.27_11.pdf / _15.pdf (duplicate scan)"
"Jerry Jones (child, Tempy's grandchild line)",Jerry,Child of the unidentified registrant & Nellie Jones,"status not stated, as of record","Huntsville, Madison Co., AL","Named as child (""CH: Jerry, King, Mary (Jones)"") in the truncated register entry, files 13.27_11.pdf/_15.pdf.","Freedman's Bank/Bureau or census record for Jerry Jones, Huntsville, AL.","Unverified — new lead. Common given name; NOT confirmed to be the same as ""Jerry McCauley"" (this sheet, unrelated surname) or any other Jerry in the project. Do not merge.","Rathbun, Names from Huntsville, Alabama (1986/1988 abstract of NARA M816, Huntsville Freedman's Savings & Trust Co. signature registers), CamScanner 7-17-26 13.27_11.pdf / _15.pdf (duplicate scan)","Name-collision caution: distinct from ""Jerry McCauley"" (husband of Elizabeth Jones, Columbus's sister) elsewhere on this sheet — different surname/family line."
King Jones,King,Child of the unidentified registrant & Nellie Jones,"status not stated, as of record","Huntsville, Madison Co., AL","Named as child in the truncated register entry, files 13.27_11.pdf/_15.pdf.","Freedman's Bank/Bureau or census record for King Jones, Huntsville, AL.","Unverified — new lead, not found in live enslaved database or proposed-source-rows CSV.","Rathbun, Names from Huntsville, Alabama (1986/1988 abstract of NARA M816, Huntsville Freedman's Savings & Trust Co. signature registers), CamScanner 7-17-26 13.27_11.pdf / _15.pdf (duplicate scan)"
"Mary Jones (child, Tempy's grandchild line)",Mary (child of unidentified registrant),Child of the unidentified registrant & Nellie Jones,"status not stated, as of record","Huntsville, Madison Co., AL","Named as child in the truncated register entry, files 13.27_11.pdf/_15.pdf.","Freedman's Bank/Bureau or census record for Mary Jones, Huntsville, AL.",Unverified — new lead. Common given name; NOT confirmed to be the same as any other Mary Jones on this sheet or in the live database. Do not merge.,"Rathbun, Names from Huntsville, Alabama (1986/1988 abstract of NARA M816, Huntsville Freedman's Savings & Trust Co. signature registers), CamScanner 7-17-26 13.27_11.pdf / _15.pdf (duplicate scan)",Name-collision caution: at least three other Mary Jones entries appear across this sheet; kept fully separate.
"Anthony Jones (brother, Tempy's line)",Anthony,Brother of the unidentified registrant,"last known residence Mississippi, as of record",Mississippi (last known),"Named as brother (""BRO: Anthony (Jones), last known res MS"") in the truncated register entry, files 13.27_11.pdf/_15.pdf.",Mississippi records for Anthony Jones.,"Unverified — new lead. NOT confirmed to be the same as ""Anthony, Jones"" (live database row 108, cemetery surveys) or ""Anthony"" (row 83, 1805 Deed of Gift) — different contexts/eras; do not merge.","Rathbun, Names from Huntsville, Alabama (1986/1988 abstract of NARA M816, Huntsville Freedman's Savings & Trust Co. signature registers), CamScanner 7-17-26 13.27_11.pdf / _15.pdf (duplicate scan)","Name-collision caution: kept separate from live rows 82 and 107's ""Anthony"" entries."
Cato Jones,Cator Jones in three register entries; Caton and Calor in automated OCR,Unresolved,"Application reportedly forwarded May 14, 1870; correspondence November 14, 1870, March 31, 1871, and April 10, 1871","Huntsville, Madison County, Alabama","Three Freedmen’s Bureau agent entries concerning a discharge, signed vouchers, payment checks, and a military claim; April entry identifies Company H, 111th U.S.C.I.","Original discharge; May 14, 1870 application; voucher and claim packet; Company H, 111th U.S.C.I. compiled military service record; pension index and file; 1870 census; Freedmen’s Bank and voter-registration records","Three primary register entries verified and almost certainly concern the same claimant; normalized name Cato is probable, repeated archival form Cator; family and Avalon relationship unresolved","FamilySearch image 218, https://www.familysearch.org/ark:/61903/3:1:3QS7-89LD-YTV?view=fullText; image 275, https://www.familysearch.org/ark:/61903/3:1:3QS7-89LD-Y7Y?view=fullText; image 279, https://www.familysearch.org/ark:/61903/3:1:3QS7-89LD-Y7X?view=fullText; NARA Image Group Number 007636377",Strong Black Jones veteran lead. Use Cato as the research name and preserve Cator as the repeated archival spelling. Do not attach him to Avalon or the Ancestry tree without kinship evidence.
John Lewis Jones,,Unresolved,"July 1, 1871","Huntsville, Madison County, Alabama",Freedmen’s Bureau application list for commutation of rations; surrounding entries concern U.S. Colored Infantry veterans,Original commutation-of-rations application; payment report; compiled military service record; pension file; 1870 and 1880 censuses; voter registration; Freedmen’s Bank; marriage and death records,"Primary register entry verified; exact unit, identity, family, and Avalon relationship unresolved","FamilySearch image 323 of 1107, NARA Image Group Number 007636377. https://www.familysearch.org/ark:/61903/3:1:3QS7-89LD-YQN?view=fullText",Keep separate from other John Jones identities. The ditto marks beside his name require consultation of the original application or adjacent register context before assigning a unit.
Monroe Threatt,Munroe Threatt in automated transcription,Jones Cross Roads geographic association; ownership unknown,"Claim filed in 1867; April 2–28, 1870 inquiry","Jones Cross Roads, Limestone County, Alabama; claim handled through Courtland and Huntsville","Freedmen’s Bureau inquiry and supporting letter concerning a missing bounty-claim certificate; Threatt said Mr. Baker retained his discharge without a receipt; late Company C, 16th U.S.C.T.","Bounty claim and certificate; compiled military service record; 1870 census near Jones Cross Roads; identity and records of Mr. Baker; Limestone deeds, tax maps, voter registration, churches, cemeteries, and road records",Paired primary claim documents verified; location and missing-discharge account verified; relationship to any Jones family or plantation unresolved,"FamilySearch image 429, https://www.familysearch.org/ark:/61903/3:1:3QS7-89LD-Y3X?view=fullText; image 430, https://www.familysearch.org/ark:/61903/3:1:3QS7-89LD-Y2W?view=fullText; NARA Image Group Number 007636377","Use as a geographic-network and archival-loss lead. Jones Cross Roads may reflect a landowner, local family, or road name; it does not itself prove that Threatt was enslaved by or related to a Jones family."
Leroy Jones,,Unresolved,"April 25, 1868 claim-receipt card",Federal claim receipt; residence not stated,"Freedmen’s Bureau acknowledgment of claim papers; the original image supports Company F, 44th U.S.C.T. (correcting an earlier Company I reading)","Underlying claim packet; compiled military service record for Leroy Jones, Company F, 44th U.S.C.T.; pension index; 1870 and 1880 censuses; voter registration; Freedmen’s Bank; marriage and death records","Primary receipt card verified; Company F reading supported by direct reinspection; residence, family, and Avalon relationship unresolved","FamilySearch image 73 of 1153, NARA Image Group Number 007636378. https://www.familysearch.org/ark:/61903/3:1:3QS7-L9LD-YQXF?view=fullText",Keep separate from all other Leroy or Jones identities until the service and claim files confirm the unit and residence.
Fayette Jones,,Unresolved,"May 14, 1868 claim-receipt card",Federal claim receipt; residence not stated,"Freedmen’s Bureau acknowledgment of papers in his case; Company G, 17th U.S.C.T. appears on the card",Underlying claim packet; compiled military service record; pension index; 1870 and 1880 censuses; voter registration; Freedmen’s Bank; marriage and death records,"Primary receipt card verified; unit appears legible; residence, family, and Avalon relationship unresolved","FamilySearch image 105 of 1153, NARA Image Group Number 007636378. https://www.familysearch.org/ark:/61903/3:1:3QS7-L9LD-YQX9?view=fullText","The same card also names Presley Huston, apparently of the same unit. Shared card placement or unit does not prove kinship."
Eliza Floyd,,Formerly enslaved by Dr. Floyd; possible extended connection through Alexander S. Perkins’s Floyd in-laws,"post-emancipation Freedmen’s Bureau list, ca. 1865–1878; age about 30","Lynchburg district, Virginia",Freedmen’s Bureau list of destitute freedpeople,"Full Bureau register page, 1870 census, marriage/death records, and Floyd estate records",Name and former enslaver supported by source; connection to Avalon/Alabama remains provisional,"U.S., Freedmen’s Bureau Records, 1865–1878, image 007677174_00520. <https://www.ancestry.com/imageviewer/collections/62309/images/007677174_00520>",Do not infer that Eliza migrated to Alabama or was enslaved by Alexander S. Perkins without additional evidence.
Martha Floyd,,Formerly enslaved by Dr. Floyd; possible extended connection through Alexander S. Perkins’s Floyd in-laws,"post-emancipation Freedmen’s Bureau list, ca. 1865–1878; age about 34","Lynchburg district, Virginia",Freedmen’s Bureau list of destitute freedpeople,"Full Bureau register page, 1870 census, marriage/death records, and Floyd estate records",Name and former enslaver supported by source; connection to Avalon/Alabama remains provisional,"U.S., Freedmen’s Bureau Records, 1865–1878, image 007677174_00520. <https://www.ancestry.com/imageviewer/collections/62309/images/007677174_00520>",Do not infer that Martha migrated to Alabama or was enslaved by Alexander S. Perkins without additional evidence.
Letty Jones,,Formerly enslaved by William Jones; possible extended Virginia Jones-network lead,"post-emancipation Freedmen’s Bureau list, ca. 1865–1878; age about 38","Lynchburg district, Virginia",Freedmen’s Bureau list of destitute freedpeople,"Full Bureau register page, 1870 census, marriage/death records, and identification of William Jones",Name and former enslaver supported by source; no proven Avalon connection,"U.S., Freedmen’s Bureau Records, 1865–1878, image 007677174_00520. <https://www.ancestry.com/imageviewer/collections/62309/images/007677174_00520>",Preserve as a separate Virginia lead; do not merge with Alabama Jones families on surname alone.
Samuel Perkins,,Black Perkins household near the postwar Alexander S. Perkins estate network; relationship unproven,1870; age about 35,"Limestone County, Alabama",1870 United States Federal Census,"1860 slave schedule, Freedmen’s Bureau labor contracts, marriage records, probate vouchers, and neighboring land records",Verified census household; former enslaver or kinship connection unverified,"1870 U.S. Federal Census, Limestone County, Alabama, image 4257601_00049. <https://www.ancestry.com/imageviewer/collections/7163/images/4257601_00049>","Household includes Harriet and children. Shared surname and county are research leads, not proof of enslavement by the Perkins family."
Reuben Jones (younger depositor),Reuben Jones Jr. (provisional),Son of Reuben and Eliza Jones; husband of Mollie; possible member of the documented Madison County Black Jones network,December 1872; about age 18,"Huntsville, Madison County, Alabama","Freedman’s Savings and Trust Company signature register, image ALM816_1-0186","Full register transcription, marriage record with Mollie Richardson, 1870/1880 census, and father Reuben’s probate/property records",Family relationships supported by the bank entry; Jr./Sr. labels and connection to the Avalon enslaved community remain provisional,"Freedman’s Savings and Trust Company, Huntsville branch, NARA M816, image ALM816_1-0186. <https://www.ancestry.com/imageviewer/collections/8755/images/ALM816_1-0186>","Entry also appears to name mother Eliza and siblings Edistina, Samuel, Elizabeth, Mary, and Sonnia; verify spellings before creating separate person rows."
Mollie Jones,Mollie Richardson,"Wife of Reuben Jones, younger depositor",named December 1872,"Huntsville, Madison County, Alabama",Freedman’s Savings and Trust Company signature register and Madison County marriage record,"Marriage license, 1870/1880 census, death record, and descendants",Supported as Reuben’s wife; surname Richardson supported by the separate 1872 marriage record,"Freedman’s Savings and Trust Company, Huntsville branch, NARA M816, image ALM816_1-0186. <https://www.ancestry.com/imageviewer/collections/8755/images/ALM816_1-0186>",Keep distinct from other Mollie/Mary Jones entries.
Albert Jones,,“Alex. Jones” (former enslaver field in the 1865 register; identity not yet proven),1865; age 50,"East Side Church area, Huntsville, Madison County, Alabama",1865 Huntsville Colored Census / Freedmen’s Bureau field-office register transcription,"Original NARA M1900 roll 19 image; 1867 voter registration; 1870 census; Freedmen’s Bureau labor, marriage, and complaint records; probate and tax records for candidate Alex Joneses",Primary-source transcription verified; Avalon/Alexander P. Jones identification provisional,"Records of Field Offices for the State of Alabama, Bureau of Refugees, Freedmen, and Abandoned Lands, 1865–1872, NARA M1900, roll 19; Free_Blacks-Appendix_II.pdf",Source records former occupation “farming” and present occupation “blacksmith.” Preserve the abbreviation “Alex. Jones” until the individual is identified.
Penny,Penny Enslaved,Alexander P. Jones (asserted only in an Ancestry user tree),Before/around 1830,Alabama (asserted),Ancestry user-created family tree profile for Polly Jones,"Alexander P. Jones probate and estate files; 1830–1860 slave schedules; deeds of gift or sale; plantation account books; church records; Polly’s marriage, death, census, and descendant records",Unverified genealogy lead,"Ancestry, “Polly Jones,” user tree profile, https://www.ancestry.com/family-tree/person/tree/210795668/person/302764462421/story",The tree labels Polly’s mother “Penny Enslaved” but supplies no primary citation in the captured profile. Do not treat the claimed relationship as proven.
Polly Jones,,Alexander P. Jones and Penny (asserted only in an Ancestry user tree),"Born February 1830; claimed death September 20, 1893","Alabama; later Powhatan County, Virginia (asserted)",Ancestry user-created family tree profile,"Primary birth/parentage evidence; 1850 and 1860 slave schedules linked through enslaver records; post-emancipation census, marriage, death, probate, and church records; records for spouses John Jones and Arthur Lowery; descendant DNA documentary correlation",Possible enslaved-person lead; unverified,"Ancestry, “Polly Jones,” user tree profile, https://www.ancestry.com/family-tree/person/tree/210795668/person/302764462421/story",The profile calls Polly a daughter of “Penny Enslaved” and Alexander P. Jones but does not cite a primary record in the captured pages. Her enslaved status and Avalon connection require proof.
Anthony,,Lewellen Jones and daughter Frances Ann Maria Jones (later Perkins); Jones–Perkins plantation network,1805,Virginia; later connection to the Alabama Jones–Perkins network,Researcher notes in 3.docx list this person in a purported 1805 deed of gift from Lewellen Jones to Frances Ann Maria Jones.,"Original Virginia deed of gift; county deed book and page; migration, probate, and Alabama estate records.",Unverified source lead; name and spelling require comparison with the original deed.,"Avalon folder 6:6:26, 3.docx, synthesized named-person table for the 1805 deed.","Do not merge with same-name people absent age, kinship, or record continuity."
Ben,,Lewellen Jones and daughter Frances Ann Maria Jones (later Perkins); Jones–Perkins plantation network,1805,Virginia; later connection to the Alabama Jones–Perkins network,Researcher notes in 3.docx list this person in a purported 1805 deed of gift from Lewellen Jones to Frances Ann Maria Jones.,"Original Virginia deed of gift; county deed book and page; migration, probate, and Alabama estate records.",Unverified source lead; name and spelling require comparison with the original deed.,"Avalon folder 6:6:26, 3.docx, synthesized named-person table for the 1805 deed.","Do not merge with same-name people absent age, kinship, or record continuity."
Big Will,Will,Lewellen Jones and daughter Frances Ann Maria Jones (later Perkins); Jones–Perkins plantation network,1805,Virginia; later connection to the Alabama Jones–Perkins network,Researcher notes in 3.docx list this person in a purported 1805 deed of gift from Lewellen Jones to Frances Ann Maria Jones.,"Original Virginia deed of gift; county deed book and page; migration, probate, and Alabama estate records.",Unverified source lead; name and spelling require comparison with the original deed.,"Avalon folder 6:6:26, 3.docx, synthesized named-person table for the 1805 deed.","Do not merge with same-name people absent age, kinship, or record continuity."
Sarah,identified in notes as Big Will’s wife,Lewellen Jones and daughter Frances Ann Maria Jones (later Perkins); Jones–Perkins plantation network,1805,Virginia; later connection to the Alabama Jones–Perkins network,Researcher notes in 3.docx list this person in a purported 1805 deed of gift from Lewellen Jones to Frances Ann Maria Jones.,"Original Virginia deed of gift; county deed book and page; migration, probate, and Alabama estate records.",Unverified source lead; name and spelling require comparison with the original deed.,"Avalon folder 6:6:26, 3.docx, synthesized named-person table for the 1805 deed.","Do not merge with same-name people absent age, kinship, or record continuity."
Delphia,,Lewellen Jones and daughter Frances Ann Maria Jones (later Perkins); Jones–Perkins plantation network,1805,Virginia; later connection to the Alabama Jones–Perkins network,Researcher notes in 3.docx list this person in a purported 1805 deed of gift from Lewellen Jones to Frances Ann Maria Jones.,"Original Virginia deed of gift; county deed book and page; migration, probate, and Alabama estate records.",Unverified source lead; name and spelling require comparison with the original deed.,"Avalon folder 6:6:26, 3.docx, synthesized named-person table for the 1805 deed.","Do not merge with same-name people absent age, kinship, or record continuity."
Edeline,,Lewellen Jones and daughter Frances Ann Maria Jones (later Perkins); Jones–Perkins plantation network,1805,Virginia; later connection to the Alabama Jones–Perkins network,Researcher notes in 3.docx list this person in a purported 1805 deed of gift from Lewellen Jones to Frances Ann Maria Jones.,"Original Virginia deed of gift; county deed book and page; migration, probate, and Alabama estate records.",Unverified source lead; name and spelling require comparison with the original deed.,"Avalon folder 6:6:26, 3.docx, synthesized named-person table for the 1805 deed.","Do not merge with same-name people absent age, kinship, or record continuity."
Judith,,Lewellen Jones and daughter Frances Ann Maria Jones (later Perkins); Jones–Perkins plantation network,1805,Virginia; later connection to the Alabama Jones–Perkins network,Researcher notes in 3.docx list this person in a purported 1805 deed of gift from Lewellen Jones to Frances Ann Maria Jones.,"Original Virginia deed of gift; county deed book and page; migration, probate, and Alabama estate records.",Unverified source lead; name and spelling require comparison with the original deed.,"Avalon folder 6:6:26, 3.docx, synthesized named-person table for the 1805 deed.","Do not merge with same-name people absent age, kinship, or record continuity."
Macon,,Lewellen Jones and daughter Frances Ann Maria Jones (later Perkins); Jones–Perkins plantation network,1805,Virginia; later connection to the Alabama Jones–Perkins network,Researcher notes in 3.docx list this person in a purported 1805 deed of gift from Lewellen Jones to Frances Ann Maria Jones.,"Original Virginia deed of gift; county deed book and page; migration, probate, and Alabama estate records.",Unverified source lead; name and spelling require comparison with the original deed.,"Avalon folder 6:6:26, 3.docx, synthesized named-person table for the 1805 deed.","Do not merge with same-name people absent age, kinship, or record continuity."
Mary Ann,,Lewellen Jones and daughter Frances Ann Maria Jones (later Perkins); Jones–Perkins plantation network,1805,Virginia; later connection to the Alabama Jones–Perkins network,Researcher notes in 3.docx list this person in a purported 1805 deed of gift from Lewellen Jones to Frances Ann Maria Jones.,"Original Virginia deed of gift; county deed book and page; migration, probate, and Alabama estate records.",Unverified source lead; name and spelling require comparison with the original deed.,"Avalon folder 6:6:26, 3.docx, synthesized named-person table for the 1805 deed.","Do not merge with same-name people absent age, kinship, or record continuity."
Meriah,possibly Mariah; verify original spelling,Lewellen Jones and daughter Frances Ann Maria Jones (later Perkins); Jones–Perkins plantation network,1805,Virginia; later connection to the Alabama Jones–Perkins network,Researcher notes in 3.docx list this person in a purported 1805 deed of gift from Lewellen Jones to Frances Ann Maria Jones.,"Original Virginia deed of gift; county deed book and page; migration, probate, and Alabama estate records.",Unverified source lead; name and spelling require comparison with the original deed.,"Avalon folder 6:6:26, 3.docx, synthesized named-person table for the 1805 deed.","Do not merge with same-name people absent age, kinship, or record continuity."
Phileday,spelling uncertain until original deed is checked,Lewellen Jones and daughter Frances Ann Maria Jones (later Perkins); Jones–Perkins plantation network,1805,Virginia; later connection to the Alabama Jones–Perkins network,Researcher notes in 3.docx list this person in a purported 1805 deed of gift from Lewellen Jones to Frances Ann Maria Jones.,"Original Virginia deed of gift; county deed book and page; migration, probate, and Alabama estate records.",Unverified source lead; name and spelling require comparison with the original deed.,"Avalon folder 6:6:26, 3.docx, synthesized named-person table for the 1805 deed.","Do not merge with same-name people absent age, kinship, or record continuity."
Polly,,Lewellen Jones and daughter Frances Ann Maria Jones (later Perkins); Jones–Perkins plantation network,1805,Virginia; later connection to the Alabama Jones–Perkins network,Researcher notes in 3.docx list this person in a purported 1805 deed of gift from Lewellen Jones to Frances Ann Maria Jones.,"Original Virginia deed of gift; county deed book and page; migration, probate, and Alabama estate records.",Unverified source lead; name and spelling require comparison with the original deed.,"Avalon folder 6:6:26, 3.docx, synthesized named-person table for the 1805 deed.","Do not merge with same-name people absent age, kinship, or record continuity."
Davy,,John N. S. Jones; transferred to Maria Louisa Jones Donnell,"January 14, 1841","Limestone County, Alabama; Jones–Donnell plantation network",Researcher transcription identifies this person in a deed of gift transferring nine enslaved people “with all their increase.”,Original deed of gift; deed-book citation; Donnell probate/inventory; 1850 and 1860 slave schedules; 1866 contracts; 1870 census.,Named as enslaved in researcher transcription; original deed image not yet verified.,"Donnell–Jones family manuscripts, Ancestry family-tree media, https://www.ancestry.com/family-tree/person/tree/210795668/person/302764465206/hints; transcription in 3.docx.",Search name variants and family groups; common given names must not be merged without corroboration.
John,,John N. S. Jones; transferred to Maria Louisa Jones Donnell,"January 14, 1841","Limestone County, Alabama; Jones–Donnell plantation network",Researcher transcription identifies this person in a deed of gift transferring nine enslaved people “with all their increase.”,Original deed of gift; deed-book citation; Donnell probate/inventory; 1850 and 1860 slave schedules; 1866 contracts; 1870 census.,Named as enslaved in researcher transcription; original deed image not yet verified.,"Donnell–Jones family manuscripts, Ancestry family-tree media, https://www.ancestry.com/family-tree/person/tree/210795668/person/302764465206/hints; transcription in 3.docx.",Search name variants and family groups; common given names must not be merged without corroboration.
Tom,Tom Cacks,John N. S. Jones; transferred to Maria Louisa Jones Donnell,"January 14, 1841","Limestone County, Alabama; Jones–Donnell plantation network",Researcher transcription identifies this person in a deed of gift transferring nine enslaved people “with all their increase.”,Original deed of gift; deed-book citation; Donnell probate/inventory; 1850 and 1860 slave schedules; 1866 contracts; 1870 census.,Named as enslaved in researcher transcription; original deed image not yet verified.,"Donnell–Jones family manuscripts, Ancestry family-tree media, https://www.ancestry.com/family-tree/person/tree/210795668/person/302764465206/hints; transcription in 3.docx.",Search name variants and family groups; common given names must not be merged without corroboration.
Hannah,,John N. S. Jones; transferred to Maria Louisa Jones Donnell,"January 14, 1841","Limestone County, Alabama; Jones–Donnell plantation network",Researcher transcription identifies this person in a deed of gift transferring nine enslaved people “with all their increase.”,Original deed of gift; deed-book citation; Donnell probate/inventory; 1850 and 1860 slave schedules; 1866 contracts; 1870 census.,Named as enslaved in researcher transcription; original deed image not yet verified.,"Donnell–Jones family manuscripts, Ancestry family-tree media, https://www.ancestry.com/family-tree/person/tree/210795668/person/302764465206/hints; transcription in 3.docx.",Search name variants and family groups; common given names must not be merged without corroboration.
Rachel,,John N. S. Jones; transferred to Maria Louisa Jones Donnell,"January 14, 1841","Limestone County, Alabama; Jones–Donnell plantation network",Researcher transcription identifies this person in a deed of gift transferring nine enslaved people “with all their increase.”,Original deed of gift; deed-book citation; Donnell probate/inventory; 1850 and 1860 slave schedules; 1866 contracts; 1870 census.,Named as enslaved in researcher transcription; original deed image not yet verified.,"Donnell–Jones family manuscripts, Ancestry family-tree media, https://www.ancestry.com/family-tree/person/tree/210795668/person/302764465206/hints; transcription in 3.docx.",Search name variants and family groups; common given names must not be merged without corroboration.
Lucy,,John N. S. Jones; transferred to Maria Louisa Jones Donnell,"January 14, 1841","Limestone County, Alabama; Jones–Donnell plantation network",Researcher transcription identifies this person in a deed of gift transferring nine enslaved people “with all their increase.”,Original deed of gift; deed-book citation; Donnell probate/inventory; 1850 and 1860 slave schedules; 1866 contracts; 1870 census.,Named as enslaved in researcher transcription; original deed image not yet verified.,"Donnell–Jones family manuscripts, Ancestry family-tree media, https://www.ancestry.com/family-tree/person/tree/210795668/person/302764465206/hints; transcription in 3.docx.",Search name variants and family groups; common given names must not be merged without corroboration.
Mary,Mary Gibson,John N. S. Jones; transferred to Maria Louisa Jones Donnell,"January 14, 1841","Limestone County, Alabama; Jones–Donnell plantation network",Researcher transcription identifies this person in a deed of gift transferring nine enslaved people “with all their increase.”,Original deed of gift; deed-book citation; Donnell probate/inventory; 1850 and 1860 slave schedules; 1866 contracts; 1870 census.,Named as enslaved in researcher transcription; original deed image not yet verified.,"Donnell–Jones family manuscripts, Ancestry family-tree media, https://www.ancestry.com/family-tree/person/tree/210795668/person/302764465206/hints; transcription in 3.docx.",Search name variants and family groups; common given names must not be merged without corroboration.
Frances,,John N. S. Jones; transferred to Maria Louisa Jones Donnell,"January 14, 1841","Limestone County, Alabama; Jones–Donnell plantation network",Researcher transcription identifies this person in a deed of gift transferring nine enslaved people “with all their increase.”,Original deed of gift; deed-book citation; Donnell probate/inventory; 1850 and 1860 slave schedules; 1866 contracts; 1870 census.,Named as enslaved in researcher transcription; original deed image not yet verified.,"Donnell–Jones family manuscripts, Ancestry family-tree media, https://www.ancestry.com/family-tree/person/tree/210795668/person/302764465206/hints; transcription in 3.docx.",Search name variants and family groups; common given names must not be merged without corroboration.
Ellen,,John N. S. Jones; transferred to Maria Louisa Jones Donnell,"January 14, 1841","Limestone County, Alabama; Jones–Donnell plantation network",Researcher transcription identifies this person in a deed of gift transferring nine enslaved people “with all their increase.”,Original deed of gift; deed-book citation; Donnell probate/inventory; 1850 and 1860 slave schedules; 1866 contracts; 1870 census.,Named as enslaved in researcher transcription; original deed image not yet verified.,"Donnell–Jones family manuscripts, Ancestry family-tree media, https://www.ancestry.com/family-tree/person/tree/210795668/person/302764465206/hints; transcription in 3.docx.",Search name variants and family groups; common given names must not be merged without corroboration.
Cato,,James Webb Smith Donnell and Maria Louisa Jones Donnell household/plantation,"October 22, 1857","Limestone County, Alabama; Jones–Donnell plantation network",Researcher transcription of a Donnell letter: “tell Cato to dig the sweet potatoes”; the same letter directs that cloth be used “to make the negro jackets.”,"Original October 22, 1857 letter; slave schedules; Donnell estate records; Freedmen’s Bureau labor contracts; 1870 census.",Probable enslaved plantation worker based on letter context; verify original manuscript.,"Donnell–Jones family manuscripts, Ancestry family-tree media, https://www.ancestry.com/family-tree/person/tree/210795668/person/302764465206/hints; transcription in 3.docx.",Do not assume surname. Agricultural assignment is explicit in the transcription.
Cesar,Cesor,James Webb Smith Donnell and Maria Louisa Jones Donnell household/plantation,1857–1862,"Limestone County, Alabama; Jones–Donnell plantation network","Researcher transcriptions name Cesar/Cesor in plantation errands and a December 14, 1862 instruction to wash and work on a carriage with soap and hot water.","Original 1857 and December 14, 1862 letters; slave schedules; Donnell estate; Freedmen’s Bureau labor records; 1870 census.",Probable enslaved skilled worker based on wartime letter context; original manuscripts not yet verified.,"Donnell–Jones family manuscripts, Ancestry family-tree media, https://www.ancestry.com/family-tree/person/tree/210795668/person/302764465206/hints; transcription in 3.docx.",Retain both spellings. Do not merge with unrelated Caesar/Cesar entries.
Marshall Jones,,Alexander P. Jones estate / former plantation places,1866–1867,"Madison County, Alabama",Alexander P. Jones probate-file transcription: rented the East Place for $170 in the January 1866 account. The account also states that the Freedmen’s Bureau transferred livestock to “one of the negroes upon the place.”,Original estate sale and rental accounts; 1867 voter registration; Freedmen’s Bureau records; 1870 census; tax and land records; Southern Claims Commission files.,Verified as a named estate purchaser or renter; Black/freedperson identity is probable from context but prior enslavement by Jones is not proved by this excerpt alone.,"Jacquelyn Proctor Reeves, “Lewellen Jones Estate,” Valley Leaves 44, no. 3 (March 2010), pp. 94–97, transcribing the Alexander P. Jones probate file.","Treat as a network lead, not proof of former ownership. Lucy Jones also appears in the account but was skipped here because a live Lucy Jones row already exists."
Dredd Jones,,Alexander P. Jones estate / former plantation places,1866–1867,"Madison County, Alabama",Alexander P. Jones probate-file transcription: rented the Bradford place for $5 in the January 1866 account. The account also states that the Freedmen’s Bureau transferred livestock to “one of the negroes upon the place.”,Original estate sale and rental accounts; 1867 voter registration; Freedmen’s Bureau records; 1870 census; tax and land records; Southern Claims Commission files.,Verified as a named estate purchaser or renter; Black/freedperson identity is probable from context but prior enslavement by Jones is not proved by this excerpt alone.,"Jacquelyn Proctor Reeves, “Lewellen Jones Estate,” Valley Leaves 44, no. 3 (March 2010), pp. 94–97, transcribing the Alexander P. Jones probate file.","Treat as a network lead, not proof of former ownership. Lucy Jones also appears in the account but was skipped here because a live Lucy Jones row already exists."
Peterson Jones,,Alexander P. Jones estate / former plantation places,1866–1867,"Madison County, Alabama",Alexander P. Jones probate-file transcription: rented the King place for $63 in the January 1866 account. The account also states that the Freedmen’s Bureau transferred livestock to “one of the negroes upon the place.”,Original estate sale and rental accounts; 1867 voter registration; Freedmen’s Bureau records; 1870 census; tax and land records; Southern Claims Commission files.,Verified as a named estate purchaser or renter; Black/freedperson identity is probable from context but prior enslavement by Jones is not proved by this excerpt alone.,"Jacquelyn Proctor Reeves, “Lewellen Jones Estate,” Valley Leaves 44, no. 3 (March 2010), pp. 94–97, transcribing the Alexander P. Jones probate file.","Treat as a network lead, not proof of former ownership. Lucy Jones also appears in the account but was skipped here because a live Lucy Jones row already exists."
George Jones,,Alexander P. Jones estate / former plantation places,1866–1867,"Madison County, Alabama","Alexander P. Jones probate-file transcription: purchased estate items, including a Jersey milk cow for $17.50. The account also states that the Freedmen’s Bureau transferred livestock to “one of the negroes upon the place.”",Original estate sale and rental accounts; 1867 voter registration; Freedmen’s Bureau records; 1870 census; tax and land records; Southern Claims Commission files.,Verified as a named estate purchaser or renter; Black/freedperson identity is probable from context but prior enslavement by Jones is not proved by this excerpt alone.,"Jacquelyn Proctor Reeves, “Lewellen Jones Estate,” Valley Leaves 44, no. 3 (March 2010), pp. 94–97, transcribing the Alexander P. Jones probate file.","Treat as a network lead, not proof of former ownership. Lucy Jones also appears in the account but was skipped here because a live Lucy Jones row already exists."
Big George Jones,,Alexander P. Jones estate / former plantation places,1866–1867,"Madison County, Alabama",Alexander P. Jones probate-file transcription: purchased one-fourth interest in horses for $25. The account also states that the Freedmen’s Bureau transferred livestock to “one of the negroes upon the place.”,Original estate sale and rental accounts; 1867 voter registration; Freedmen’s Bureau records; 1870 census; tax and land records; Southern Claims Commission files.,Verified as a named estate purchaser or renter; Black/freedperson identity is probable from context but prior enslavement by Jones is not proved by this excerpt alone.,"Jacquelyn Proctor Reeves, “Lewellen Jones Estate,” Valley Leaves 44, no. 3 (March 2010), pp. 94–97, transcribing the Alexander P. Jones probate file.","Treat as a network lead, not proof of former ownership. Lucy Jones also appears in the account but was skipped here because a live Lucy Jones row already exists."
Anthony Jones,,Alexander P. Jones estate / former plantation places,1866–1867,"Madison County, Alabama",Alexander P. Jones probate-file transcription: purchased estate items in 1866 and rented the Bradford place for $102 in January 1867. The account also states that the Freedmen’s Bureau transferred livestock to “one of the negroes upon the place.”,Original estate sale and rental accounts; 1867 voter registration; Freedmen’s Bureau records; 1870 census; tax and land records; Southern Claims Commission files.,Verified as a named estate purchaser or renter; Black/freedperson identity is probable from context but prior enslavement by Jones is not proved by this excerpt alone.,"Jacquelyn Proctor Reeves, “Lewellen Jones Estate,” Valley Leaves 44, no. 3 (March 2010), pp. 94–97, transcribing the Alexander P. Jones probate file.","Treat as a network lead, not proof of former ownership. Lucy Jones also appears in the account but was skipped here because a live Lucy Jones row already exists."
Caledonia Jones,,Alexander P. Jones estate / former plantation places,1866–1867,"Madison County, Alabama",Alexander P. Jones probate-file transcription: purchased a buggy body for $2.50. The account also states that the Freedmen’s Bureau transferred livestock to “one of the negroes upon the place.”,Original estate sale and rental accounts; 1867 voter registration; Freedmen’s Bureau records; 1870 census; tax and land records; Southern Claims Commission files.,Verified as a named estate purchaser or renter; Black/freedperson identity is probable from context but prior enslavement by Jones is not proved by this excerpt alone.,"Jacquelyn Proctor Reeves, “Lewellen Jones Estate,” Valley Leaves 44, no. 3 (March 2010), pp. 94–97, transcribing the Alexander P. Jones probate file.","Treat as a network lead, not proof of former ownership. Lucy Jones also appears in the account but was skipped here because a live Lucy Jones row already exists."
Aron Jones,,Alexander P. Jones estate / former plantation places,1866–1867,"Madison County, Alabama",Alexander P. Jones probate-file transcription: rented the Rudy place for $405 in January 1867. The account also states that the Freedmen’s Bureau transferred livestock to “one of the negroes upon the place.”,Original estate sale and rental accounts; 1867 voter registration; Freedmen’s Bureau records; 1870 census; tax and land records; Southern Claims Commission files.,Verified as a named estate purchaser or renter; Black/freedperson identity is probable from context but prior enslavement by Jones is not proved by this excerpt alone.,"Jacquelyn Proctor Reeves, “Lewellen Jones Estate,” Valley Leaves 44, no. 3 (March 2010), pp. 94–97, transcribing the Alexander P. Jones probate file.","Treat as a network lead, not proof of former ownership. Lucy Jones also appears in the account but was skipped here because a live Lucy Jones row already exists."
John Nelson Spotswood Jones / Alexander Pinkney Jones,John N. S. Jones; J.N.S. Jones; Alexander P. Jones; Alex. P. Jones,"Avalon Plantation, Madison County, Alabama",Disputed death dates: 1854 (J.N.S.) / c.1867 (A.P.) per Anderson 1938 & UAH vs. 1863 (J.N.S.) / 1865 (A.P.) per an unnamed private online tree,"Huntsville/Madison County, Alabama","Ancestry.com genealogist contact 'LucyAnderson' stated in a messaging thread that her private tree gives John Nelson Spotswood Jones as 1793-1863 and Alexander Pinkney Jones as 1795-1865, and that she maintains 21 Llewellyn-named individuals in her tree back to birth year 980.",Follow-up message to LucyAnderson requesting her tree's underlying sources/citations for these dates and for any Llewellyn Jones parentage or origin data; GEDCOM export if she is willing to share.,Unverified — private online tree; not yet corroborated by any primary or institutional source in this project,"Ancestry.com messaging thread, https://www.ancestry.com/messaging (contact: 'LucyAnderson')",This is the direct source of the 1793-1863/1795-1865 date variant already flagged as an unresolved conflict in the project dossier (§10); do not adopt these dates without independent confirmation.
Seaborn Jones,,Avalon / Jones-Perkins (unconfirmed),19 Jun 1880,"Madison, Alabama",Southern Claims Commission file (Fold3),Verify identity and determine whether this claimant is the Seaborn Jones tied to Avalon/Jones-Perkins; check SCC claim packet and associated Madison County records.,cautious lead,"https://www.fold3.com/file/763055/seaborn-jones-page-1-us-southern-claims-barred-and-disallowed-1871
SCC files / UAH Seaborn genealogy
https://www.fold3.com/file/273535645/jones-seaborn-page-1-us-southern-claims-approved-alabama-1871-1880",Claim Number 19875; page 1; not enough in this record alone to establish Avalon connection.
William Jones,,Avalon / Jones plantation,Unverified,"Madison County, Alabama",SCC metadata reference,Claim number and Madison County verification,cautious lead,"SCC files metadata
https://www.fold3.com/file/4214940/william-jones-page-1-us-southern-claims-barred-and-disallowed-1871",Identity requires follow-up; do not treat as confirmed Avalon individual without claim-number verification.
Rachael Jones,Rachel Jones,Avalon / Jones plantation,Unverified,"Madison County, Alabama",SCC metadata reference,Claim number and Madison County verification,cautious lead,"SCC files metadata
https://www.fold3.com/file/683508/rachael-jones-page-1-us-southern-claims-barred-and-disallowed-1871",Use only as an identity lead; do not equate with the 1836 bill of sale Rachel unless confirmed.
Cyrus Jones,,Avalon / Jones plantation,Unverified,"Madison County, Alabama",SCC metadata reference,Claim number and Madison County verification,cautious lead,"SCC files metadata
https://www.fold3.com/file/4214886/cyrus-jones-page-1-us-southern-claims-barred-and-disallowed-1871",Potential identity/family follow-up only; verification required before use in Avalon-related rows.
Nancy Jones,"Jones, Nancy",Unresolved,13 Dec 1877,"Madison, Alabama",Southern Claims Commission settled case file (approved claim),Verify whether this Nancy Jones is connected to the Avalon Plantation / Jones-Perkins line; confirm identity using Claim Number 51261 and Madison County records.,unverified,"https://www.fold3.com/file/273535331/jones-nancy-page-1-us-southern-claims-approved-alabama-1871-1880
https://www.fold3.com/file/762867/nancy-jones-page-1-us-southern-claims-barred-and-disallowed-1871",NARA Record Group 217; Publication Number M2062; Claim Number 51261; no direct Avalon link stated in source.
Seaborn Jones Jr.,Seaborn Jones,Avalon Plantation / Jones-Perkins (unconfirmed),28 Jun 1878,"Madison, Alabama",Southern Claims Commission claim file / barred and disallowed page 1,Verify whether this claimant is the same Seaborn Jones connected to Avalon/Jones-Perkins holdings; check claim file and related Madison County records.,Unverified,https://www.fold3.com/file/763186/seaborn-jones-jr-page-1-us-southern-claims-barred-and-disallowed-1871,Claim Number 19876; no direct Avalon connection stated in the text.
"Jones, Seaborn M.","Seaborn M. Jones; Claimant Jones, Seaborn M.",Avalon Plantation / Jones-Perkins family link not established in record,5 Dec 1877,"Madison, Alabama",Southern Claims Commission approved case file,Verify whether this Seaborn M. Jones is connected to Avalon or the Jones/Perkins families tied to Avalon.,Cautious lead; no direct Avalon link established,https://www.fold3.com/file/273535932/jones-seaborn-m-page-1-us-southern-claims-approved-alabama-1871-1880,"Claim Number 48063; NARA record group 217; Madison, Alabama; Southern Claims Commission approved case file."
Bettie F. Perkins,Bettie F Perkins,Avalon / Perkins (identity to be confirmed),1871-04-20,"Madison, Alabama",Southern Claims Commission barred and disallowed file,Full SCC claim file and any corroborating Avalon/A.S. Perkins estate linkage,Cautious lead; identity and Avalon connection unconfirmed,https://www.fold3.com/file/4239716/bettie-f-perkins-page-1-us-southern-claims-barred-and-disallowed-1871,Claim Number 21755; Page 1; Roll 033; Publication M1407. Metadata only; do not treat as established Avalon connection without corroborating evidence.
Lewellyn Jones / Perkins / Avalon correspondence,Lewellen Jones; Llewellyn Jones,Avalon Plantation,20 Oct 1978; indexed reference also lists 1892,"Huntsville, Alabama; San Marcos, Texas","UAH Frances Cabaniss Roberts Collection, Series 4, Subseries A, Box 4, Folder 21, Image 12 (r04a04-21-000-0070) indexes correspondence under Lewellyn Jones, Perkins, and Avalon plantation.","Obtain and transcribe the full Image 12 correspondence and identify the unnamed Perkins person, the 1892 reference, provenance of the Avalon information, and any cited earlier records.",Unverified archival lead; only index metadata reviewed,"Frances Cabaniss Roberts Collection, Series 4, Subseries A, Box 4, Folder 21, Image 12, UAH Archives and Special Collections.","This is a precise direct-Avalon discovery lead, not proof of any claim until the underlying correspondence is reviewed."
Shandy Wesley Jones,Shandy Jones; Shandy W. Jones,Possible son of Llewellyn Jones and Elizabeth (Eliza) Jones Moore; possible Avalon/Jones family connection,born ca. 1816; hint reviewed 31 Jul 2026,"Huntsville/Madison County and Tuscaloosa County, Alabama; later Mobile","Ancestry.com related Lee Family Tree identifies Llewellyn Jones as father and Elizabeth ""Eliza"" Jones Moore as mother.",Direct primary evidence: 1820 emancipation/manumission act; Madison and Tuscaloosa probate and chancery files; deeds and land records; marriage record; wills or estate distributions naming Shandy; Freedmen’s Bank/Bureau records.,UNVERIFIED private-tree hint. Do not add Llewellyn as Shandy’s father or merge family lines without direct primary evidence.,"Ancestry.com related-tree hint, Lee Family Tree, reviewed 2026-07-31; https://www.ancestry.com/family-tree/","Potentially important Avalon kinship lead, but the private-tree assertion conflicts with or may oversimplify existing evidence identifying Shandy’s mother as Elizabeth in the 1820 emancipation record. Preserve as a research lead only."
Avalon plantation naming chronology,Alick Jones Plant.; Jonesboro; Avalon,Alexander P. Jones property / later Avalon tract,"Antebellum era through 1866 and later. Earliest dated usage located so far: a 2005 Huntsville-Madison County Public Library chronology places a February 17, 1866 fire at houses on Russell Hill Pike “known as Avalon.”","Recurring project records use Alick Jones Plant. and Jonesboro. The 1866 fire entry may preserve a contemporary name, but the underlying newspaper or manuscript notice has not yet been retrieved.","Locate the original February 1866 fire notice; search Alexander P. Jones correspondence, estate papers, deeds, tax records, maps, advertisements, account books, Jones-Perkins papers, UAH acquisition files, and historical-marker research for earlier dated uses. Determine whether Jonesboro was a settlement/postal designation and Alick Jones Plantation an operational label.","UNRESOLVED naming/provenance lead. Current evidence supports a terminus by 1866 only through a later compilation. Do not yet claim that Lewellen named the property, that 1866 was the naming year, or that the Welsh/Arthurian association explains the choice.","Pruitt, R. G. (Ed.). (2005). Eden of the South: A Chronology of Huntsville, Alabama, 1805–2005. 1866 entry for February 17. https://huntsvillehistorycollection.org/hhc/docs/pdf/book2/Eden_of_the_South.pdf","Cross-reference main research database rows for From a Kingdom in Wales, the Jones-Donnell finding aid, and the new 1866 Avalon fire entry.","New July 31, 2026 lead: exact chronology wording says houses on the plantation on Russel Hill Pike were “known as Avalon” and had been owned by the late Alexander Jones. This is stronger and earlier than the current public-history pages, but it remains one step removed from the original 1866 source."
Huntsville-Athens annotated land map,c. 1909 or later map; date not verified,Jones-family land and later parcel ownership research,c. 1909 or later,"Huntsville-Madison-Limestone corridor, Alabama","Ancestry family-tree media attached to J. Haywood Jones; map contains bold parcel numbers 2, 12, and 13 and annotations apparently including Henry Peebles, about 840 acres, and Ben Dickerson","Locate original map title, date, repository, legend or parcel key; identify annotated owners; compare parcels with Jones, Donnell, Drake, Garth, UAH, and Black landownership deeds and tax maps",UNVERIFIED CARTOGRAPHIC LEAD,Ancestry tree media; no stable original-source citation captured,"Do not treat handwritten labels or date as established facts. Use as a route into deed chains, tax maps, right-of-way records, condemnation records, and cemetery or grave-displacement evidence. Saved as c1909-Huntsville-Athens-Land-Parcel-Map-Jones-Research.jpg."
Willie Fay Jones,Willie Jones,Athens Pike landholder and claimant; relationship to other Jones claimants and Columbus Jones requires proof,1954–1962,"North margin of Athens Pike, Huntsville, Alabama",Probate Causes 12257 and 14431; Circuit Cause 6147; 1955 affidavit; 1958 deed,"Birth, marriage, census, probate, death, deeds, title abstract, compensation checks, attorney file, and descendants",Documented land claimant and appellant; not identified here as formerly enslaved,"University of Alabama in Huntsville, Athens Pike documents, https://www.uah.edu/newsroom/athens-pike/documents",Add as a Black Jones lineage and land-dispossession lead. The records name Willie Fay Jones and Willie Jones; verify whether these are the same person and preserve both forms.
Lola Mae Jones,Lola Jones,Wife or co-grantor with Willie Jones in the 1958 deed; exact marital and inheritance relationship to be verified,"October 15, 1958","Athens Pike, Huntsville, Alabama",Warranty deed from Willie and Lola Mae Jones to W. L. Sanderson Realty,"Marriage, census, probate, death, deed acknowledgment, handwriting comparison, and heirs",Documented co-grantor; not identified here as formerly enslaved,"University of Alabama in Huntsville, Athens Pike documents, https://www.uah.edu/newsroom/athens-pike/documents",Preserve as a lineage and deed-authenticity lead. Verify the original signature or mark and acknowledgment rather than relying only on the index.
Lloyd Jones,,Jones-family claimant; final decree assigned a 1/8 interest,1955–1964,"Athens Pike, Huntsville, Alabama",Appeal in Probate Cause 12257; Equity Cause 18604 final decree,"Birth, marriage, census, probate, deeds, compensation receipt, and relationship to Willie Jones",Documented claimant; exact kinship unresolved,"University of Alabama in Huntsville, Athens Pike documents, https://www.uah.edu/newsroom/athens-pike/documents",Received or was allocated $646.03 for a 1/8 interest according to the final decree. Verify payment and relationship.
Reva Jones Boyd,Reba Jones Boyd,Jones-family claimant; final decree assigned a 1/8 interest,1955–1964,"Athens Pike, Huntsville, Alabama",Appeal in Probate Cause 12257; Equity Cause 18604 final decree,"Birth, marriage, census, probate, deeds, compensation receipt, and Boyd marriage records",Documented claimant; spelling and exact kinship unresolved,"University of Alabama in Huntsville, Athens Pike documents, https://www.uah.edu/newsroom/athens-pike/documents",The index uses both Reva and Reba. Preserve both until the original records settle the spelling. Allocated $646.03 for a 1/8 interest.
Lillie Mae Crawford,,Jones-network claimant; final decree assigned a 1/8 interest,1956–1964,"Athens Pike, Huntsville, Alabama",Probate compensation order and Equity Cause 18604 final decree,"Birth, marriage, census, probate, deeds, compensation receipt, Crawford marriage records, and relationship to Jones heirs",Documented claimant; exact kinship unresolved,"University of Alabama in Huntsville, Athens Pike documents, https://www.uah.edu/newsroom/athens-pike/documents",Allocated $646.02 for a 1/8 interest. Do not assume relationship from the interest alone; trace the succession stated in Willie Jones’s 1955 affidavit.
Charlie Eldridge,,Claimant in the Athens Pike land succession; final decree assigned a 1/4 interest,1955–1964,"Athens Pike, Huntsville, Alabama",Appeal in Probate Cause 12257; Equity Cause 18604 final decree,"Birth, marriage, census, probate, deeds, compensation receipt, and relationship to Jones heirs",Documented claimant; exact kinship unresolved,"University of Alabama in Huntsville, Athens Pike documents, https://www.uah.edu/newsroom/athens-pike/documents","Allocated $1,292.05 for a 1/4 interest. Include as a plantation-community and inheritance-network lead even though surname is not Jones."
Neal Collier,Neal Collier or unknown heirs,Claimant or succession interest associated with Athens Pike land; final decree assigned a 1/4 interest,1963–1964,"Athens Pike, Huntsville, Alabama",Equity Cause 18604 final decree,"Birth, marriage, census, probate, deeds, publication notice, heirs, and relationship to Jones claimants",Documented interest; identity and heirs unresolved,"University of Alabama in Huntsville, Athens Pike documents, https://www.uah.edu/newsroom/athens-pike/documents","Allocated $1,292.04 for a 1/4 interest to Neal Collier or unknown heirs. High-priority collateral-kinship lead because the court itself left heirs unresolved."
Rachelle Stewart,,Witness to Willie Fay Jones’s mark on the 1955 succession affidavit,"December 21, 1955","Madison County, Alabama",Affidavit of Willie Fay Jones in Probate Cause 12257,"Original affidavit, witness address, census, city directory, kinship and neighborhood records",Documented witness; kinship or community role unresolved,"University of Alabama in Huntsville, Athens Pike documents, https://www.uah.edu/newsroom/athens-pike/documents","Include as a neighborhood, kinship, and document-authentication lead. Her role as witness may help test the mark, execution context, and local network."
Columbus Jones,Columbus Jones,"Elizabeth's household / Jones plantation, Madison Co. AL","c.1820s (era of Elizabeth's manumission); active by Reconstruction (elected to Alabama House, 1868 per prior research)","Madison County, Alabama","Referred to as a documented ""Jones-family figure"" in secondary literature and on the researcher's own poster/lineage chart, alongside Elizabeth's children Evalina, Ann and Shandy.","The 1820 Alabama manumission act names only Elizabeth, Evalina, Ann, and Shandy -- Columbus Jones's relationship to Elizabeth (son? unrelated Jones-plantation figure?) is NOT established in the act itself and needs a primary-source test.",Unverified / Hypothesis under investigation,Poster reviewer flagged this exact issue: draw as a separate box connected by a dashed line labeled 'relationship under investigation' rather than as a confirmed child of Elizabeth.,"Corrections/notes on Avalon-Poster-Annotated-Review.pdf and Avalon-Poster-Improvement-Guide.pdf, reviewed 2026-08-17. UPDATE 2026-09-12: Ancestry.com family tree (unsourced lead) lists Columbus Jones as a son of ""Elizabeth (Enslaved)"" via unions with Llewellen Jones and Turner Moore; a Freedman's Bank Huntsville branch record for Columbus Jones (Oct 2 1867, application #29) independently names brothers Reuben and Turner who died at the same place as their unnamed mother (d. fall of [18]61). This PARTIALLY corroborates, but does not prove, the tree's claimed maternal link. See DB2 row 147 (Elizabeth Enslaved) for detail."
Reuben Jones,Reuben Jones,"Elizabeth's household / Jones plantation, Madison Co. AL",c.1820s (era of Elizabeth's manumission),"Madison County, Alabama",Same as Columbus Jones above -- referred to as a documented Jones-family figure but not named in the 1820 manumission act.,"Same test needed as Columbus Jones: locate a primary source (birth, census, church, or estate record) that either confirms or rules out Reuben Jones as a son of Elizabeth.",Unverified / Hypothesis under investigation,Same poster-review flag as Columbus Jones.,"Same test needed as Columbus Jones: locate a primary source (birth, census, church, or estate record) that either confirms or rules out Reuben Jones as a son of Elizabeth. Same poster-review flag as Columbus Jones. UPDATE 2026-09-12: a Freedman's Bank record for Columbus Jones (Oct 2 1867) names a brother ""Reuben"" who died at the same place as their unnamed mother (d. fall of [18]61) -- consistent with, not proof of, the tree's claim that Reuben and Columbus share the same mother, ""Elizabeth (Enslaved)."" See DB2 row 147."
Patsey,,"Nancy's household / Sanford Berry-Elizabeth Berry-Samuel G. Berry-Elizabeth Jones chain, Franklin Co. TN -> Madison/Jackson Co. AL",b. c.1805 (a child in 1824); fate after 1824 untraced,"Franklin County, Tennessee (origin); later Madison/Jackson Co., Alabama (family relocated)","1824 Sanford Berry deed of gift to daughter Elizabeth Berry: ""a Negro Woman named Nancy aged about nineteen years, and a Negro Child of said Negro woman named Patsey"" -- found within Elizabeth Jones v. Samuel G. Berry case file, FamilySearch IGN 005178550, image 100 of 1234, https://www.familysearch.org/ark:/61903/3:1:33S7-9BQW-7BT?view=fullText (recorded/registered Franklin Co. TN, image 101, https://www.familysearch.org/ark:/61903/3:1:33S7-8BQW-QBB?view=fullText)","Original 1824 TN deed image (already digitized/transcribed here); Franklin Co. TN deed book records; 1843 Madison Co. AL indenture/injunction bond (IGN 005178550, image 137) for cross-check against later family group","Documented (primary source, machine transcription) -- name and relationship to Nancy stated directly in the deed text; needs original-image confirmation given poor OCR quality elsewhere in this file set","FamilySearch, ""Madison, Alabama, United States records,"" Alabama Circuit Court (Madison County), Image Group Number 005178550, images 100-101 of 1234, https://www.familysearch.org/ark:/61903/3:1:33S7-9BQW-7BT?view=fullText","This 1824 TN deed of gift is the ORIGIN document for the Nancy family group later documented in the 1853 Elizabeth Jones v. Samuel G. Berry Madison Co. AL case (DB1 row 480; DB2 rows 402-414). Patsey, as Nancy's child in 1824, would be roughly 34-38 years old by 1843 -- notably older than any child in the 1843 family list (eldest listed there, Mary Ann, is 15). Patsey is NOT among the 1843-era family group (Mary Ann, Jim/Sim, John, Jesse, Sam, William, Cesar, Henderson, Little Nancy, Eliza) already logged in DB2. This suggests Patsey may have been sold, died, or separated from Nancy between 1824 and 1843 -- her fate is an open question, not yet traced in any later record."
Sallie,,"Elizabeth Jones household, Madison/Jackson Co. AL -- hired to/through Samuel G. Berry and John Berry","Referenced in dated notes 1840, 1843, 1845, 1847 (fate/age/full identity not stated)","Madison/Jackson County, Alabama","Four separate promissory notes within the Elizabeth Jones v. Samuel G. Berry case file, each recording payment ""for Sallie"": (1) Elizabeth Jones to John Berry, $146.62, note dated involving 24 July 1840, IGN 005178550 image 209, https://www.familysearch.org/ark:/61903/3:1:33S7-9BQW-7YS?view=fullText; (2) note recid. 18 [Jan] 1843, image 204, https://www.familysearch.org/ark:/61903/3:1:33S7-LBQW-WBB?view=fullText; (3) Elizabeth Jones to Samuel G. Beary, $100, Jan. 1845, image 159, https://www.familysearch.org/ark:/61903/3:1:33S7-8BQW-QRC?view=fullText; (4) Elizabeth Jones to Samuel G. Berry, $354.40, 3 June 1847, image 214, https://www.familysearch.org/ark:/61903/3:1:33S7-8BQW-QK3?view=fullText",Full case-image review to confirm Sallie's status (enslaved hire payments are the most likely reading given the case's subject matter and the recurring annual pattern) and to search for a fuller physical/age description; 1850/1860 Madison Co. AL slave schedules,"Reasonable inference (not yet confirmed as enslaved-hire payments in the text itself, though strongly indicated by context, amount pattern, and case subject matter) -- distinct from the two other DB2 entries named Sally/Sallie (row 266, Freedmen's Bank Huntsville, master Edward Spottswood; row 1036, Thomas Jones household, 1828 freedom action) which are unrelated households","FamilySearch, ""Madison, Alabama, United States records,"" Alabama Circuit Court (Madison County), Image Group Number 005178550, images 159, 204, 209, 214 of 1234","Recurring multi-year payment notes ""for Sallie"" between the same two men (Samuel G./John Berry) and Elizabeth Jones parallel the documented pattern of enslaved-labor hire common in this period and household; if confirmed, this would identify a previously unlogged enslaved woman in the same household as the Nancy family group (DB2 rows 402-414), though not explicitly named among them."
Elizabeth (Enslaved),,"Llewellen Jones, then Turner Moore; Madison Co. AL",b. c.1781 Talladega Co. AL (per tree); d. fall of [18]61 per Freedman's Bank remarks (unnamed mother),"Talladega Co. AL (birth, per tree); Madison Co. AL (death)","Ancestry.com ""Jones Family (Avalon Plantation)"" tree (ID 210795668), explicitly tagged ""Enslaved""; two unions (Llewellen Jones, then Turner Moore) produced Jones-surnamed children incl. Columbus Jones (DB2 row 143) and Reuben Jones (DB2 row 144), both already flagged by the poster reviewer as ""relationship under investigation""",Original vital/estate/probate record naming Elizabeth directly -- tree is an unsourced index only,"Unverified / tree hint only, PARTIALLY corroborated by a primary source: Freedman's Bank Huntsville branch, application #29 (Columbus Jones, Oct 2 1867) records an unnamed mother who ""died in fall of [18]61, same place,"" with brothers Reuben and Turner also dying ""same place""","Ancestry.com Family Tree, ""Jones Family (Avalon Plantation),"" tree 210795668 (lead only); corroborating primary source: Freedman's Bank Register of Signatures, Huntsville AL branch, Roll 01, image ALM816_1-0015, application #29, Columbus Jones, 2 Oct 1867 -- downloaded to Avalon iCloud folder (Ancestry Downloads/Freedmans_Bank_Columbus_Jones_Huntsville_ALM816_1-0015.jpg)","FIRST lead naming a mother for Columbus Jones (row 143) and Reuben Jones (row 144). The Freedman's Bank record independently confirms Columbus had brothers named Reuben and Turner who died at the same place as their mother -- consistent with, not proof of, the tree's claim. Recommend cross-referencing 1861 Madison Co. AL probate/death records for an enslaved woman named Elizabeth in the Jones/Moore household."
Penny (Enslaved),,Alexander P./Perkins Jones household (per tree),Unverified,"Madison Co. AL (per tree, inferred)","Ancestry.com tree -- appears as a spouse in the ""Alexander Perkins/Pickney/Pinkney Jones"" (1795-1865) profile, tagged similarly to Elizabeth (Enslaved)",Original record naming Penny -- tree entry is unsourced,Unverified / tree hint only,"Ancestry.com Family Tree, ""Jones Family (Avalon Plantation),"" tree 210795668","Surfaced alongside an unresolved profile-merge conflict: two tree entries likely represent one man (""Alexander P. Jones"" with father Turner Moore vs. ""Alexander Perkins/Pickney/Pinkney Jones"" with father Llewellen Jones). Flag for manual reconciliation before treating Penny as a distinct household from Elizabeth (Enslaved)."
Turner Jones Jr.,,Llewellen Jones/Turner Moore & Elizabeth (Enslaved); Madison Co. AL,d. c. fall of 1861 per Freedman's Bank remarks (same place as mother),Madison Co. AL,"Ancestry tree (listed as a son of Elizabeth Enslaved); Freedman's Bank Columbus Jones record (see row 147) names a brother ""Turner"" who died at the same place as their mother",Death/probate record naming Turner Jones Jr.,"Unverified / tree hint, partially corroborated by the Freedman's Bank sibling reference in row 147","Same Freedman's Bank citation as row 147 (Columbus Jones application, Oct 2 1867)","Sibling of Columbus (row 143) and Reuben (row 144) Jones. Distinguish carefully from ""Turner Moore,"" the enslaver himself, in all future notes."
Wade Jones,,"Elizabeth (Enslaved)/Turner Moore household, Madison Co. AL",Unverified,Madison Co. AL,"Ancestry.com tree only, listed as a son of Elizabeth (Enslaved)",Original record naming Wade Jones; 1850/1860/1870 census,Unverified / tree hint only,"Ancestry.com Family Tree, ""Jones Family (Avalon Plantation),"" tree 210795668",Not yet cross-checked against the Freedman's Bank remarks column (partly illegible past the Reuben/Turner mention) or census records.
Isabella Jones Scruggs,,"Elizabeth (Enslaved)/Turner Moore household, Madison Co. AL; married name Scruggs",Unverified,Madison Co. AL,"Ancestry.com tree only, listed as a daughter of Elizabeth (Enslaved)",Marriage record (Scruggs); census,Unverified / tree hint only,"Ancestry.com Family Tree, ""Jones Family (Avalon Plantation),"" tree 210795668","Possible overlap with the ""Scruggs"" surname already in DB3 (Henry C. Jones v. Clark/Scruggs, Batch 2, Madison Co. AL chancery) -- worth checking for a family connection."
Queen Ann Jones,,"Elizabeth (Enslaved)/Turner Moore household, Madison Co. AL",Unverified,Madison Co. AL,"Ancestry.com tree only, listed as a daughter of Elizabeth (Enslaved)",Original record naming Queen Ann Jones,Unverified / tree hint only,"Ancestry.com Family Tree, ""Jones Family (Avalon Plantation),"" tree 210795668",Distinctive first name may aid a targeted census or vital-record search.
Elizabeth Jones (daughter),,"Elizabeth (Enslaved)/Turner Moore household, Madison Co. AL",Unverified,Madison Co. AL,"Ancestry.com tree only, listed as a daughter of Elizabeth (Enslaved), sharing her mother's first name",Original record naming this Elizabeth Jones,Unverified / tree hint only,"Ancestry.com Family Tree, ""Jones Family (Avalon Plantation),"" tree 210795668",Shares a first name with her mother (row 147) -- take care not to conflate the two Elizabeths in future notes or DB entries.
Shandy Jones,Shandy Wesley Jones,"Madison County, AL; SCC claim No. 18,680 ($263, barred)",Claim barred; petition date TBD (3-page file),"Madison County, AL","Fold3 file/2224440; Geographical List of Claims, NARA M87, reel 13, image 16, NAID 641678723; barred files are RG 233, NARA M1407","Retrieve the 3-page petition via Huntsville-Madison County Public Library Fold3 access; transcribe age, residence, and occupation; compare against the Jan 1, 1873 Calvin/Willis Jones affidavit",Lead — in progress,https://www.fold3.com/file/2224440,"Do not conflate with Rachael Jones No. 18,679 ($207) or Shandy Jones No. 9,105 (Limestone County)."
William Jones,"John Jones (whipped the same night, Feb 1870)","Madison County, AL (freedmen — inferred from Freedmen’s Bureau context)",February 1870,"Madison County, AL","KKK hearings, vol. 9 — John H. Wager (Freedmen’s Bureau agent, Huntsville) testimony, Huntsville, Oct 14, 1871","Freedmen’s Bureau RG 105 Madison County complaints, Feb–Mar 1870; 1870 census Black Jones households in Madison County",Lead,"U.S. Congress Joint Select Committee, Testimony Taken … (1872), vol. 9","Race inferred Black from the Bureau context, not stated. Kinship to my Huntsville Jones family UNVERIFIED. This is the Klan-victim lead in the federal record closest to my family."
Howell Jones,,"Jackson County, AL",April 1871 (whipping of Wm. Harper),"Jackson County, AL","KKK hearings, vol. 8 — Rev. A. S. Lakin testimony, June 13, 1871, quoting the Huntsville Advocate, May 27, 1871; Gov. Robert B. Lindsay $200 reward proclamation","1870 Jackson County census (age, race, household); Lindsay’s 1871 reward proclamations and any arrest records; Jackson County circuit court minutes, 1871",Lead,"U.S. Congress Joint Select Committee, Testimony Taken … (1872), vol. 8","Alleged Klansman — charged as a disguised night rider. Whether he connects to my family is unknown. Do NOT conflate with Calvin Jones or Charles P. Jones of the Pulaski, Tennessee Klan den (white Tennesseans, a different family entirely)."
Columbus Jones,,"Madison County, AL; Alabama House 1868 (died Jan 1869)","April 27, 1868 (letter)","Huntsville, AL","ADAH Alabama Voices, ADAHvoices23053; Hoksbergen & DeNeefe (2026)",Get the full transcription of the letter and quote it directly; resolve his claimed 3-year Union Army service — no matching USCT service record found yet,Lead,alabamamosaic.org — ADAHvoices23053,"The letter documents Klan terror generally (freedmen ‘taken from their beds at night and carried to the woods and beaten almost to death by Rebels disguised’) as a witness’s report, not Columbus’s own victimization. The Alabama Review article prints the full transcription (pp. 228–229)."
Shandy Jones,Shandy Wesley Jones,None — free man; SCC claimant,"January 1, 1873 (Ancestry claimant-record date; claim number unverified)","Huntsville, Madison County, AL","SCC claim 18,680 case file located on Fold3 (file/2224440, 3-page multi-image file, images paywalled — retrieval in progress separately); Ancestry free Master Index shows a Huntsville claimant record dated January 1, 1873 with witnesses Calvin Jones and Willis Jones","Retrieve and transcribe the 3 Fold3 pages; confirm the claimant is Shandy Wesley Jones and distinguish from the Limestone County Shandy (claim 9,105)",Case file located; Ancestry record-to-claim association unconfirmed,"Fold3 file/2224440; NARA M87 reel 13, image 16; 1892 Consolidated Index of Claims (HathiTrust, scan 136); GenealogyTrails Madison County SCC list; Ancestry dbid 1216 (free account)",Fold3 file/2224422 (5 pages) is a different Shandy Jones claim — do not conflate. The Calvin Jones / Willis Jones witnesses appear only in Ancestry metadata; their relationship to Shandy is unverified.
Columbus Jones,—,Unresolved,1864–1868 (service per his letter; unit TBD),"Madison County, Alabama (Huntsville)","Pension pull — his letter states ‘I was in the Union Army three years’ (ADAH Voices item 23053); died in office, so a widow’s or minor’s dependent filing is the likeliest target","Unit via ADAH Civil War Service Database (free), then T288 pension card for Columbus or widow/minor (NARA RG 15)",Unverified — unit unknown; no pension card yet located,https://alabamamosaic.org/vufind/Record/ADAHvoices23053/Description,Death-year conflict unresolved: ADAH Dec 1868 vs Wikipedia/Foner 1869.
Harriet King (widow of George King),—,Unresolved,"Filed September 20, 1911","Madison County, Alabama","Cluster-research pull — widow’s file for George King, Co. I, 44th USCT, holds 25–40 Madison County witness testimonies; target-surname kin may appear as affiants","Application/certificate numbers, then full file (Fold3 ‘Civil War Widows’ Pensions’ or FamilySearch T288)",Unverified — file not yet pulled,https://reclaimingkin.com/strategy-pension-records/,Claim itself is a King’s; value is in the affiant network.
Dandridge Jones,—,Unresolved,"Civil War era; SCC claim No. 9,104","Limestone County, Alabama",Pension pull — T288 once unit known; re-check the 1883 approved-pensioner roll for Limestone County in the original volume (transcription page did not render),"Unit via service workstream, then T288 card (NARA RG 15)",Unverified — no service record or pension card yet located,Survey 2026-09-20 (kinship-next-paths report),"SCC 9,104 case file not yet obtained; allowed-vs-barred status unknown."
Reuben Jones,—,Unresolved,Civil War era,"Tuscaloosa County / Madison County, Alabama",Pension pull — T288 once unit known; Tuscaloosa/Madison filings; T289 USCT rolls 570–579 if USCT,"Unit via service workstream, then T288 card (NARA RG 15)",Unverified — no service record or pension card yet located,Survey 2026-09-20 (kinship-next-paths report),"Not the ‘Reuben Jones of Tuscaloosa’ in the rejected Revolutionary War pension list — different man, different century."
Calvin Jones,—,Unresolved,"1873 (witness on Shandy Jones’s SCC claim, Madison County)","Madison County, Alabama","Pension pull — batch T288 by surname + county once service workstream supplies units; appeared with Willis Jones as witness Jan 1, 1873","Unit via service workstream, then T288 card (NARA RG 15)",Unverified,Survey 2026-09-20 (kinship-next-paths report),Witness role only so far — kinship to Shandy unproven.
Willis Jones,—,Unresolved,"1873 (witness on Shandy Jones’s SCC claim, Madison County)","Madison County, Alabama","Pension pull — batch T288 by surname + county once service workstream supplies units; appeared with Calvin Jones as witness Jan 1, 1873","Unit via service workstream, then T288 card (NARA RG 15)",Unverified,Survey 2026-09-20 (kinship-next-paths report),"Not the Confederate ‘Willis Jones’ pension entries for Madison County, Tennessee — wrong county, wrong side."
Anthony Jones,—,Unresolved,"Civil War era; SCC claim No. 3,137",Alabama (county TBD),Pension pull — batch T288 by surname + county once service workstream supplies units,"Unit via service workstream, then T288 card (NARA RG 15)",Unverified — no service record or pension card yet located,Survey 2026-09-20 (kinship-next-paths report),Context only.
Cyrus Jones,—,Unresolved,"Civil War era; SCC claim No. 10,247",Alabama (county TBD),Pension pull — batch T288 by surname + county once service workstream supplies units,"Unit via service workstream, then T288 card (NARA RG 15)",Unverified — no service record or pension card yet located,Survey 2026-09-20 (kinship-next-paths report),Not ‘Cyrus Sears’ (49th USCT) — different man.
William Jones,—,Unresolved,"Civil War era; SCC claim No. 18,997",Alabama (county TBD),Pension pull — batch T288 by surname + county once service workstream supplies units,"Unit via service workstream, then T288 card (NARA RG 15)",Unverified — no service record or pension card yet located,Survey 2026-09-20 (kinship-next-paths report),"Not ‘William Jones, Pvt., 5th US Heavy Artillery’ (Vicksburg enlistment, Mississippi birth) — unverifiable lead only, no Alabama linkage. Not ‘William Riley Jones’ (41st Alabama Infantry, CSA, killed Chickamauga 1863)."
Bettie F. Perkins,—,Unresolved,"Civil War era; SCC claim No. 21,755",Alabama (county TBD),Pension pull — husband unidentified; no filing targetable until he is (census/other workstreams),"Husband’s identity first, then his service record, then T288",Unverified — husband unknown,Survey 2026-09-20 (kinship-next-paths report),Sits below the Jones men in the pull queue for this reason.
William R. Jones / Abraham Perkins (Bedford chancery 1858-012),—,Unresolved,"1858 (Bedford County, Virginia)","Bedford County, Virginia",Page-level read priority — only title-level Jones–Perkins case in the 35-case Bedford set: Exrs of William R. Jones vs Admr of Abraham Perkins (extra surname Terry); beyondavalon.app links it to 1855-031 (‘Owens/Perkins v. Jones’) with roles reversed,Full cause read (images held in Avalon Drive); LVA online index Description field for enslaved persons named,Unverified — party identity vs Madison County network unproven; same-name ≠ same person,"LVA Chancery Records Index, Bedford County, case 1858-012; held in Avalon Drive (019_1858_012_*.pdf)",William R. Jones also defendant in 1816-022 — 42 years apart; father/son or same man unproven.
Owens/Perkins v. Jones (Bedford chancery 1855-031),—,Unresolved,"1855 (Bedford County, Virginia)","Bedford County, Virginia",Acquisition gap — cited by beyondavalon.app as companion to 1858-012 (roles reversed) but NOT in the Drive set; download from LVA Chancery Records Index,"Case file from LVA CRI (lva.virginia.gov/chancery/, Bedford, 1855-031)",Unverified — not yet held or read,https://www.virginiamemory.com/collections/chancery/,Highest-priority Bedford acquisition.
